Date,AAPL,EEM,EFA,GLD,JPM,QQQ,SPY,TLT
2012-01-03,12.299734115600586,28.61071014404297,32.8642692565918,155.9199981689453,23.568763732910156,50.20500564575195,98.81163787841797,78.99137878417969
2012-01-04,12.365840911865234,28.44972801208496,32.67049026489258,156.7100067138672,23.71806526184082,50.41676712036133,98.96662902832031,78.0522232055664
2012-01-05,12.503121376037598,28.325336456298828,32.18606185913086,157.77999877929688,24.213457107543945,50.83147048950195,99.23011779785156,77.91331481933594
2012-01-06,12.633828163146973,27.966781616210938,31.746837615966797,157.1999969482422,23.996295928955078,51.00794219970703,98.97440338134766,78.5284194946289
2012-01-09,12.613788604736328,28.259483337402344,31.869558334350586,156.5,23.95557403564453,50.840301513671875,99.21465301513672,78.3895492553711
2012-01-10,12.658951759338379,28.87413215637207,32.35398864746094,158.63999938964844,24.464553833007812,51.21087646484375,100.07488250732422,78.25724792480469
2012-01-11,12.638315200805664,28.89609146118164,32.250648498535156,159.6699981689453,24.878511428833008,51.316768646240234,100.12914276123047,79.27581024169922
2012-01-12,12.603621482849121,29.013168334960938,32.386287689208984,160.3800048828125,25.00745964050293,51.51969909667969,100.369384765625,79.16332244873047
2012-01-13,12.55636215209961,28.749740600585938,32.03749465942383,159.25999450683594,24.376327514648438,51.33440399169922,99.8501205444336,79.95040130615234
2012-01-17,12.702619552612305,29.298534393310547,32.4185791015625,160.5,23.6909236907959,51.80204391479492,100.23761749267578,80.32078552246094
2012-01-18,12.834521293640137,30.03758430480957,32.96115493774414,161.60000610351562,24.79708480834961,52.49027633666992,101.34587860107422,79.34855651855469
2012-01-19,12.793846130371094,30.30101203918457,33.36808395385742,161.22000122070312,25.061744689941406,52.81673812866211,101.88060760498047,78.25724792480469
2012-01-20,12.571016311645508,30.279050827026367,33.54247283935547,162.07000732421875,25.353553771972656,52.737327575683594,102.26033782958984,77.37097930908203
2012-01-23,12.78367805480957,30.571746826171875,33.671661376953125,163.16000366210938,25.557144165039062,52.75497055053711,101.99684143066406,76.88150024414062
2012-01-24,12.574310302734375,30.615657806396484,33.484344482421875,162.00999450683594,25.557144165039062,52.65793228149414,101.88060760498047,77.0204086303711
2012-01-25,13.35943603515625,30.95957374572754,33.83314895629883,166.4199981689453,25.516435623168945,53.31967544555664,102.73312377929688,76.83523559570312
2012-01-26,13.29871654510498,30.835166931152344,33.8460578918457,167.27000427246094,25.4417781829834,53.13438034057617,102.20610809326172,77.85374450683594
2012-01-27,13.377979278564453,30.99616050720215,33.90419387817383,168.97000122070312,25.251768112182617,53.29318618774414,102.15960693359375,78.09852600097656
2012-01-30,13.549365997314453,30.5497989654541,33.50372314453125,168.02999877929688,25.116039276123047,53.337318420410156,101.81087493896484,79.01780700683594
2012-01-31,13.653148651123047,30.813222885131836,33.67811584472656,169.30999755859375,25.312847137451172,53.407901763916016,101.77210235595703,79.93060302734375
2012-02-01,13.6444730758667,31.493732452392578,34.2077751159668,169.55999755859375,25.516435623168945,53.840240478515625,102.66337585449219,79.0149917602539
2012-02-02,13.612466812133789,31.58153533935547,34.27883529663086,171.0500030517578,25.482500076293945,54.00788116455078,102.82610321044922,78.98182678222656
2012-02-03,13.74886417388916,32.108394622802734,34.81493377685547,167.63999938964844,25.977895736694336,54.749053955078125,104.267578125,77.28458404541016
2012-02-06,13.87717056274414,31.8376522064209,34.64699172973633,167.17999267578125,25.882890701293945,54.704917907714844,104.19781494140625,78.05367279052734
2012-02-07,14.022531509399414,31.903501510620117,34.86014938354492,169.6999969482422,25.699657440185547,54.819637298583984,104.46131896972656,77.08572387695312
2012-02-08,14.257317543029785,32.130332946777344,34.982872009277344,168.5,25.99146842956543,55.11079788208008,104.77137756347656,77.1453857421875
2012-02-09,14.750535011291504,32.11569595336914,35.07330322265625,168.02000427246094,25.692874908447266,55.507869720458984,104.90309143066406,76.56855773925781
2012-02-10,14.758007049560547,31.405929565429688,34.40800094604492,167.13999938964844,25.523212432861328,55.119651794433594,104.12811279296875,77.5630874633789
2012-02-13,15.03257942199707,31.918136596679688,34.8020133972168,167.50999450683594,25.99146842956543,55.63139343261719,104.90309143066406,77.66252899169922
2012-02-14,15.23776912689209,31.65471076965332,34.54364013671875,167.1199951171875,25.73358917236328,55.7725715637207,104.77137756347656,78.0735855102539
2012-02-15,14.885128021240234,31.74252700805664,34.58240509033203,168.11000061035156,25.380708694458008,55.384342193603516,104.2830581665039,77.93431091308594
2012-02-16,15.020920753479004,32.08643341064453,35.06039047241211,168.0,25.787874221801758,56.14313888549805,105.43782043457031,77.3111343383789
2012-02-17,15.018228530883789,32.14496994018555,35.21540451049805,167.35000610351562,26.10683822631836,55.9666862487793,105.71685791015625,77.29124450683594
2012-02-21,15.398975372314453,32.013267517089844,35.221866607666016,171.02000427246094,26.100046157836914,56.125511169433594,105.76331329345703,76.43598937988281
2012-02-22,15.344839096069336,32.071807861328125,35.11851501464844,172.94000244140625,25.83538818359375,55.8696174621582,105.42230224609375,77.39727020263672
2012-02-23,15.445029258728027,32.013267517089844,35.40918731689453,173.02000427246094,26.120403289794922,56.24020767211914,105.88734436035156,77.39727020263672
2012-02-24,15.625090599060059,32.33522033691406,35.622337341308594,172.22999572753906,25.977895736694336,56.4343147277832,106.11980438232422,77.90116882324219
2012-02-27,15.725284576416016,32.013267517089844,35.44147491455078,171.6999969482422,26.507219314575195,56.51374053955078,106.29810333251953,78.5906753540039
2012-02-28,16.013916015625,32.459617614746094,35.770896911621094,173.49000549316406,26.609018325805664,57.08726119995117,106.60806274414062,78.33212280273438
2012-02-29,16.22417640686035,32.43767166137695,35.30583190917969,164.2899932861328,26.629392623901367,56.83136749267578,106.18956756591797,77.85484313964844
2012-03-01,16.28489875793457,32.74500274658203,35.706302642822266,166.61000061035156,27.396230697631836,57.281349182128906,106.73980712890625,77.12181091308594
2012-03-02,16.306127548217773,32.66450119018555,35.37688446044922,166.33999633789062,27.57267189025879,57.23724365234375,106.41434478759766,77.84617614746094
2012-03-05,15.946614265441895,32.10107421875,35.18956756591797,165.64999389648438,27.416582107543945,56.64607620239258,105.98033142089844,77.22819519042969
2012-03-06,15.859878540039062,31.02543067932129,34.06568145751953,162.6999969482422,26.683666229248047,56.090187072753906,104.43037414550781,78.16505432128906
2012-03-07,15.8727445602417,31.398603439331055,34.48551940917969,163.6300048828125,27.1112117767334,56.52256393432617,105.1588363647461,77.6866683959961
2012-03-08,16.21072769165039,32.05717086791992,35.22832489013672,165.27999877929688,27.443735122680664,57.13138198852539,106.20508575439453,76.9091796875
2012-03-09,16.30584144592285,32.042537689208984,35.112060546875,166.3800048828125,27.844125747680664,57.36958694458008,106.6158447265625,77.06200408935547
2012-03-12,16.510112762451172,31.691301345825195,35.02162551879883,165.07000732421875,27.5116024017334,57.39606475830078,106.62358856201172,77.04875183105469
2012-03-13,16.99166488647461,32.554744720458984,35.59004211425781,162.3000030517578,29.4456844329834,58.463714599609375,108.54551696777344,75.69313049316406
2012-03-14,17.634117126464844,32.042537689208984,35.27354049682617,159.57000732421875,29.57463264465332,58.6666374206543,108.42931365966797,73.78605651855469
2012-03-15,17.513879776000977,32.29863357543945,35.60941696166992,161.0800018310547,30.334699630737305,58.83428192138672,109.05706024169922,73.89900207519531
2012-03-16,17.51418113708496,32.26205062866211,35.85486602783203,161.3000030517578,30.246458053588867,58.792747497558594,109.20804595947266,74.04521179199219
2012-03-19,17.978673934936523,32.13765335083008,36.04218292236328,161.58999633789062,30.538280487060547,59.20814895629883,109.63618469238281,73.16140747070312
2012-03-20,18.124040603637695,31.58153533935547,35.61587905883789,160.1300048828125,30.796152114868164,59.314208984375,109.3170394897461,73.45379638671875
2012-03-21,18.02054786682129,31.64008140563965,35.38335037231445,160.2100067138672,30.619705200195312,59.32305145263672,109.13799285888672,74.28441619873047
2012-03-22,17.926040649414062,31.15713882446289,35.137901306152344,159.57000732421875,30.300758361816406,59.19932174682617,108.35179901123047,74.52366638183594
2012-03-23,17.827632904052734,31.39129638671875,35.38335037231445,161.52999877929688,30.6468448638916,59.16395950317383,108.70211791992188,75.2280502319336
2012-03-26,18.15454864501953,31.940088272094727,35.83548355102539,164.39999389648438,31.332277297973633,60.19802474975586,110.22773742675781,74.84255981445312
2012-03-27,18.37887191772461,31.771793365478516,35.60941696166992,163.24000549316406,31.14227294921875,60.28640365600586,109.88522338867188,75.38084411621094
2012-03-28,18.47278594970703,31.237625122070312,35.36397171020508,161.50999450683594,31.400136947631836,60.047794342041016,109.34038543701172,75.27450561523438
2012-03-29,18.240690231323242,31.2010440826416,35.137901306152344,161.27999877929688,30.992952346801758,59.817996978759766,109.153564453125,75.83932495117188
2012-03-30,17.932321548461914,31.42787742614746,35.45439147949219,162.1199951171875,31.20333480834961,59.703125,109.60504150390625,74.55686950683594
2012-04-02,18.50299835205078,31.859596252441406,35.8677864074707,162.94000244140625,31.305112838745117,60.32179260253906,110.40679168701172,74.96990966796875
2012-04-03,18.82271957397461,31.67666244506836,35.241241455078125,159.88999938964844,31.025074005126953,60.30411148071289,109.95528411865234,73.67085266113281
2012-04-04,18.672882080078125,31.105913162231445,34.453224182128906,157.2100067138672,30.335159301757812,59.48213577270508,108.8655776977539,74.68346405029297
2012-04-05,18.953136444091797,31.274208068847656,34.246524810791016,158.30999755859375,30.287353515625,59.85334014892578,108.81108856201172,75.22311401367188
2012-04-09,19.029394149780273,30.813222885131836,34.09797668457031,159.3699951171875,29.979969024658203,59.402584075927734,107.58899688720703,76.98192596435547
2012-04-10,18.79640769958496,30.21320915222168,33.36808395385742,161.10000610351562,29.3447208404541,58.44804382324219,105.78315734863281,77.85467529296875
2012-04-11,18.729402542114258,30.542484283447266,33.83314895629883,161.07000732421875,30.06192970275879,58.73088073730469,106.63937377929688,76.92195892333984
2012-04-12,18.6268253326416,31.325443267822266,34.453224182128906,162.6999969482422,30.628890991210938,59.402584075927734,108.03268432617188,76.60218048095703
2012-04-13,18.102209091186523,30.84980583190918,33.79439163208008,160.85000610351562,29.515472412109375,58.5010871887207,106.74837493896484,77.84134674072266
2012-04-16,17.351470947265625,30.696157455444336,34.03983688354492,160.4600067138672,29.59744644165039,57.8470344543457,106.67830657958984,77.72811889648438
2012-04-17,18.23590087890625,31.04737091064453,34.58240509033203,160.25,29.98680877685547,59.02253341674805,108.2583999633789,77.68142700195312
2012-04-18,18.195228576660156,30.901031494140625,34.40154266357422,159.30999755859375,29.570127487182617,58.87228775024414,107.8926010131836,77.9079818725586
2012-04-19,17.570112228393555,30.761999130249023,34.19485855102539,159.42999267578125,29.522310256958008,58.209434509277344,107.1998062133789,77.98123168945312
2012-04-20,17.13762092590332,30.974210739135742,34.52427673339844,159.5399932861328,29.18077850341797,58.05031967163086,107.37881469726562,77.99457550048828
2012-04-23,17.099340438842773,30.381500244140625,33.83314895629883,159.07000732421875,29.26957893371582,57.520015716552734,106.47589111328125,78.56084442138672
2012-04-24,16.757762908935547,30.447355270385742,34.104427337646484,159.3000030517578,29.563289642333984,57.21068572998047,106.88069915771484,78.00788116455078
2012-04-25,18.244873046875,30.725414276123047,34.569488525390625,159.6199951171875,29.481334686279297,58.73088073730469,108.34405517578125,77.60816955566406
2012-04-26,18.176084518432617,30.915664672851562,34.776180267333984,161.02999877929688,29.91849708557129,59.075565338134766,109.09912109375,78.07453918457031
2012-04-27,18.035505294799805,30.95957374572754,34.91828536987305,161.3800048828125,29.60428237915039,59.42911148071289,109.27810668945312,78.14115142822266
2012-04-30,17.46662139892578,30.89371109008789,34.718055725097656,161.8800048828125,29.358383178710938,59.00486755371094,108.87337493896484,78.1611099243164
2012-05-01,17.411291122436523,31.09859275817871,34.86014938354492,161.32000732421875,29.911666870117188,59.10210418701172,109.5505142211914,77.75575256347656
2012-05-02,17.526447296142578,31.04006004333496,34.58885955810547,160.58999633789062,29.50864601135254,59.26998519897461,109.2236328125,78.30337524414062
2012-05-03,17.402027130126953,30.80590057373047,34.2852783203125,158.97000122070312,29.37887191772461,58.64249801635742,108.3907470703125,78.28337097167969
2012-05-04,16.90641212463379,30.264423370361328,33.762088775634766,159.47000122070312,28.51819610595703,57.18415832519531,106.63937377929688,78.89777374267578
2012-05-07,17.03293228149414,30.37417984008789,34.007545471191406,159.0800018310547,28.5386905670166,57.2371826171875,106.71721649169922,78.91106414794922
2012-05-08,16.994050979614258,29.891244888305664,33.484344482421875,156.0,28.265466690063477,57.02507019042969,106.28907012939453,79.33184814453125
2012-05-09,17.023962020874023,29.503433227539062,33.096797943115234,154.47000122070312,27.759990692138672,56.848304748535156,105.65861511230469,79.3852767944336
2012-05-10,17.064044952392578,29.627817153930664,33.25182342529297,154.77000427246094,27.82829475402832,56.7333984375,105.8765869140625,79.15149688720703
2012-05-11,16.950082778930664,29.247316360473633,33.04512023925781,153.55999755859375,25.24628448486328,56.72457504272461,105.55738830566406,79.80599975585938
2012-05-14,16.696157455444336,28.581432342529297,32.4121208190918,151.3300018310547,24.447099685668945,56.19426345825195,104.38981628417969,80.9212646484375
2012-05-15,16.545106887817383,28.332651138305664,32.00519561767578,149.74000549316406,24.754486083984375,56.00865936279297,103.79046630859375,81.24849700927734
2012-05-16,16.33304786682129,27.930194854736328,31.68869972229004,149.4600067138672,24.221681594848633,55.62859344482422,103.39347076416016,81.48225402832031
2012-05-17,15.855693817138672,27.549701690673828,31.3011417388916,152.8000030517578,23.176589965820312,54.453121185302734,101.86003112792969,82.92478942871094
2012-05-18,15.8634672164917,27.286279678344727,31.0750732421875,154.5500030517578,22.87603759765625,53.74604034423828,100.98828125,82.94477844238281
2012-05-21,16.787675857543945,27.937517166137695,31.75975799560547,154.64999389648438,22.206628799438477,55.248558044433594,102.72408294677734,82.77119445800781
2012-05-22,16.65876579284668,27.644824981689453,31.643476486206055,152.0800018310547,23.23123550415039,55.18667984008789,102.90310668945312,81.84957885742188
2012-05-23,17.06524085998535,27.454566955566406,31.385114669799805,151.6199951171875,23.401994705200195,55.29275131225586,102.95759582519531,82.4172134399414
2012-05-24,16.908512115478516,27.3155517578125,31.178424835205078,151.41000366210938,23.20391082763672,54.93038558959961,103.15998840332031,82.10335540771484
2012-05-25,16.817888259887695,27.183834075927734,31.068605422973633,152.67999267578125,22.882871627807617,54.85967254638672,102.82524871826172,82.41057586669922
2012-05-29,17.116390228271484,27.95215606689453,31.462621688842773,151.02000427246094,22.971660614013672,55.55790710449219,104.07067108154297,82.15672302246094
2012-05-30,17.32276725769043,27.469215393066406,30.719818115234375,151.91000366210938,22.514005661010742,55.08946990966797,102.56059265136719,84.24043273925781
2012-05-31,17.279687881469727,27.586286544799805,30.8490047454834,151.6199951171875,22.6437931060791,54.850833892822266,102.33489227294922,85.2154312133789
2012-06-01,16.77900505065918,26.847238540649414,30.067440032958984,157.5,21.810447692871094,53.39250183105469,99.7583999633789,87.23849487304688
2012-06-04,16.87770652770996,26.964309692382812,30.31934928894043,157.32000732421875,21.175188064575195,53.799076080322266,99.71173858642578,86.54918670654297
2012-06-05,16.83403205871582,27.03748893737793,30.538969039916992,157.13999938964844,21.851430892944336,54.020015716552734,100.46673583984375,85.39141845703125
2012-06-06,17.092161178588867,27.8277587890625,31.39157485961914,157.2100067138672,22.589149475097656,55.25741195678711,102.72408294677734,83.68492889404297
2012-06-07,17.09994125366211,27.996055603027344,31.43678855895996,154.5,22.41153907775879,55.03643798828125,102.78633880615234,83.81210327148438
2012-06-08,17.35715675354004,27.754581451416016,31.33344268798828,154.72999572753906,23.005817413330078,55.56673812866211,103.60367584228516,83.7919692993164
2012-06-11,17.0834903717041,27.352127075195312,31.029863357543945,155.36000061035156,22.418380737304688,54.6298713684082,102.28819274902344,84.17346954345703
2012-06-12,17.232736587524414,27.922882080078125,31.546602249145508,156.4600067138672,23.06729507446289,55.29275131225586,103.46353912353516,83.40390014648438
2012-06-13,17.113096237182617,27.8204402923584,31.29468536376953,157.1199951171875,23.4293270111084,54.91270446777344,102.80191040039062,84.22701263427734
2012-06-14,17.094249725341797,28.018009185791016,31.527219772338867,157.75,23.668394088745117,55.115966796875,103.89165496826172,84.11992645263672
2012-06-15,17.172008514404297,28.530221939086914,31.972909927368164,157.83999633789062,23.92796516418457,55.800758361816406,104.95417785644531,84.58837127685547
2012-06-18,17.520463943481445,28.588768005371094,31.882469177246094,157.92999267578125,23.647907257080078,56.32341384887695,105.1575927734375,85.04341125488281
2012-06-19,17.569217681884766,29.04975700378418,32.4121208190918,157.16000366210938,24.167037963867188,56.90808868408203,106.17475891113281,83.93252563476562
2012-06-20,17.51926612854004,28.95462417602539,32.59943771362305,155.97000122070312,24.897920608520508,56.9523811340332,106.00262451171875,84.34748077392578
2012-06-21,17.277894973754883,27.894243240356445,31.746131896972656,152.02000427246094,24.255834579467773,55.535003662109375,103.62407684326172,84.79582977294922
2012-06-22,17.410396575927734,27.98310089111328,32.017127990722656,152.63999938964844,24.58371925354004,56.11967086791992,104.42215728759766,83.66487884521484
2012-06-25,17.07151985168457,27.46476936340332,31.30328369140625,153.75999450683594,24.126054763793945,55.03891372680664,102.74774932861328,84.8828353881836
2012-06-26,17.109209060668945,27.70171546936035,31.5081844329834,152.6199951171875,24.392446517944336,55.38441467285156,103.26412963867188,84.54820251464844
2012-06-27,17.18308448791504,27.879436492919922,31.805618286132812,152.8300018310547,25.12333869934082,55.72101593017578,104.19525909423828,84.68209075927734
2012-06-28,17.02007484436035,27.746145248413086,31.871726989746094,151.0500030517578,24.508575439453125,55.10090255737305,103.8979263305664,84.88951873779297
2012-06-29,17.467226028442383,28.97536277770996,33.02178955078125,155.19000244140625,24.406116485595703,56.83723831176758,106.48774719238281,83.78531646728516
2012-07-02,17.722057342529297,28.97536277770996,33.23991394042969,155.08999633789062,24.78180503845215,57.005531311035156,106.80853271484375,84.6498031616211
2012-07-03,17.92812728881836,29.552934646606445,33.54396057128906,157.4600067138672,24.712926864624023,57.4838981628418,107.51275634765625,83.99932098388672
2012-07-05,18.243085861206055,29.241947174072266,32.98876190185547,155.67999267578125,23.679784774780273,57.51934814453125,107.027587890625,84.42845916748047
2012-07-06,18.12164306640625,28.708784103393555,32.678096771240234,153.7100067138672,23.349170684814453,56.80178451538086,106.01046752929688,85.21315002441406
2012-07-09,18.361225128173828,28.605119705200195,32.60539245605469,154.0399932861328,23.3904972076416,56.69548034667969,105.87747192382812,85.96428680419922
2012-07-10,18.19133758544922,28.28670883178711,32.387264251708984,152.14999389648438,23.590234756469727,56.137386322021484,104.95417785644531,86.138671875
2012-07-11,18.078279495239258,28.434799194335938,32.486419677734375,152.99000549316406,23.824420928955078,55.827335357666016,104.9698486328125,86.24595642089844
2012-07-12,17.91287612915039,27.96088409423828,32.16254425048828,152.58999633789062,23.445600509643555,55.30467224121094,104.46127319335938,86.85627746582031
2012-07-13,18.09442710876465,28.501449584960938,32.61859893798828,154.13999938964844,24.843793869018555,56.146244049072266,106.21389770507812,86.62821960449219
2012-07-16,18.152463912963867,28.434799194335938,32.61199951171875,154.2100067138672,24.168806076049805,55.98678970336914,105.96351623535156,87.03062438964844
2012-07-17,18.15335464477539,28.81245231628418,32.70454025268555,153.47000122070312,24.09992790222168,56.27913284301758,106.69116973876953,86.34660339355469
2012-07-18,18.13300895690918,28.7384033203125,32.96230697631836,153.0500030517578,24.07926368713379,57.040958404541016,107.48137664794922,86.39349365234375
2012-07-19,18.374073028564453,29.004976272583008,33.26634979248047,153.3800048828125,23.73487663269043,57.66993713378906,107.76306915283203,86.17216491699219
2012-07-20,18.07438850402832,28.57549476623535,32.486419677734375,153.6699981689453,23.349170684814453,56.90808868408203,106.7772216796875,87.22513580322266
2012-07-23,18.06032943725586,27.827604293823242,31.81883430480957,153.02999877929688,23.721107482910156,56.21711349487305,105.69751739501953,87.7146987915039
2012-07-24,17.973295211791992,27.70911979675293,31.47513771057129,153.52000427246094,23.92084312438965,55.774192810058594,104.78986358642578,88.405517578125
2012-07-25,17.1971378326416,27.8424072265625,31.64037322998047,155.6699981689453,24.223901748657227,55.402130126953125,104.81336212158203,88.63349151611328
2012-07-26,17.19444465637207,28.471824645996094,32.60539245605469,156.77000427246094,24.664710998535156,56.137386322021484,106.54254913330078,87.82196807861328
2012-07-27,17.501916885375977,29.27155303955078,33.292789459228516,157.5399932861328,25.408580780029297,57.4661979675293,108.50637817382812,86.16545104980469
2012-07-30,17.79712677001953,29.101245880126953,33.25313949584961,157.42999267578125,24.891998291015625,57.42190170288086,108.50637817382812,86.80929565429688
2012-07-31,18.267602920532227,28.96794891357422,33.0482292175293,156.49000549316406,24.79557991027832,57.4041748046875,107.74742126464844,86.98367309570312
2012-08-01,18.149463653564453,29.019786834716797,33.05483627319336,155.13999938964844,24.79557991027832,57.23588180541992,107.6535873413086,86.54886627197266
2012-08-02,18.178781509399414,28.67915153503418,32.59217834472656,154.1300048828125,24.223901748657227,57.0321044921875,106.91027069091797,87.0394515991211
2012-08-03,18.41535758972168,29.567758560180664,33.702579498291016,155.5500030517578,24.857566833496094,58.112876892089844,109.03065490722656,85.6348648071289
2012-08-06,18.620241165161133,29.752872467041016,33.94054412841797,156.3000030517578,25.002212524414062,58.5557861328125,109.24183654785156,85.66846466064453
2012-08-07,18.571184158325195,29.834327697753906,34.224754333496094,156.27999877929688,25.491241455078125,59.04302978515625,109.78956604003906,84.56626892089844
2012-08-08,18.5397891998291,29.89356803894043,34.204925537109375,156.47999572753906,25.59454345703125,59.01646041870117,109.92259216308594,84.11599731445312
2012-08-09,18.645517349243164,30.01944923400879,34.224754333496094,156.99000549316406,25.429243087768555,59.19362258911133,110.01651763916016,84.0554428100586
2012-08-10,18.674652099609375,30.160144805908203,34.28422927856445,157.17999267578125,25.463680267333984,59.22908020019531,110.1964111328125,84.47886657714844
2012-08-13,18.923967361450195,29.89356803894043,34.11901092529297,155.99000549316406,25.477462768554688,59.370811462402344,110.14168548583984,84.33777618408203
2012-08-14,18.974735260009766,29.886150360107422,34.19831085205078,155.1300048828125,25.553213119506836,59.39738845825195,110.15729522705078,83.19527435302734
2012-08-15,18.948898315429688,29.841733932495117,34.09916305541992,155.6300048828125,25.532562255859375,59.5479850769043,110.28247833251953,82.02584075927734
2012-08-16,19.11441421508789,30.11572265625,34.522178649902344,156.55999755859375,25.553213119506836,60.25666427612305,111.09627532958984,81.3268814086914
2012-08-17,19.46795654296875,29.967615127563477,34.56844711303711,156.72000122070312,25.470569610595703,60.52244186401367,111.24481964111328,81.72339630126953
2012-08-20,19.979799270629883,29.952804565429688,34.52880096435547,157.25999450683594,25.73917579650879,60.61102294921875,111.2527084350586,81.89143371582031
2012-08-21,19.706764221191406,29.908370971679688,34.72708511352539,158.8300018310547,26.200653076171875,60.37183380126953,110.916259765625,82.25430297851562
2012-08-22,20.091543197631836,29.923179626464844,34.68743133544922,160.5399932861328,26.05601692199707,60.6198844909668,110.96322631835938,83.61189270019531
2012-08-23,19.90411376953125,29.649208068847656,34.48914337158203,161.88999938964844,25.642757415771484,60.1237907409668,110.05558013916016,83.96138000488281
2012-08-24,19.921831130981445,29.6566104888916,34.43626403808594,161.97000122070312,25.601428985595703,60.49583435058594,110.72066497802734,83.88069915771484
2012-08-27,20.296106338500977,29.353008270263672,34.456092834472656,161.36000061035156,25.642757415771484,60.59328842163086,110.74411010742188,84.3713150024414
2012-08-28,20.269668579101562,29.29376983642578,34.42304229736328,161.63999938964844,25.57388687133789,60.59328842163086,110.63458251953125,84.5729751586914
2012-08-29,20.229724884033203,29.153078079223633,34.31728744506836,160.58999633789062,25.69097328186035,60.59328842163086,110.72066497802734,84.20337677001953
2012-08-30,19.941360473632812,28.81245231628418,33.808345794677734,160.52000427246094,25.415470123291016,59.98204803466797,109.92259216308594,84.64019775390625
2012-08-31,19.98250961303711,29.086435317993164,34.105770111083984,164.22000122070312,25.580768585205078,60.380672454833984,110.44682312011719,85.83645629882812
2012-09-04,20.274778366088867,28.92351722717285,33.93392562866211,164.47999572753906,25.491241455078125,60.31867218017578,110.3450698852539,85.75025177001953
2012-09-05,20.132394790649414,28.775432586669922,33.84138870239258,164.30999755859375,25.560115814208984,60.25666427612305,110.25117492675781,85.34618377685547
2012-09-06,20.313825607299805,29.412261962890625,34.68082809448242,164.88999938964844,26.64836883544922,61.59431838989258,112.48894500732422,83.92504119873047
2012-09-07,20.439098358154297,30.093494415283203,35.20297622680664,168.44000244140625,27.068500518798828,61.5057258605957,112.92708587646484,83.5344467163086
2012-09-10,19.907411575317383,29.708444595336914,34.925376892089844,167.2899932861328,26.696575164794922,60.71731948852539,112.28549194335938,83.73648834228516
2012-09-11,19.84283447265625,30.063879013061523,35.321956634521484,167.89999389648438,27.275129318237305,60.6198844909668,112.59842681884766,83.21112823486328
2012-09-12,20.119186401367188,30.197166442871094,35.55329513549805,167.9199981689453,27.49554443359375,60.797061920166016,112.97401428222656,82.17400360107422
2012-09-13,20.515382766723633,31.011716842651367,36.09529113769531,171.30999755859375,28.514917373657227,61.62090301513672,114.69529724121094,81.85066223144531
2012-09-14,20.764705657958984,31.37453842163086,36.45220184326172,171.8000030517578,28.632009506225586,62.170108795166016,115.20396423339844,79.67526245117188
2012-09-17,21.020023345947266,31.033916473388672,36.26053237915039,170.39999389648438,28.370271682739258,62.19672775268555,114.81275177001953,80.63168334960938
2012-09-18,21.084007263183594,31.048734664916992,36.10850143432617,171.72000122070312,28.418479919433594,62.24986267089844,114.7188491821289,81.03569030761719
2012-09-19,21.089717864990234,31.048734664916992,36.26053237915039,171.74000549316406,28.47358512878418,62.365055084228516,114.78147888183594,81.56784057617188
2012-09-20,20.98758316040039,30.863609313964844,36.02918243408203,171.47000122070312,28.411605834960938,62.30301284790039,114.78921508789062,81.76988220214844
2012-09-21,21.029340744018555,30.937660217285156,36.04901885986328,171.9600067138672,28.156757354736328,62.320762634277344,114.74124145507812,81.86415100097656
2012-09-24,20.749984741210938,30.908037185668945,35.923431396484375,171.0500030517578,28.397825241088867,61.95656204223633,114.56822204589844,82.50395965576172
2012-09-25,20.231826782226562,30.44893455505371,35.672271728515625,170.77000427246094,27.92946434020996,61.08592987060547,113.3489761352539,83.3189468383789
2012-09-26,19.980712890625,30.308231353759766,35.31534194946289,169.80999755859375,27.715953826904297,60.58841323852539,112.71184539794922,84.21468353271484
2012-09-27,20.46552848815918,30.7895565032959,35.73836898803711,172.33999633789062,28.01899528503418,61.42351531982422,113.77373504638672,83.6152572631836
2012-09-28,20.03837776184082,30.60443687438965,35.031124114990234,171.88999938964844,27.881242752075195,60.91712188720703,113.24675750732422,83.66239929199219
2012-10-01,19.806791305541992,30.908037185668945,35.31534194946289,172.2899932861328,28.2187442779541,60.82828903198242,113.54562377929688,83.97285461425781
2012-10-02,19.86446189880371,30.95245933532715,35.45413589477539,172.10000610351562,28.184310913085938,61.005977630615234,113.66361236572266,83.8580551147461
2012-10-03,20.169050216674805,30.74512481689453,35.30873489379883,172.41000366210938,28.350833892822266,61.39686965942383,114.12772369384766,83.8851318359375
2012-10-04,20.02936363220215,31.06353759765625,35.73836898803711,173.61000061035156,29.016939163208008,61.61006164550781,114.94575500488281,82.83901977539062
2012-10-05,19.602527618408203,31.06353759765625,35.78462600708008,172.6199951171875,28.940601348876953,61.28136444091797,114.95368194580078,81.765869140625
2012-10-08,19.16938018798828,30.7895565032959,35.5731201171875,172.0500030517578,28.90591049194336,60.72169494628906,114.56034851074219,82.45429992675781
2012-10-09,19.099693298339844,30.56000328063965,35.05757522583008,170.99000549316406,28.711647033691406,59.75334167480469,113.42768096923828,82.3057861328125
2012-10-10,19.251686096191406,30.37489128112793,34.95841598510742,170.83999633789062,28.982236862182617,59.451271057128906,112.70396423339844,82.88624572753906
2012-10-11,18.86689567565918,30.65627670288086,35.183143615722656,171.32000732421875,29.211206436157227,59.264713287353516,112.76691436767578,83.4599380493164
2012-10-12,18.915266036987305,30.56000328063965,35.143489837646484,170.05999755859375,28.878156661987305,59.238075256347656,112.397216796875,83.66915130615234
2012-10-15,19.06694793701172,30.73772430419922,35.4871940612793,168.35000610351562,29.405487060546875,59.673370361328125,113.33324432373047,83.48017120361328
2012-10-16,19.518423080444336,31.05613136291504,36.07545471191406,169.4199981689453,29.71771812438965,60.517372131347656,114.48165893554688,82.3260726928711
2012-10-17,19.362825393676758,31.300504684448242,36.41254425048828,169.5399932861328,30.057706832885742,60.48180389404297,115.0008316040039,81.56343841552734
2012-10-18,19.003273010253906,31.211639404296875,36.273746490478516,168.7899932861328,29.84262466430664,59.77998352050781,114.70191955566406,81.06402587890625
2012-10-19,18.318395614624023,30.730316162109375,35.78462600708008,166.97000122070312,29.363849639892578,58.34967803955078,112.7905044555664,82.16404724121094
2012-10-22,19.045021057128906,31.026517868041992,36.035797119140625,167.5800018310547,29.204269409179688,58.6517333984375,112.80621337890625,81.6376724243164
2012-10-23,18.42414093017578,30.389694213867188,35.262474060058594,165.42999267578125,28.676939010620117,58.092044830322266,111.24090576171875,82.80525970458984
2012-10-24,18.528364181518555,30.419309616088867,35.28229522705078,164.86000061035156,28.940601348876953,57.887699127197266,110.92623901367188,81.98860168457031
2012-10-25,18.309385299682617,30.752538681030273,35.49380874633789,166.02000427246094,28.912853240966797,57.887699127197266,111.24871826171875,81.5701675415039
2012-10-26,18.142980575561523,30.515567779541016,35.4409294128418,165.92999267578125,28.55898666381836,58.0565071105957,111.18582153320312,82.77153778076172
2012-10-31,17.882246017456055,30.47115135192871,35.414485931396484,166.8300018310547,28.919784545898438,57.70114517211914,111.18582153320312,83.25749969482422
2012-11-01,17.918899536132812,30.967273712158203,35.83088684082031,166.07000732421875,29.72465705871582,58.518455505371094,112.35001373291016,82.57577514648438
2012-11-02,17.325946807861328,30.80436897277832,35.4871940612793,162.60000610351562,29.433237075805664,57.89656448364258,111.35099792480469,82.51505279541016
2012-11-05,17.56084442138672,30.95245933532715,35.40127182006836,163.22999572753906,29.329164505004883,58.278602600097656,111.5791244506836,82.98075103759766
2012-11-06,17.507675170898438,31.19683265686035,35.73836898803711,166.3000030517578,29.752424240112305,58.38520431518555,112.4522705078125,82.19784545898438
2012-11-07,16.83778953552246,30.68587875366211,35.20297622680664,166.49000549316406,28.087158203125,57.008201599121094,109.90365600585938,83.68934631347656
2012-11-08,16.22673797607422,30.300825119018555,34.88571548461914,167.99000549316406,28.03166961669922,56.11090850830078,108.58219146728516,84.93121337890625
2012-11-09,16.50767707824707,30.360069274902344,34.89894104003906,167.82000732421875,28.184307098388672,56.35078811645508,108.67656707763672,85.02571868896484
2012-11-12,16.380029678344727,30.47115135192871,34.87250518798828,167.4499969482422,28.15654754638672,56.341896057128906,108.76309204101562,85.16744995117188
2012-11-13,16.382139205932617,30.197166442871094,34.700653076171875,167.10000610351562,27.781875610351562,55.951011657714844,108.38552856445312,85.45095825195312
2012-11-14,16.200481414794922,29.73065948486328,34.33711624145508,167.13999938964844,27.26148796081543,55.293601989746094,106.92247772216797,85.53190612792969
2012-11-15,15.860715866088867,29.834327697753906,34.449485778808594,166.08999633789062,27.330873489379883,55.10702133178711,106.74154663085938,85.3631820678711
2012-11-16,15.922863960266113,29.923179626464844,34.42964553833008,165.8800048828125,27.428009033203125,55.346900939941406,107.2685546875,85.28898620605469
2012-11-19,17.071033477783203,30.44893455505371,35.17654037475586,167.8699951171875,28.16349220275879,56.66172790527344,109.43958282470703,84.80977630615234
2012-11-20,16.92559814453125,30.389694213867188,35.22942352294922,167.38999938964844,28.239816665649414,56.67949295043945,109.48678588867188,83.9593734741211
2012-11-21,16.949432373046875,30.33045768737793,35.288909912109375,167.55999755859375,28.260639190673828,56.794986724853516,109.6913070678711,83.91207122802734
2012-11-23,17.245159149169922,30.826583862304688,36.04901885986328,169.61000061035156,28.51041603088379,57.65672302246094,111.18582153320312,83.83113098144531
2012-11-26,17.789213180541992,30.826583862304688,35.96308517456055,169.42999267578125,28.36470603942871,57.90547180175781,110.94985961914062,84.22936248779297
2012-11-27,17.645877838134766,30.56740951538086,35.78462600708008,168.7100067138672,28.27451515197754,57.71003341674805,110.3835220336914,84.55998229980469
2012-11-28,17.590354919433594,30.73772430419922,36.04240798950195,166.5500030517578,28.330015182495117,58.207515716552734,111.27234649658203,84.43853759765625
2012-11-29,17.784074783325195,30.959875106811523,36.35306167602539,167.17999267578125,28.600618362426758,58.55399703979492,111.79148864746094,84.4520492553711
2012-11-30,17.660972595214844,30.945064544677734,36.39932632446289,166.0500030517578,28.503477096557617,58.45627975463867,111.81510162353516,84.22257995605469
2012-12-03,17.688425064086914,30.930252075195312,36.44560241699219,166.1300048828125,28.316137313842773,58.34079360961914,111.26451110839844,84.30029296875
2012-12-04,17.37641716003418,31.019107818603516,36.538143157958984,164.4199981689453,28.149606704711914,58.305259704589844,111.10714721679688,84.7872543334961
2012-12-05,16.25812339782715,31.352331161499023,36.591007232666016,164.1199951171875,28.586750030517578,57.65672302246094,111.30384063720703,84.74665832519531
2012-12-06,16.513103485107422,31.589290618896484,36.6637077331543,164.5,28.774076461791992,58.02985763549805,111.6814193725586,84.92927551269531
2012-12-07,16.090946197509766,31.685546875,36.67693328857422,165.16000366210938,29.530378341674805,57.68336868286133,112.01963806152344,84.14484405517578
2012-12-10,15.987442016601562,31.86326789855957,36.71658706665039,165.8000030517578,29.35692024230957,57.852176666259766,112.06683349609375,84.51675415039062
2012-12-11,16.336572647094727,32.026180267333984,36.928096771240234,165.64999389648438,29.585895538330078,58.6072998046875,112.82982635498047,83.87432098388672
2012-12-12,16.264450073242188,32.1224479675293,37.04706573486328,165.77000427246094,29.676090240478516,58.48292922973633,112.8848876953125,82.90055847167969
2012-12-13,15.983526229858398,31.981748580932617,36.9347038269043,164.3699951171875,29.68303108215332,58.02096939086914,112.1926498413086,82.96138763427734
2012-12-14,15.383038520812988,32.1224479675293,37.06690216064453,164.1300048828125,29.703845977783203,57.47018051147461,111.77579498291016,83.58354187011719
2012-12-17,15.655817985534668,32.20389175415039,37.218929290771484,164.44000244140625,30.168725967407227,58.23417663574219,113.08943176269531,82.33248138427734
2012-12-18,16.110563278198242,32.42886734008789,37.606475830078125,162.0800018310547,30.43931770324707,59.12257766723633,114.34794616699219,81.49395751953125
2012-12-19,15.881536483764648,32.41398239135742,37.74011993408203,161.69000244140625,30.203420639038086,58.864925384521484,113.4984359741211,81.7644271850586
2012-12-20,15.743327140808105,32.607662200927734,37.99404525756836,159.72999572753906,30.897268295288086,58.864925384521484,114.15127563476562,81.77796173095703
2012-12-21,15.670907020568848,32.23519515991211,37.76017379760742,160.3300018310547,30.529531478881836,58.245849609375,113.11514282226562,82.67060089111328
2012-12-24,15.69625473022461,32.16813278198242,37.659942626953125,160.6199951171875,30.47401237487793,58.12971878051758,112.7665786743164,82.52184295654297
2012-12-26,15.479900360107422,32.264976501464844,37.65325164794922,160.77999877929688,30.50177574157715,57.62050247192383,112.29129791259766,82.81871032714844
2012-12-27,15.54206657409668,32.44681930541992,37.826988220214844,161.16000366210938,30.272808074951172,57.53117370605469,112.14073181152344,83.09656524658203
2012-12-28,15.37700366973877,32.5660514831543,37.426063537597656,160.5399932861328,30.002197265625,56.9773063659668,110.92872619628906,83.57097625732422
2012-12-31,16.0583553314209,33.05044937133789,37.99404525756836,162.02000427246094,30.50870704650879,58.18333053588867,112.81411743164062,82.12738037109375
2013-01-02,16.56711769104004,33.69877624511719,38.58205795288086,163.1699981689453,31.200349807739258,60.032527923583984,115.70558166503906,81.02943420410156
2013-01-03,16.35799789428711,33.46031188964844,38.20786666870117,161.1999969482422,31.137462615966797,59.7198600769043,115.44410705566406,79.93154907226562
2013-01-04,15.902356147766113,33.52738571166992,38.401641845703125,160.44000244140625,31.68937110900879,59.5233154296875,115.95111846923828,80.24329376220703
2013-01-07,15.808809280395508,33.27399444580078,38.234596252441406,159.42999267578125,31.724334716796875,59.54119110107422,115.63427734375,80.2772216796875
2013-01-08,15.85135269165039,32.975921630859375,38.02077102661133,160.55999755859375,31.787181854248047,59.42504119873047,115.30155181884766,80.80583953857422
2013-01-09,15.603621482849121,33.11750411987305,38.214542388916016,160.49000549316406,31.766223907470703,59.648399353027344,115.59464263916016,80.73126220703125
2013-01-10,15.797043800354004,33.40814971923828,38.70233917236328,161.97999572753906,32.241294860839844,60.005714416503906,116.51361846923828,80.50761413574219
2013-01-11,15.700183868408203,33.13986587524414,38.78251266479492,161.05999755859375,32.234310150146484,60.08613967895508,116.50568389892578,81.22602844238281
2013-01-14,15.140430450439453,33.28145217895508,38.82929611206055,161.5399932861328,32.05266189575195,59.818153381347656,116.42643737792969,81.00236511230469
2013-01-15,14.662757873535156,33.13986587524414,38.769161224365234,162.55999755859375,32.381019592285156,59.5233154296875,116.50568389892578,81.37513732910156
2013-01-16,15.271388053894043,33.11005783081055,38.58205795288086,162.64999389648438,32.709354400634766,59.7645263671875,116.4898452758789,81.54450225830078
2013-01-17,15.16849136352539,33.29636764526367,38.8961181640625,163.35000610351562,32.443885803222656,60.0504035949707,117.24241638183594,80.73126220703125
2013-01-18,15.087624549865723,33.37088394165039,38.856021881103516,163.08999633789062,32.45786666870117,59.91639709472656,117.50382232666016,81.35482788085938
2013-01-22,15.231558799743652,33.3187141418457,38.87606430053711,163.6699981689453,32.51375961303711,60.0146598815918,118.13752746582031,81.51063537597656
2013-01-23,15.510377883911133,33.13986587524414,38.83597946166992,163.2100067138672,32.29717254638672,60.38095474243164,118.32772827148438,81.38864135742188
2013-01-24,13.593948364257812,33.02063751220703,39.0230712890625,161.4199981689453,32.39498519897461,59.55012130737305,118.35935974121094,81.1040267944336
2013-01-25,13.27348518371582,32.908851623535156,39.444034576416016,160.64999389648438,32.94689178466797,59.8538818359375,119.02484130859375,79.99251556396484
2013-01-28,13.57373046875,32.67783737182617,39.2502555847168,160.2899932861328,32.583614349365234,59.987876892089844,118.88223266601562,79.7011489868164
2013-01-29,13.828409194946289,33.042991638183594,39.517539978027344,160.99000549316406,32.918949127197266,59.99680709838867,119.34957885742188,79.26058959960938
2013-01-30,13.784955978393555,32.88648986816406,39.557640075683594,162.19000244140625,32.925941467285156,59.871742248535156,118.88223266601562,79.12505340576172
2013-01-31,13.744522094726562,32.95356369018555,39.4106330871582,161.1999969482422,32.87004470825195,59.73773956298828,118.58907318115234,79.51133728027344
2013-02-01,13.688094139099121,33.169677734375,39.72468566894531,161.4499969482422,33.4289436340332,60.443477630615234,119.80908203125,78.4789810180664
2013-02-04,13.34711742401123,32.730003356933594,39.009708404541016,162.0,33.310184478759766,59.38932418823242,118.46233367919922,79.48416137695312
2013-02-05,13.815435409545898,32.76725769042969,39.190128326416016,161.9600067138672,34.08564376831055,60.26480484008789,119.65851593017578,78.77777099609375
2013-02-06,13.800649642944336,32.730003356933594,39.183448791503906,162.38999938964844,33.959903717041016,60.06825637817383,119.74571990966797,79.42304992675781
2013-02-07,14.210999488830566,32.43935775756836,38.86270523071289,161.83999633789062,33.69439697265625,60.12187576293945,119.58727264404297,79.2464599609375
2013-02-08,14.416165351867676,32.67783737182617,39.109928131103516,161.57000732421875,33.9738655090332,60.738250732421875,120.25265502929688,79.5521469116211
2013-02-11,14.56640625,32.66292953491211,39.069854736328125,159.6999969482422,33.99483871459961,60.75613784790039,120.22887420654297,79.49098205566406
2013-02-12,14.20128059387207,32.752349853515625,39.263633728027344,159.88999938964844,34.330169677734375,60.50600814819336,120.4269790649414,79.29402923583984
2013-02-13,14.174272537231445,32.91630554199219,39.357173919677734,159.0500030517578,34.00880432128906,60.72041320800781,120.52994537353516,78.64875793457031
2013-02-14,14.16152286529541,32.90140914916992,39.14335632324219,158.35000610351562,34.38605499267578,60.702552795410156,120.64086151123047,79.36193084716797
2013-02-15,13.966364860534668,32.78216552734375,39.043128967285156,155.75999450683594,34.14852523803711,60.52388000488281,120.49825286865234,79.13098907470703
2013-02-19,13.96120548248291,32.8492317199707,39.504188537597656,155.3300018310547,34.5467414855957,60.96162796020508,121.40130615234375,78.73704528808594
2013-02-20,13.62309455871582,32.55860137939453,39.11662292480469,151.44000244140625,33.959903717041016,60.02362823486328,119.8883056640625,78.9747314453125
2013-02-21,13.538411140441895,32.11146545410156,38.52861022949219,152.6199951171875,33.70839309692383,59.38039779663086,119.15945434570312,79.43663024902344
2013-02-22,13.68258285522461,32.2530517578125,39.08320617675781,152.97000122070312,34.16947555541992,59.978946685791016,120.32396697998047,79.49098205566406
2013-02-25,13.439469337463379,31.820833206176758,38.14772415161133,154.33999633789062,33.324161529541016,59.23744583129883,118.0345687866211,81.0532455444336
2013-02-26,13.626736640930176,31.999683380126953,38.4550895690918,156.22000122070312,33.25428009033203,59.46076965332031,118.84258270263672,80.58452606201172
2013-02-27,13.493192672729492,32.349937438964844,38.942893981933594,154.57000732421875,34.427978515625,60.06825637817383,120.33979797363281,80.34685516357422
2013-02-28,13.396978378295898,32.20089340209961,38.902793884277344,153.0,34.17645263671875,59.94319534301758,120.1021499633789,80.49626159667969
2013-03-01,13.065237998962402,32.27540969848633,38.82260513305664,152.44000244140625,34.16947555541992,60.193328857421875,120.49825286865234,80.93463897705078
2013-03-04,12.748984336853027,31.969871520996094,38.98965835571289,152.3000030517578,34.30221939086914,60.46133804321289,121.13987731933594,80.50577545166016
2013-03-05,13.085577011108398,32.357383728027344,39.37722396850586,152.3800048828125,34.57468032836914,61.35466766357422,122.22518157958984,80.27433776855469
2013-03-06,12.919254302978516,32.513885498046875,39.477447509765625,153.22999572753906,34.951942443847656,61.20281982421875,122.39156341552734,79.54601287841797
2013-03-07,13.068577766418457,32.60330581665039,39.59104537963867,152.69000244140625,35.37111282348633,61.363624572753906,122.61337280273438,78.93338012695312
2013-03-08,13.103178977966309,32.88648986816406,39.67790985107422,152.7100067138672,35.07069396972656,61.435096740722656,123.1362075805664,78.10974884033203
2013-03-11,13.289839744567871,32.707637786865234,39.79819107055664,152.99000549316406,35.26631546020508,61.61375045776367,123.60357666015625,78.1845932006836
2013-03-12,13.003323554992676,32.33503341674805,39.59772872924805,154.19000244140625,35.12657928466797,61.390384674072266,123.32633209228516,78.74957275390625
2013-03-13,13.000897407531738,32.02948760986328,39.53759002685547,153.66000366210938,35.042755126953125,61.31000900268555,123.50054168701172,78.6678695678711
2013-03-14,13.126853942871094,32.16363525390625,39.925140380859375,153.67999267578125,35.62959289550781,61.51548767089844,124.15814208984375,78.42967224121094
2013-03-15,13.46557331085205,31.87299346923828,40.005332946777344,154.0,34.94495391845703,61.3444709777832,123.99422454833984,78.79724884033203
2013-03-18,13.831609725952148,31.515295028686523,39.56432342529297,155.3800048828125,34.588645935058594,61.21015167236328,123.30987548828125,79.39622497558594
2013-03-19,13.794271469116211,31.291730880737305,39.444034576416016,156.0800018310547,34.3720817565918,61.09375,123.02340698242188,79.9339828491211
2013-03-20,13.721124649047852,31.470577239990234,39.68460464477539,155.3699951171875,34.31620407104492,61.52352523803711,123.88277435302734,79.04230499267578
2013-03-21,13.740859985351562,31.150127410888672,39.323768615722656,156.25,33.778263092041016,60.82509231567383,122.82455444335938,79.80462646484375
2013-03-22,14.019478797912598,31.269367218017578,39.664546966552734,155.5500030517578,34.07864761352539,61.41608810424805,123.8111343383789,79.86592864990234
2013-03-25,14.070165634155273,31.23956298828125,39.17007827758789,155.24000549316406,33.89701843261719,61.19225311279297,123.29396057128906,79.7910385131836
2013-03-26,13.996109962463379,31.686691284179688,39.41730880737305,154.72000122070312,33.9808464050293,61.52352523803711,124.2806396484375,79.88636779785156
2013-03-27,13.721124649047852,31.805931091308594,39.22353744506836,155.36000061035156,33.373046875,61.6041259765625,124.2806396484375,80.56707000732422
2013-03-28,13.435221672058105,31.87299346923828,39.4106330871582,154.4499969482422,33.15647888183594,61.75636291503906,124.66260528564453,80.15860748291016
2013-04-01,13.017892837524414,31.530195236206055,38.88275146484375,154.6699981689453,33.41496276855469,61.33549880981445,124.16924285888672,80.76233673095703
2013-04-02,13.044601440429688,31.54509925842285,39.29703903198242,152.42999267578125,33.72934341430664,61.81901550292969,124.78190612792969,80.43492126464844
2013-04-03,13.11137580871582,31.172500610351562,39.10325622558594,150.72999572753906,32.934967041015625,61.2548942565918,123.51676177978516,81.15798950195312
2013-04-04,12.981775283813477,31.08306312561035,39.45072555541992,150.2899932861328,33.384883880615234,61.2728271484375,124.01812744140625,82.12669372558594
2013-04-05,12.844589233398438,31.00853729248047,39.270301818847656,152.80999755859375,33.680137634277344,60.762428283691406,123.46104431152344,83.78434753417969
2013-04-08,12.935944557189941,31.060701370239258,39.423988342285156,152.16000366210938,34.151153564453125,61.08478927612305,124.2966079711914,83.14311218261719
2013-04-09,12.95931625366211,31.366249084472656,39.56432342529297,153.33999633789062,34.22144317626953,61.49666213989258,124.72624206542969,82.93846893310547
2013-04-10,13.223672866821289,31.664331436157227,40.152339935302734,150.75,34.622135162353516,62.69651412963867,126.25397491455078,81.79924774169922
2013-04-11,13.18239688873291,31.694149017333984,40.46638870239258,151.0500030517578,34.66432571411133,62.6696662902832,126.66776275634766,81.9561767578125
2013-04-12,13.044903755187988,31.209747314453125,40.36615753173828,143.9499969482422,34.453433990478516,62.62489318847656,126.35743713378906,83.17721557617188
2013-04-15,12.742912292480469,30.44961929321289,39.57100296020508,131.30999755859375,33.694210052490234,61.389251708984375,123.42924499511719,83.90032196044922
2013-04-16,12.936857223510742,31.075620651245117,40.132293701171875,132.8000030517578,34.08787536621094,62.20404815673828,125.25135803222656,83.21131896972656
2013-04-17,12.225424766540527,30.583768844604492,39.29703903198242,132.8699951171875,32.89279556274414,60.98631286621094,123.42127990722656,83.763916015625
2013-04-18,11.899150848388672,30.583768844604492,39.176761627197266,134.3000030517578,32.7873420715332,60.144622802734375,122.64942932128906,83.96855163574219
2013-04-19,11.853015899658203,31.03089141845703,39.490814208984375,135.47000122070312,33.202110290527344,60.96839141845703,123.7156753540039,83.79117584228516
2013-04-22,12.10007381439209,31.179946899414062,39.65787124633789,137.89999389648438,33.286460876464844,61.59518814086914,124.26473999023438,83.85258483886719
2013-04-23,12.326496124267578,31.32899284362793,40.219154357910156,136.8800048828125,33.862918853759766,62.18613815307617,125.54579162597656,83.55928039550781
2013-04-24,12.306160926818848,31.515295028686523,40.566619873046875,138.3699951171875,34.24955368041992,62.159278869628906,125.62538146972656,83.77070617675781
2013-04-25,12.394783973693848,31.798473358154297,40.78044891357422,141.6300048828125,34.44639205932617,62.4905891418457,126.13467407226562,83.40918731689453
2013-04-26,12.662480354309082,31.478042602539062,40.81386184692383,140.91000366210938,34.3620491027832,62.29356384277344,125.91185760498047,84.1731948852539
2013-04-29,13.054621696472168,31.805931091308594,41.335052490234375,142.3000030517578,34.390159606933594,62.86666488647461,126.75528717041016,83.86626434326172
2013-04-30,13.438863754272461,32.26051330566406,41.38850784301758,142.77000427246094,34.453433990478516,63.32328796386719,127.05758666992188,83.91400146484375
2013-05-01,13.332939147949219,31.910259246826172,41.141273498535156,141.11000061035156,33.75043869018555,63.02783966064453,125.94366455078125,84.77606201171875
2013-05-02,13.522026062011719,32.16363525390625,41.26823425292969,141.9199981689453,33.79964065551758,63.8247184753418,127.11333465576172,84.66666412353516
2013-05-03,13.657392501831055,32.431915283203125,41.796112060546875,142.08999633789062,33.44111633300781,64.57688903808594,128.4023895263672,82.67045593261719
2013-05-06,13.98305892944336,32.47663116455078,41.74265670776367,142.14999389648438,33.86994934082031,64.82759857177734,128.72860717773438,82.46542358398438
2013-05-07,13.920838356018066,32.707637786865234,41.809478759765625,140.3800048828125,34.54480743408203,64.79179382324219,129.38108825683594,82.14409637451172
2013-05-08,14.078059196472168,32.96100616455078,42.25049591064453,142.4600067138672,34.98065185546875,65.10514068603516,129.9698486328125,82.27401733398438
2013-05-09,13.955240249633789,32.722537994384766,41.842891693115234,140.80999755859375,34.474517822265625,65.015625,129.6039276123047,82.06206512451172
2013-05-10,13.839139938354492,32.469173431396484,41.88966751098633,139.60000610351562,34.418277740478516,65.40960693359375,130.0255889892578,81.18017578125
2013-05-13,13.89321517944336,32.171077728271484,41.8696174621582,138.42999267578125,34.91740036010742,65.49021911621094,130.12908935546875,80.55804443359375
2013-05-14,13.560813903808594,32.320125579833984,41.949798583984375,137.80999755859375,35.31106185913086,65.8304443359375,131.47373962402344,79.68304443359375
2013-05-15,13.102224349975586,32.327579498291016,42.130218505859375,134.6300048828125,35.9156379699707,65.96478271484375,132.1820068359375,80.21626281738281
2013-05-16,13.277292251586914,32.21579360961914,41.842891693115234,134.08999633789062,35.831275939941406,65.89313507080078,131.5613555908203,81.0502700805664
2013-05-17,13.236961364746094,32.357383728027344,42.130218505859375,131.07000732421875,36.766265869140625,66.52888488769531,132.8343963623047,80.02483367919922
2013-05-20,13.532400131225586,32.43935775756836,42.36408233642578,135.1199951171875,36.75922393798828,66.43041229248047,132.82644653320312,79.92912292480469
2013-05-21,13.43249225616455,32.37228775024414,42.450958251953125,132.8800048828125,37.27240753173828,66.50202178955078,133.01747131347656,80.55804443359375
2013-05-22,13.484126091003418,32.014583587646484,42.023311614990234,131.94000244140625,37.70123291015625,65.91996002197266,132.03076171875,79.36176300048828
2013-05-23,13.508260726928711,31.776126861572266,41.42192077636719,134.61000061035156,37.504390716552734,65.76776885986328,131.64881896972656,79.73768615722656
2013-05-24,13.600224494934082,31.50038719177246,41.06109619140625,133.75999450683594,37.722328186035156,65.73197174072266,131.5374298095703,79.84710693359375
2013-05-28,13.486875534057617,31.67178726196289,41.16801452636719,133.49000549316406,38.38313293457031,66.16173553466797,132.32516479492188,77.82356262207031
2013-05-29,13.594115257263184,31.269367218017578,40.77376174926758,134.8300018310547,38.432334899902344,65.84835052490234,131.46583557128906,78.6986083984375
2013-05-30,13.796672821044922,31.269367218017578,40.934139251708984,136.6999969482422,39.10017013549805,66.19759368896484,131.95120239257812,78.50719451904297
2013-05-31,13.740150451660156,30.7030029296875,40.138973236083984,133.9199981689453,38.376102447509766,65.58871459960938,130.0574493408203,78.24059295654297
2013-06-03,13.770401000976562,31.157581329345703,40.29266357421875,136.50999450683594,38.30580520629883,65.7051010131836,130.77359008789062,78.6551742553711
2013-06-04,13.727319717407227,30.77752685546875,40.439666748046875,135.22999572753906,37.98945617675781,65.36485290527344,130.14501953125,77.92878723144531
2013-06-05,13.599000930786133,30.22606086730957,39.53759002685547,135.52000427246094,37.27943420410156,64.51420593261719,128.3228302001953,79.00465393066406
2013-06-06,13.395833969116211,30.47943878173828,39.75810241699219,136.52999877929688,37.609840393066406,64.82759857177734,129.48455810546875,78.95672607421875
2013-06-07,13.498181343078613,30.322938919067383,40.29266357421875,133.27999877929688,38.1511344909668,65.71404266357422,131.1316375732422,77.54505157470703
2013-06-10,13.408967971801758,29.913074493408203,40.33275604248047,133.94000244140625,38.21440505981445,65.74089050292969,131.1316375732422,77.17501068115234
2013-06-11,13.36955738067627,29.34671401977539,39.838287353515625,133.25,37.60280227661133,65.08726501464844,129.77896118164062,78.09327697753906
2013-06-12,13.204268455505371,29.14550018310547,39.791507720947266,134.25,37.38489532470703,64.33509063720703,128.70469665527344,76.97628021240234
2013-06-13,13.319449424743652,29.764034271240234,40.39957809448242,133.74000549316406,38.080833435058594,65.14994812011719,130.6621856689453,78.18234252929688
2013-06-14,13.138890266418457,29.29454231262207,39.958560943603516,134.42999267578125,37.3497428894043,64.72016143798828,129.8426055908203,77.99730682373047
2013-06-17,13.198463439941406,29.56281852722168,40.533206939697266,133.77000427246094,37.855892181396484,65.34693145751953,130.84521484375,77.586181640625
2013-06-18,13.191438674926758,29.689510345458984,40.8205451965332,132.1300048828125,38.03865432739258,65.8841781616211,131.87960815429688,77.62726593017578
2013-06-19,12.923500061035156,28.772890090942383,40.05878829956055,130.58999633789062,37.644996643066406,65.14994812011719,130.0574493408203,76.82549285888672
2013-06-20,12.735296249389648,27.483661651611328,38.58873748779297,123.5999984741211,36.89278793334961,63.60087585449219,126.83482360839844,75.56458282470703
2013-06-21,12.63325309753418,27.87862205505371,38.715702056884766,125.05000305175781,36.52724075317383,63.263145446777344,127.24197387695312,74.28315734863281
2013-06-24,12.298407554626465,27.312257766723633,38.107627868652344,123.93000030517578,35.7961311340332,62.63434600830078,125.6341552734375,74.591552734375
2013-06-25,12.301156997680664,27.89352798461914,38.59541702270508,123.47000122070312,36.611602783203125,63.09251403808594,126.84201049804688,73.9268569946289
2013-06-26,12.16183853149414,28.33321189880371,38.749107360839844,118.27999877929688,36.9068489074707,63.658363342285156,128.0978546142578,74.40653228759766
2013-06-27,12.030769348144531,28.90172004699707,39.139068603515625,115.94000244140625,37.36380386352539,63.92783737182617,128.8497772216797,75.16716766357422
2013-06-28,12.114782333374023,29.06783676147461,39.0640754699707,119.11000061035156,37.1107177734375,64.01768493652344,128.32186889648438,75.68110656738281
2013-07-01,12.50249195098877,29.158432006835938,39.43221664428711,121.12999725341797,36.89982604980469,64.41288757324219,129.07379150390625,75.83363342285156
2013-07-02,12.7857084274292,28.637468338012695,39.234500885009766,120.05000305175781,37.3884162902832,64.43983459472656,128.95379638671875,75.7855224609375
2013-07-03,12.856283187866211,28.37322425842285,39.24814987182617,120.73999786376953,37.3671760559082,64.70030212402344,129.0098114013672,75.55889892578125
2013-07-05,12.753018379211426,28.192026138305664,39.43221664428711,118.08999633789062,38.231075286865234,65.1943588256836,130.40167236328125,72.98324584960938
2013-07-08,12.680608749389648,28.22977066040039,39.67764663696289,119.51000213623047,38.733829498291016,65.25724029541016,131.14553833007812,73.69066619873047
2013-07-09,12.903637886047363,28.59971809387207,39.89580535888672,120.62000274658203,38.868370056152344,65.65247344970703,132.08946228027344,73.7662124633789
2013-07-10,12.854145050048828,28.327922821044922,40.01170349121094,120.94999694824219,38.825897216796875,66.02973937988281,132.13748168945312,73.18927764892578
2013-07-11,13.054567337036133,29.71714210510254,41.0479621887207,124.23999786376953,39.04541015625,67.34113311767578,133.93728637695312,74.04782104492188
2013-07-12,13.030735969543457,29.4000301361084,40.77526092529297,124.12999725341797,38.92503356933594,67.63758850097656,133.9933319091797,73.98601531982422
2013-07-15,13.059149742126465,29.70203971862793,41.02750015258789,124.18000030517578,38.868370056152344,67.79029083251953,134.5052032470703,74.3774642944336
2013-07-16,13.143473625183105,29.822843551635742,41.00023651123047,124.88999938964844,38.95336151123047,67.70044708251953,134.00131225585938,74.63166809082031
2013-07-17,13.146831512451172,30.094640731811523,41.12294387817383,123.31999969482422,39.13746643066406,67.87113189697266,134.34519958496094,74.76893615722656
2013-07-18,13.191134452819824,29.73978614807129,41.39564895629883,124.01000213623047,39.9163703918457,67.70044708251953,135.0811004638672,73.8349380493164
2013-07-19,12.983074188232422,29.656740188598633,41.361572265625,125.11000061035156,39.767677307128906,66.99981689453125,135.3211212158203,75.00249481201172
2013-07-22,13.024624824523926,29.951194763183594,41.59334945678711,128.83999633789062,40.050926208496094,67.19747161865234,135.58509826660156,75.11243438720703
2013-07-23,12.800980567932129,30.275850296020508,41.681983947753906,129.7100067138672,40.12881851196289,66.7033920288086,135.29710388183594,74.79643249511719
2013-07-24,13.458460807800293,29.966291427612305,41.6274528503418,127.4800033569336,40.100486755371094,66.91899871826172,134.80120849609375,73.8486328125
2013-07-25,13.397054672241211,30.139944076538086,41.70925521850586,128.6699981689453,40.00844955444336,67.34113311767578,135.12913513183594,73.8211441040039
2013-07-26,13.47313117980957,30.072004318237305,41.4501953125,128.77999877929688,39.68978500366211,67.70044708251953,135.2731475830078,74.27448272705078
2013-07-29,13.680880546569824,29.694482803344727,41.05477523803711,128.47000122070312,39.434871673583984,67.57472229003906,134.85708618164062,73.73189544677734
2013-07-30,13.849837303161621,29.626541137695312,41.0479621887207,128.1199951171875,39.17994689941406,67.93402099609375,134.85708618164062,73.70438385009766
2013-07-31,13.825697898864746,29.4528865814209,41.14340591430664,127.95999908447266,39.46320724487305,68.05976867675781,134.9531707763672,73.9722900390625
2013-08-01,13.952486991882324,29.988943099975586,41.702430725097656,126.61000061035156,40.03677749633789,68.75145721435547,136.51300048828125,72.54692077636719
2013-08-02,14.131524085998535,29.98139762878418,42.043304443359375,126.36000061035156,40.00136184692383,69.13764953613281,136.74496459960938,73.34563446044922
2013-08-05,14.34263801574707,29.792638778686523,41.954681396484375,125.69999694824219,39.72519302368164,69.18255615234375,136.54495239257812,72.78104400634766
2013-08-06,14.214317321777344,29.415130615234375,41.89332580566406,123.97000122070312,39.29326248168945,68.76937103271484,135.7691192626953,72.99449920654297
2013-08-07,14.206070899963379,29.098026275634766,41.70925521850586,124.1500015258789,39.15870666503906,68.64363098144531,135.3291473388672,73.5384521484375
2013-08-08,14.177780151367188,29.656740188598633,42.08421325683594,126.86000061035156,38.825897216796875,68.98491668701172,135.8250732421875,73.73814392089844
2013-08-09,13.976034164428711,29.71714210510254,42.159210205078125,126.86000061035156,38.606380462646484,68.7065200805664,135.43312072753906,73.85518646240234
2013-08-12,14.373062133789062,29.996496200561523,42.043304443359375,129.1300048828125,38.301883697509766,68.86819458007812,135.2731475830078,73.3525390625
2013-08-13,15.056099891662598,30.177692413330078,42.316017150878906,127.73999786376953,38.443511962890625,69.25442504882812,135.673095703125,72.2922134399414
2013-08-14,15.330739974975586,30.275850296020508,42.33646011352539,129.0,38.34437942504883,68.9939193725586,134.9771270751953,72.40234375
2013-08-15,15.312589645385742,29.928539276123047,41.981956481933594,131.69000244140625,37.735389709472656,67.82624053955078,133.08935546875,71.42459106445312
2013-08-16,15.44852352142334,29.671833038330078,42.056941986083984,132.5800018310547,37.735389709472656,67.79927062988281,132.64938354492188,71.17671203613281
2013-08-19,15.614900588989258,29.113142013549805,41.75697708129883,132.00999450683594,36.70155334472656,67.68248748779297,131.80149841308594,70.55703735351562
2013-08-20,15.409775733947754,29.060283660888672,41.702430725097656,132.4499969482422,36.90690612792969,67.97891235351562,132.449462890625,71.10099792480469
2013-08-21,15.44943904876709,28.38077163696289,41.21158218383789,132.07000732421875,36.5599250793457,67.74539947509766,131.63357543945312,70.3228759765625
2013-08-22,15.467891693115234,28.841331481933594,41.61381149291992,132.80999755859375,36.97062683105469,68.41007995605469,132.8334197998047,71.03892517089844
2013-08-23,15.408234596252441,29.181079864501953,41.975135803222656,134.89999389648438,37.048526763916016,68.86819458007812,133.28134155273438,71.81019592285156
2013-08-26,15.468202590942383,28.86397933959961,41.6683464050293,135.4499969482422,36.6803092956543,68.90409088134766,132.78546142578125,72.1682357788086
2013-08-27,15.025964736938477,28.199569702148438,40.95933532714844,136.75,35.830570220947266,67.49385070800781,130.64964294433594,73.07718658447266
2013-08-28,15.097005844116211,28.25996971130371,40.911617279052734,136.7100067138672,35.81640625,67.75437927246094,131.11361694335938,72.48493194580078
2013-08-29,15.121607780456543,28.48647689819336,40.843441009521484,135.8699951171875,35.901390075683594,68.23042297363281,131.3215789794922,73.0633773803711
2013-08-30,14.983837127685547,28.705432891845703,40.33894348144531,134.6199951171875,35.781005859375,67.79029083251953,130.90557861328125,72.98072052001953
2013-09-03,15.025662422180176,28.886629104614258,41.11613082885742,136.4199981689453,36.205867767333984,68.17652130126953,131.4974822998047,71.95134735107422
2013-09-04,15.336578369140625,29.4000301361084,41.484275817871094,134.66000366210938,36.7298698425293,68.90409088134766,132.58541870117188,71.79261016845703
2013-09-05,15.23139762878418,29.747343063354492,41.4501953125,132.1999969482422,36.89981460571289,69.02088165283203,132.7533721923828,70.79150390625
2013-09-06,15.322122573852539,30.185239791870117,41.675174713134766,134.14999389648438,37.218467712402344,69.10171508789062,132.8173828125,71.14363861083984
2013-09-09,15.566609382629395,30.97800064086914,42.24782943725586,133.91000366210938,37.430908203125,69.91011047363281,134.08926391601562,71.17816162109375
2013-09-10,15.212021827697754,31.212053298950195,42.725059509277344,131.74000549316406,38.00447082519531,70.25147247314453,135.0811004638672,70.68112182617188
2013-09-11,14.383829116821289,31.234712600708008,42.87504196166992,131.6999969482422,37.71415710449219,70.11673736572266,135.505126953125,71.3093032836914
2013-09-12,14.536978721618652,30.872304916381836,42.629615783691406,127.66999816894531,36.99189376831055,70.07180786132812,135.14515686035156,71.21266174316406
2013-09-13,14.29741096496582,31.076152801513672,42.83414077758789,127.81999969482422,37.239723205566406,70.11673736572266,135.44906616210938,71.48880767822266
2013-09-16,13.842869758605957,31.423463821411133,43.168190002441406,126.44999694824219,37.62918472290039,69.92809295654297,136.23297119140625,71.012451171875
2013-09-17,14.002786636352539,31.355504989624023,43.195465087890625,126.5,37.59376907348633,70.3951644897461,136.84104919433594,71.59928131103516
2013-09-18,14.290642738342285,32.669227600097656,44.34760665893555,132.00999450683594,37.820369720458984,71.23953247070312,138.42477416992188,72.48300170898438
2013-09-19,14.524989128112793,32.49557113647461,44.13627243041992,131.75,37.353023529052734,71.41022491455078,138.1928253173828,72.0549545288086
2013-09-20,14.374601364135742,31.770776748657227,43.815853118896484,127.95999908447266,37.3884162902832,71.1651382446289,137.22665405273438,72.43463897705078
2013-09-23,15.089009284973145,31.884010314941406,43.80221176147461,127.55000305175781,36.439552307128906,71.02098083496094,136.59164428710938,72.96624755859375
2013-09-24,15.04164981842041,31.61220932006836,43.73403549194336,127.66000366210938,35.632320404052734,71.02098083496094,136.2700958251953,73.75325012207031
2013-09-25,14.808849334716797,31.37060546875,43.781761169433594,128.7899932861328,36.60951232910156,70.77772521972656,135.87620544433594,73.9051284790039
2013-09-26,14.953082084655762,31.498964309692383,43.96583557128906,127.79000091552734,36.74404525756836,71.3272933959961,136.39874267578125,73.38739776611328
2013-09-27,14.846362113952637,31.12900733947754,43.80903625488281,128.97000122070312,36.99189376831055,71.23722076416016,135.77169799804688,73.56683349609375
2013-09-30,14.661843299865723,30.774147033691406,43.49542236328125,128.17999267578125,36.60240936279297,71.06604766845703,135.0482940673828,73.45640563964844
2013-10-01,15.006593704223633,31.38571548461914,43.72721862792969,124.58999633789062,36.79360580444336,71.7867660522461,136.1173858642578,73.2335205078125
2013-10-02,15.055795669555664,31.50650405883789,43.713592529296875,127.05999755859375,37.15740966796875,71.7597427368164,135.98875427246094,73.34429168701172
2013-10-03,14.866659164428711,31.38571548461914,43.42726135253906,127.18000030517578,37.050384521484375,70.9218978881836,134.73484802246094,73.22663116455078
2013-10-04,14.854972839355469,31.793418884277344,43.52952194213867,126.52999877929688,37.57113265991211,71.53455352783203,135.755615234375,73.17123413085938
2013-10-07,15.00013256072998,31.521604537963867,43.07956314086914,127.63999938964844,36.97194290161133,70.93991088867188,134.58204650878906,73.46886444091797
2013-10-08,14.790699005126953,31.2196044921875,42.74551010131836,127.4000015258789,36.28712844848633,69.57047271728516,133.01461791992188,73.48963165283203
2013-10-09,14.964458465576172,31.453651428222656,42.92957305908203,126.11000061035156,36.201541900634766,69.35423278808594,133.11109924316406,72.90121459960938
2013-10-10,15.058257102966309,32.193572998046875,43.699951171875,124.2699966430664,37.46413803100586,70.8227767944336,135.98069763183594,73.01893615722656
2013-10-11,15.155746459960938,32.337032318115234,43.9317512512207,122.5999984741211,37.457000732421875,71.38137817382812,136.85684204101562,72.9981689453125
2013-10-14,15.255084991455078,32.5257682800293,44.08173370361328,122.83000183105469,37.599666595458984,71.88591766357422,137.40347290039062,72.4098129272461
2013-10-15,15.336272239685059,32.20866394042969,43.87038803100586,123.7300033569336,37.314334869384766,71.60660552978516,136.40676879882812,72.36138916015625
2013-10-16,15.411005973815918,32.465362548828125,44.19762420654297,123.54000091552734,38.51987075805664,72.41743469238281,138.311767578125,73.2681655883789
2013-10-17,15.51525592803955,32.669227600097656,44.78392791748047,127.41999816894531,38.6696662902832,72.83187866210938,139.23609924316406,73.93262481689453
2013-10-18,15.650269508361816,32.69941711425781,45.0498161315918,126.8499984741211,38.733856201171875,74.0121078491211,140.17662048339844,74.09184265136719
2013-10-21,16.03376007080078,32.64657211303711,45.11798858642578,126.9800033569336,38.712459564208984,74.17425537109375,140.18460083007812,73.85649871826172
2013-10-22,15.987945556640625,32.96368408203125,45.56793975830078,129.33999633789062,38.24879837036133,74.28240966796875,140.99649047851562,74.68014526367188
2013-10-23,16.144485473632812,32.193572998046875,45.12480163574219,128.69000244140625,37.62820816040039,73.83189392089844,140.32135009765625,74.9709243774414
2013-10-24,16.358217239379883,32.12561798095703,45.43840408325195,129.89999389648438,37.43560791015625,74.15625,140.78753662109375,74.68014526367188
2013-10-25,16.175235748291016,32.276615142822266,45.30887222290039,130.4600067138672,37.64246368408203,74.68780517578125,141.43060302734375,74.95708465576172
2013-10-28,16.29578399658203,32.465362548828125,45.23388671875,130.55999755859375,37.578285217285156,74.70581817626953,141.6556396484375,74.70100402832031
2013-10-29,15.889839172363281,32.571067810058594,45.329322814941406,129.77000427246094,37.61393356323242,74.83197784423828,142.41119384765625,74.79788208007812
2013-10-30,16.14263153076172,32.38986587524414,45.16571044921875,129.60000610351562,37.52119445800781,74.7598648071289,141.70388793945312,74.34793090820312
2013-10-31,16.074974060058594,32.05766296386719,44.9134521484375,127.73999786376953,36.76508331298828,74.58870697021484,141.3019256591797,74.50716400146484
2013-11-01,15.992865562438965,32.07276916503906,44.69529724121094,126.94999694824219,37.457000732421875,74.60673522949219,141.63955688476562,73.70063781738281
2013-11-04,16.199525833129883,32.269073486328125,44.9134521484375,126.80999755859375,37.121742248535156,74.7148666381836,142.13790893554688,73.77008819580078
2013-11-05,16.1595516204834,31.619762420654297,44.524864196777344,126.55999755859375,37.05754470825195,74.7959213256836,141.68772888183594,72.88862609863281
2013-11-06,16.113765716552734,31.717912673950195,44.9134521484375,127.19999694824219,37.164546966552734,74.77790069580078,142.41119384765625,72.92335510253906
2013-11-07,15.853002548217773,31.14410400390625,44.204437255859375,126.16000366210938,36.843536376953125,73.37246704101562,140.61070251464844,73.54105377197266
2013-11-08,16.102638244628906,31.076152801513672,44.4635124206543,124.27999877929688,38.491329193115234,74.36347961425781,142.5076141357422,71.77120971679688
2013-11-11,16.055923461914062,30.9176082611084,44.558956146240234,123.87000274658203,38.59120178222656,74.24633026123047,142.5318145751953,71.50052642822266
2013-11-12,16.08561897277832,30.751506805419922,44.408973693847656,122.44999694824219,38.49848175048828,74.36347961425781,142.24241638183594,71.83369445800781
2013-11-13,16.104799270629883,30.80435562133789,44.552146911621094,122.8499984741211,38.619720458984375,75.26439666748047,143.3838348388672,72.09748077392578
2013-11-14,16.337718963623047,31.302654266357422,44.75666046142578,124.2699966430664,38.80520248413086,75.49864959716797,144.09922790527344,72.54163360595703
2013-11-15,16.23966407775879,31.899118423461914,45.11798858642578,124.31999969482422,39.14044952392578,75.64281463623047,144.72621154785156,72.6873779296875
2013-11-18,16.042932510375977,32.18601608276367,45.11798858642578,122.9000015258789,39.76106262207031,74.904052734375,144.21974182128906,73.12460327148438
2013-11-19,16.071386337280273,31.989709854125977,45.0020866394043,122.94999694824219,40.05352020263672,74.68780517578125,143.90634155273438,72.5693588256836
2013-11-20,15.930644035339355,31.55181121826172,44.6884880065918,120.12000274658203,40.017860412597656,74.50762939453125,143.45616149902344,71.3339614868164
2013-11-21,16.12057113647461,31.521604537963867,44.96800231933594,119.94000244140625,40.81678771972656,75.26439666748047,144.61367797851562,71.45196533203125
2013-11-22,16.07911491394043,31.748123168945312,45.09752655029297,119.91999816894531,40.98799514770508,75.66983795166016,145.3370819091797,72.11824798583984
2013-11-25,16.20099449157715,31.340415954589844,44.96118927001953,120.45999908447266,41.12351608276367,75.85003662109375,145.19235229492188,72.32646942138672
2013-11-26,16.49981689453125,31.44611167907715,44.96118927001953,119.81999969482422,40.7811164855957,76.24646759033203,145.23263549804688,72.59715270996094
2013-11-27,16.888334274291992,31.649951934814453,45.07026672363281,119.45999908447266,41.002254486083984,76.77800750732422,145.58619689941406,72.47220611572266
2013-11-29,17.201072692871094,31.97462272644043,45.158897399902344,120.69999694824219,40.81678771972656,77.23745727539062,145.4898223876953,72.4930419921875
2013-12-02,17.051349639892578,31.302654266357422,44.8248291015625,117.58000183105469,40.64558410644531,77.0122299194336,145.1120147705078,71.92913818359375
2013-12-03,17.518150329589844,31.19695472717285,44.511226654052734,117.95999908447266,40.55998992919922,76.94916534423828,144.4850616455078,72.19365692138672
2013-12-04,17.477306365966797,31.159204483032227,44.27261734008789,119.95999908447266,40.795387268066406,77.021240234375,144.46893310546875,71.50456237792969
2013-12-05,17.567014694213867,30.97800064086914,44.02037811279297,118.30000305175781,39.818119049072266,76.9221420288086,143.83389282226562,71.30265808105469
2013-12-06,17.32325553894043,31.665063858032227,44.56577682495117,118.55000305175781,39.98932647705078,77.4807357788086,145.44155883789062,71.64374542236328
2013-12-09,17.521541595458984,31.71036148071289,44.5180549621582,119.72000122070312,40.31032180786133,77.79605102539062,145.8113555908203,71.81085205078125
2013-12-10,17.494319915771484,31.725465774536133,44.44306182861328,121.81999969482422,40.44586181640625,77.74198150634766,145.28884887695312,72.32598114013672
2013-12-11,17.364707946777344,31.023303985595703,44.02719497680664,120.86000061035156,39.9964714050293,76.74197387695312,143.65707397460938,71.76908111572266
2013-12-12,17.33934211730957,30.842105865478516,43.70677185058594,118.29000091552734,40.16766357421875,76.5437240600586,143.18283081054688,71.49759674072266
2013-12-13,17.15033721923828,30.9176082611084,43.67950439453125,119.37999725341797,40.067787170410156,76.44464111328125,143.1668243408203,71.84567260742188
2013-12-16,17.245309829711914,31.121461868286133,43.99310302734375,119.69000244140625,40.246131896972656,76.86808013916016,144.05908203125,71.58113861083984
2013-12-17,17.167667388916016,30.849651336669922,43.80221176147461,118.6500015258789,39.74679183959961,76.71493530273438,143.60089111328125,71.90135955810547
2013-12-18,17.037128448486328,31.46369171142578,44.491241455078125,117.61000061035156,40.8310546875,77.60685729980469,146.052490234375,71.53936767578125
2013-12-19,16.841938018798828,30.88469886779785,44.491241455078125,114.81999969482422,40.82393264770508,77.39063262939453,145.88363647460938,71.46977233886719
2013-12-20,16.982990264892578,30.838985443115234,44.74567413330078,115.94000244140625,41.159183502197266,78.17874908447266,146.73226928710938,72.56961822509766
2013-12-23,17.634761810302734,31.067541122436523,45.20640182495117,115.56999969482422,41.544395446777344,79.00120544433594,147.5161590576172,72.158935546875
2013-12-24,17.559890747070312,31.250375747680664,45.295799255371094,116.0999984741211,41.5515251159668,79.03734588623047,147.83946228027344,71.58113861083984
2013-12-26,17.44327735900879,30.98373031616211,45.543365478515625,116.73999786376953,41.5158576965332,79.29945373535156,148.591064453125,71.3053207397461
2013-12-27,17.325422286987305,31.46369171142578,45.77715301513672,117.12000274658203,41.47306823730469,79.1006088256836,148.5829620361328,71.10273742675781
2013-12-30,17.153125762939453,31.60081672668457,45.96969985961914,115.38999938964844,41.3375244140625,78.98311614990234,148.55874633789062,71.59159851074219
2013-12-31,17.35419464111328,31.8446044921875,46.14161682128906,116.12000274658203,41.71559524536133,79.4983139038086,149.2618865966797,71.13768768310547
2014-01-02,17.110124588012695,30.618053436279297,45.32331848144531,118.0,41.79457092285156,78.87468719482422,147.8313751220703,71.35411834716797
2014-01-03,16.734289169311523,30.564720153808594,45.371437072753906,119.29000091552734,42.11766815185547,78.3052749633789,147.80714416503906,71.35411834716797
2014-01-06,16.825542449951172,30.275224685668945,45.31643295288086,119.5,42.361785888671875,78.01604461669922,147.3788299560547,71.6544418334961
2014-01-07,16.705209732055664,30.404747009277344,45.57086181640625,118.81999969482422,41.87355041503906,78.73908996582031,148.28399658203125,71.8360366821289
2014-01-08,16.811002731323242,30.30570411682129,45.55710983276367,118.12000274658203,42.2684440612793,78.91081237792969,148.3163299560547,71.6404800415039
2014-01-09,16.59632110595703,30.145715713500977,45.52272033691406,118.45999908447266,42.1894645690918,78.64873504638672,148.4132537841797,72.05950927734375
2014-01-10,16.48558235168457,30.678998947143555,45.94218826293945,120.26000213623047,41.99560546875,78.90178680419922,148.81735229492188,72.91850280761719
2014-01-13,16.5718936920166,30.313323974609375,45.543365478515625,121.0199966430664,41.42838668823242,77.73588562011719,146.83731079101562,73.2817153930664
2014-01-14,16.90163230895996,30.64090919494629,45.90782165527344,119.88999938964844,41.45709991455078,79.21810913085938,148.43753051757812,72.94644165039062
2014-01-15,17.240976333618164,30.633285522460938,46.10034942626953,119.66000366210938,42.713600158691406,79.86885070800781,149.2376251220703,72.86965942382812
2014-01-16,17.144775390625,30.465688705444336,46.07973098754883,119.79000091552734,42.3546142578125,79.8779296875,149.04359436035156,73.35850524902344
2014-01-17,16.724702835083008,30.313323974609375,45.94218826293945,120.93000030517578,41.722755432128906,79.42601013183594,148.4132537841797,73.66576385498047
2014-01-21,16.98454475402832,30.26761245727539,46.1622428894043,119.69999694824219,41.76585006713867,80.03153228759766,148.8496856689453,73.72164154052734
2014-01-22,17.060014724731445,30.6713924407959,46.1622428894043,119.19000244140625,41.34940719604492,80.23941040039062,148.9466552734375,73.54008483886719
2014-01-23,17.204479217529297,29.91715431213379,45.85279846191406,121.79000091552734,40.54525375366211,79.96825408935547,147.72628784179688,74.5806884765625
2014-01-24,16.89173698425293,29.132476806640625,44.59438705444336,122.29000091552734,39.554412841796875,78.39566040039062,144.57443237304688,75.06256866455078
2014-01-27,17.028778076171875,29.018205642700195,44.38810348510742,120.95999908447266,39.554412841796875,77.63646697998047,143.86322021484375,74.53881072998047
2014-01-28,15.667710304260254,29.201053619384766,44.77317810058594,120.94999694824219,40.02112579345703,77.5912857055664,144.7198944091797,74.72034454345703
2014-01-29,15.48984432220459,28.782045364379883,44.27119445800781,122.47000122070312,39.870330810546875,76.7597885131836,143.329833984375,75.3349838256836
2014-01-30,15.459835052490234,29.048677444458008,44.49811935424805,119.7699966430664,40.20779800415039,78.17874908447266,144.8491973876953,75.1184310913086
2014-01-31,15.485198020935059,29.094383239746094,43.74169921875,120.08999633789062,39.74828338623047,77.97086334228516,144.0006561279297,75.62127685546875
2014-02-03,15.513970375061035,28.271610260009766,42.84775161743164,121.31999969482422,38.994361877441406,76.18133544921875,140.75982666015625,76.5427474975586
2014-02-04,15.738548278808594,28.842979431152344,43.342864990234375,120.98999786376953,39.45390319824219,76.74168395996094,141.7458038330078,75.73048400878906
2014-02-05,15.856090545654297,28.736328125,43.432254791259766,121.29000091552734,39.640567779541016,76.54286193847656,141.5679931640625,75.03032684326172
2014-02-06,15.948518753051758,29.338172912597656,44.202430725097656,121.23999786376953,40.55244445800781,77.51898956298828,143.43490600585938,74.70826721191406
2014-02-07,16.171632766723633,29.505779266357422,44.78007125854492,122.16999816894531,40.65294647216797,78.90178680419922,145.21290588378906,74.77133178710938
2014-02-10,16.46135139465332,29.178194046020508,44.628780364990234,122.91999816894531,40.73910903930664,79.35370635986328,145.47959899902344,74.98131561279297
2014-02-11,16.678241729736328,29.810514450073242,45.33706283569336,124.36000061035156,41.23452377319336,80.25747680664062,147.07167053222656,74.54723358154297
2014-02-12,16.676990509033203,29.818126678466797,45.412696838378906,124.43000030517578,41.29914474487305,80.4111328125,147.14437866210938,74.16212463378906
2014-02-13,16.941814422607422,29.848604202270508,45.55023956298828,125.48999786376953,41.66531753540039,81.00767517089844,147.90411376953125,74.58222198486328
2014-02-14,16.928125381469727,30.214282989501953,45.72214126586914,127.1500015258789,41.7514762878418,81.1703109741211,148.72036743164062,74.62425994873047
2014-02-18,16.990365982055664,29.932405471801758,46.11410903930664,127.4000015258789,41.99560546875,81.56802368164062,148.89817810058594,74.79226684570312
2014-02-19,16.72212028503418,29.726713180541992,45.804664611816406,126.2699966430664,41.11247253417969,81.00767517089844,147.91224670410156,74.47722625732422
2014-02-20,16.528566360473633,29.833364486694336,45.962825775146484,127.5999984741211,41.34223556518555,81.38723754882812,148.78504943847656,74.29519653320312
2014-02-21,16.344968795776367,30.0390625,46.05221939086914,127.58000183105469,41.36376190185547,81.27875518798828,148.61534118652344,74.68724822998047
2014-02-24,16.416534423828125,30.0390625,46.45106887817383,128.99000549316406,41.66531753540039,81.7126235961914,149.43966674804688,74.49819946289062
2014-02-25,16.245697021484375,29.69623565673828,46.34102249145508,129.2100067138672,40.94732666015625,81.62223052978516,149.38307189941406,75.16341400146484
2014-02-26,16.09912109375,29.71909523010254,46.18287658691406,128.11000061035156,40.746307373046875,81.54991912841797,149.39114379882812,75.5624771118164
2014-02-27,16.42028045654297,30.2828426361084,46.34102249145508,128.1999969482422,40.70321273803711,82.07902526855469,150.1750946044922,75.97557067871094
2014-02-28,16.375776290893555,30.077152252197266,46.423553466796875,127.62000274658203,40.79655075073242,81.98823547363281,150.55499267578125,76.01763153076172
2014-03-03,16.423070907592773,29.54386329650879,45.440208435058594,130.2899932861328,40.35856628417969,81.38020324707031,149.49620056152344,76.52503967285156
2014-03-04,16.53135871887207,30.046682357788086,46.34102249145508,128.67999267578125,41.11247253417969,82.41483306884766,151.5974884033203,75.3740005493164
2014-03-05,16.566211700439453,30.069536209106445,46.29978561401367,128.88999938964844,41.7586555480957,82.6417007446289,151.73480224609375,75.53541564941406
2014-03-06,16.5161190032959,30.496164321899414,46.7811393737793,130.1699981689453,42.28997802734375,82.56910705566406,152.08241271972656,74.79139709472656
2014-03-07,16.506473541259766,30.107629776000977,46.526702880859375,129.08999633789062,42.64897537231445,82.16069030761719,152.14700317382812,74.32119750976562
2014-03-10,16.521408081054688,29.90192985534668,46.237892150878906,129.1300048828125,42.505374908447266,82.23331451416016,152.06619262695312,74.42644500732422
2014-03-11,16.682287216186523,29.566720962524414,45.90093231201172,129.86000061035156,41.78020095825195,81.87935638427734,151.3145751953125,74.62299346923828
2014-03-12,16.698476791381836,29.62767219543457,45.72901916503906,131.75999450683594,41.58634948730469,82.18793487548828,151.35508728027344,75.14236450195312
2014-03-13,16.513004302978516,29.094383239746094,44.87632369995117,132.2100067138672,41.227359771728516,81.02625274658203,149.65785217285156,76.15304565429688
2014-03-14,16.327537536621094,29.254375457763672,44.78007125854492,133.10000610351562,40.782196044921875,80.47264862060547,149.2376251220703,76.16708374023438
2014-03-17,16.391324996948242,29.61243438720703,45.343929290771484,131.63999938964844,41.34223556518555,81.18057250976562,150.5872802734375,75.59857940673828
2014-03-18,16.536348342895508,30.023822784423828,45.625877380371094,130.6199951171875,41.6868782043457,82.16069030761719,151.662109375,75.8723373413086
2014-03-19,16.5319881439209,29.38388442993164,45.06887435913086,128.08999633789062,41.85919189453125,81.71598815917969,150.8539276123047,75.28277587890625
2014-03-20,16.45232582092285,29.51339340209961,44.89695358276367,127.86000061035156,43.15876007080078,81.94287872314453,151.73480224609375,75.14942169189453
2014-03-21,16.582096099853516,29.69623565673828,44.80757141113281,128.47000122070312,43.201839447021484,80.9568862915039,151.1463165283203,75.9636001586914
2014-03-24,16.778759002685547,29.985736846923828,44.924476623535156,126.18000030517578,43.8480339050293,80.24735260009766,150.5213165283203,76.5040054321289
2014-03-25,16.95924186706543,30.328563690185547,45.412696838378906,126.41000366210938,43.74752426147461,80.51115417480469,151.23561096191406,76.21619415283203
2014-03-26,16.797119140625,30.397119522094727,45.40582275390625,125.41000366210938,43.00798416137695,79.47415161132812,150.1479034423828,76.8128662109375
2014-03-27,16.724918365478516,30.79327964782715,45.632755279541016,124.58999633789062,43.02233123779297,79.0284194946289,149.83140563964844,77.1988296508789
2014-03-28,16.706247329711914,31.037057876586914,45.97658157348633,124.55999755859375,43.10851287841797,79.1830825805664,150.57003784179688,76.7636947631836
2014-03-31,16.702516555786133,31.242752075195312,46.210384368896484,123.61000061035156,43.58955764770508,79.7470474243164,151.8038330078125,76.57418060302734
2014-04-01,16.85530662536621,31.60843276977539,46.506072998046875,123.38999938964844,43.56084060668945,81.14787292480469,152.81039428710938,75.9197769165039
2014-04-02,16.883310317993164,31.669387817382812,46.59546661376953,124.31999969482422,43.6981201171875,81.35708618164062,153.32177734375,75.48347473144531
2014-04-03,16.766307830810547,31.5474910736084,46.464820861816406,123.91999816894531,43.82817077636719,80.71123504638672,153.11886596679688,75.814208984375
2014-04-04,16.549409866333008,31.46369171142578,46.320404052734375,125.56999969482422,43.214019775390625,78.56450653076172,151.3086700439453,76.32086944580078
2014-04-07,16.289569854736328,31.60081672668457,46.10034942626953,124.91000366210938,42.62879180908203,77.81864929199219,149.6365203857422,76.77828216552734
2014-04-08,16.288639068603516,31.96649742126465,46.07284927368164,126.08999633789062,42.520423889160156,78.53724670410156,150.25341796875,76.961181640625
2014-04-09,16.502729415893555,32.21029281616211,46.66423034667969,126.31999969482422,42.8238639831543,79.88349151611328,151.86880493164062,76.58122253417969
2014-04-10,16.28989028930664,31.867469787597656,45.83905029296875,127.01000213623047,41.47274398803711,77.40930938720703,148.6787109375,77.29195404052734
2014-04-11,16.169456481933594,31.867469787597656,45.56399154663086,126.93000030517578,39.9554443359375,76.5088119506836,147.33934020996094,77.918212890625
2014-04-14,16.233875274658203,31.79888916015625,45.825286865234375,127.8499984741211,39.70979309082031,77.109130859375,148.50006103515625,77.7141342163086
2014-04-15,16.11811065673828,31.318941116333008,45.632755279541016,125.48999786376953,39.59419250488281,77.36383056640625,149.52284240722656,78.19966888427734
2014-04-16,16.150781631469727,31.715103149414062,46.19662857055664,125.54000091552734,39.926544189453125,78.39170837402344,151.0895538330078,78.2981948852539
2014-04-17,16.33531951904297,32.00458526611328,46.43729782104492,124.75,39.897647857666016,78.40988159179688,151.30059814453125,77.43971252441406
2014-04-21,16.52918815612793,31.806509017944336,46.49919891357422,124.23999786376953,39.76036834716797,78.99205780029297,151.8282012939453,77.37641143798828
2014-04-22,16.54567527770996,31.722700119018555,46.691741943359375,123.77999877929688,40.323936462402344,79.61968231201172,152.51815795898438,77.63674926757812
2014-04-23,16.329410552978516,31.494163513183594,46.58171081542969,123.76000213623047,40.497337341308594,78.91925048828125,152.16102600097656,78.08003234863281
2014-04-24,17.668113708496094,31.524639129638672,46.5748405456543,124.55999755859375,40.59849548339844,79.67427825927734,152.4694366455078,78.22779846191406
2014-04-25,17.79789161682129,31.09800148010254,46.34790802001953,125.43000030517578,40.24446487426758,78.40080261230469,151.21942138671875,78.34040069580078
2014-04-28,18.48716163635254,31.250375747680664,46.49232864379883,124.87999725341797,40.09272384643555,78.65550231933594,151.6983642578125,77.96038818359375
2014-04-29,18.43238639831543,31.5474910736084,46.794891357421875,124.86000061035156,40.533477783203125,79.28315734863281,152.40457153320312,77.85485076904297
2014-04-30,18.362682342529297,31.486543655395508,46.98055648803711,124.22000122070312,40.446754455566406,79.49234771728516,152.859130859375,78.17854309082031
2014-05-01,18.405935287475586,31.524639129638672,47.111209869384766,123.80000305175781,40.258907318115234,79.72886657714844,152.8753662109375,79.01728820800781
2014-05-02,18.440166473388672,31.69985008239746,47.03556442260742,125.05999755859375,40.15776443481445,79.58332824707031,152.6561279296875,79.50394439697266
2014-05-05,18.70094108581543,31.524639129638672,47.001182556152344,126.22000122070312,39.17512893676758,80.00176239013672,152.94842529296875,79.02433013916016
2014-05-06,18.497112274169922,31.669387817382812,46.91865921020508,125.9800033569336,38.539306640625,78.96479797363281,151.61717224121094,79.34178924560547
2014-05-07,18.43238639831543,31.836984634399414,46.97367477416992,124.16999816894531,39.05230712890625,78.73736572265625,152.51004028320312,79.0595703125
2014-05-08,18.399532318115234,31.760801315307617,46.98055648803711,124.16999816894531,39.276275634765625,78.66459655761719,152.34768676757812,78.72100067138672
2014-05-09,18.3228702545166,31.707477569580078,46.91178894042969,124.0999984741211,39.02339553833008,78.95567321777344,152.57505798339844,78.46702575683594
2014-05-12,18.550987243652344,32.240745544433594,47.22122573852539,124.94000244140625,39.485816955566406,80.2564468383789,154.06045532226562,78.14960479736328
2014-05-13,18.580089569091797,32.362648010253906,47.28999710083008,124.5999984741211,39.46414566040039,80.31101989746094,154.19850158691406,78.82677459716797
2014-05-14,18.58353042602539,32.59120559692383,47.20060348510742,125.80999755859375,39.276275634765625,79.892578125,153.4679718017578,79.68032836914062
2014-05-15,18.425504684448242,32.286468505859375,46.994300842285156,124.7699966430664,38.662147521972656,79.26493835449219,152.12045288085938,80.31521606445312
2014-05-16,18.69743537902832,32.71308898925781,47.09745407104492,124.5,38.51763153076172,79.78343963623047,152.64805603027344,80.08946990966797
2014-05-19,18.918983459472656,32.71308898925781,47.001182556152344,124.58000183105469,38.89334487915039,80.33831024169922,153.2081756591797,79.49696350097656
2014-05-20,18.922739028930664,32.44645690917969,46.70549392700195,124.69000244140625,38.813865661621094,80.04724884033203,152.24221801757812,79.6733169555664
2014-05-21,18.972803115844727,32.69786071777344,47.069942474365234,124.38999938964844,39.102882385253906,80.81130981445312,153.52476501464844,79.18656158447266
2014-05-22,19.002853393554688,32.92640686035156,47.1318359375,124.66999816894531,39.41355514526367,81.16604614257812,153.89816284179688,79.07367706298828
2014-05-23,19.21752166748047,32.865455627441406,47.255611419677734,124.51000213623047,39.39911651611328,81.75730895996094,154.51510620117188,79.49696350097656
2014-05-27,19.577375411987305,32.58357620239258,47.592559814453125,121.8499984741211,39.83984375,82.77613830566406,155.46487426757812,79.96247100830078
2014-05-28,19.52667808532715,32.7740478515625,47.43440246582031,121.19999694824219,40.06383514404297,82.52143859863281,155.35122680664062,80.95002746582031
2014-05-29,19.882474899291992,32.865455627441406,47.72321701049805,120.94000244140625,40.258907318115234,83.04898071289062,156.15481567382812,80.51978302001953
2014-05-30,19.807998657226562,32.41598129272461,47.730098724365234,120.43000030517578,40.15053176879883,83.05806732177734,156.40640258789062,80.4844741821289
2014-06-02,19.671878814697266,32.5150260925293,47.82637023925781,119.69999694824219,39.9915657043457,82.97624969482422,156.58502197265625,79.88616180419922
2014-06-03,19.950063705444336,32.69786071777344,47.709449768066406,120.01000213623047,40.17220687866211,82.9398193359375,156.50384521484375,78.90315246582031
2014-06-04,20.177873611450195,32.5150260925293,47.695709228515625,119.76000213623047,40.22999572753906,83.2491455078125,156.82041931152344,78.88191986083984
2014-06-05,20.25704002380371,32.85784912109375,48.025787353515625,120.66000366210938,40.916404724121094,83.94953918457031,157.84320068359375,78.91730499267578
2014-06-06,20.201337814331055,33.1854248046875,48.287109375,120.61000061035156,41.16206741333008,84.431640625,158.59811401367188,78.91730499267578
2014-06-09,20.524599075317383,33.30732727050781,48.23896026611328,120.6500015258789,41.48720932006836,84.36795806884766,158.76046752929688,78.80412292480469
2014-06-10,20.64506721496582,33.4825439453125,48.13581466674805,121.38999938964844,41.834022521972656,84.51349639892578,158.7767333984375,78.51420593261719
2014-06-11,20.55963134765625,33.3682746887207,47.895137786865234,121.41000366210938,41.37882995605469,84.4953384399414,158.22476196289062,78.65560913085938
2014-06-12,20.21573829650879,33.20828628540039,47.908878326416016,122.63999938964844,41.212646484375,83.73120880126953,157.1045379638672,79.35576629638672
2014-06-13,19.99449920654297,33.223533630371094,47.943267822265625,122.95999908447266,41.212646484375,83.9768295288086,157.58343505859375,79.31334686279297
2014-06-16,20.19601821899414,33.071163177490234,47.95702362060547,122.41999816894531,41.08980941772461,84.0495834350586,157.71327209472656,79.51134490966797
2014-06-17,20.169734954833984,33.078765869140625,47.922637939453125,122.27999877929688,41.48720932006836,84.09503936767578,158.1516876220703,78.88191986083984
2014-06-18,20.1916446685791,33.44445037841797,48.33523178100586,122.66999816894531,41.747291564941406,84.56808471679688,159.3124542236328,79.49012756347656
2014-06-19,20.121553421020508,33.25399398803711,48.59654235839844,126.94000244140625,41.40049743652344,84.51349639892578,159.49105834960938,78.47173309326172
2014-06-20,19.9134521484375,33.1854248046875,48.51401901245117,126.5,41.58114242553711,84.61289978027344,159.81484985351562,79.06580352783203
2014-06-23,19.895933151245117,33.11687088012695,48.38337326049805,126.8499984741211,42.04353713989258,84.63115692138672,159.7659454345703,78.81829833984375
2014-06-24,19.775447845458984,33.10162353515625,48.08080291748047,126.9800033569336,41.48720932006836,84.54906463623047,158.80345153808594,79.6174087524414
2014-06-25,19.792978286743164,33.17150115966797,48.06389236450195,126.98999786376953,41.56667709350586,85.08718872070312,159.52122497558594,79.8225326538086
2014-06-26,19.911266326904297,33.209896087646484,48.0991096496582,126.7300033569336,41.46553421020508,85.1327896118164,159.4070587158203,80.20439910888672
2014-06-27,20.1478271484375,33.286678314208984,48.127296447753906,126.66000366210938,41.56667709350586,85.50674438476562,159.7169647216797,80.08417510986328
2014-06-30,20.355918884277344,33.194541931152344,48.16957473754883,128.0399932861328,41.63169860839844,85.6526870727539,159.6354522705078,80.28221893310547
2014-07-01,20.485158920288086,33.50935745239258,48.5922966003418,127.69999694824219,41.88634490966797,86.59211730957031,160.70391845703125,79.61005401611328
2014-07-02,20.47640037536621,33.70900344848633,48.669795989990234,127.69999694824219,41.44981002807617,86.73800659179688,160.8669891357422,78.75922393798828
2014-07-03,20.59687614440918,33.90864944458008,48.76844024658203,127.16000366210938,41.507999420166016,87.28530883789062,161.65821838378906,78.47560119628906
2014-07-07,21.021818161010742,33.88561248779297,48.38797378540039,127.0199966430664,41.231544494628906,87.02079772949219,161.09539794921875,79.04991912841797
2014-07-08,20.88601303100586,33.73204040527344,47.88071060180664,127.06999969482422,40.569435119628906,85.9719009399414,160.05955505371094,79.93617248535156
2014-07-09,20.894775390625,33.92399978637695,48.03571319580078,127.83999633789062,40.75861358642578,86.61033630371094,160.77734375,80.00000762939453
2014-07-10,20.818113327026367,33.739715576171875,47.507293701171875,128.5399932861328,40.4239387512207,86.33673095703125,160.14108276367188,80.02131652832031
2014-07-11,20.857540130615234,33.701332092285156,47.535491943359375,128.77999877929688,40.59855270385742,86.8930892944336,160.36129760742188,80.53177642822266
2014-07-14,21.126968383789062,33.962398529052734,47.88775634765625,125.72000122070312,40.95505142211914,87.41297149658203,161.1688690185547,80.18433380126953
2014-07-15,20.879440307617188,33.939353942871094,47.76799774169922,124.52999877929688,42.39565658569336,87.11199188232422,160.8669891357422,80.02131652832031
2014-07-16,20.761157989501953,34.02383041381836,48.06389236450195,124.97000122070312,42.715782165527344,87.45858764648438,161.46241760253906,80.44670104980469
2014-07-17,20.390974044799805,33.386505126953125,47.45094299316406,127.08999633789062,42.097347259521484,86.30025482177734,159.62728881835938,81.46057891845703
2014-07-18,20.684492111206055,33.90864944458008,47.824337005615234,126.12999725341797,42.36655044555664,87.66836547851562,161.25852966308594,81.19828796386719
2014-07-21,20.577159881591797,34.02383041381836,47.648216247558594,126.33999633789062,42.37382888793945,87.55891418457031,160.9567108154297,81.60240173339844
2014-07-22,20.748023986816406,34.338645935058594,47.85957717895508,125.73999786376953,42.68669128417969,88.11526489257812,161.65821838378906,81.77263641357422
2014-07-23,21.289064407348633,34.369354248046875,47.95820236206055,125.62000274658203,42.92679977416992,88.6807632446289,162.01707458496094,81.66626739501953
2014-07-24,21.25401496887207,34.522926330566406,48.070926666259766,124.3499984741211,43.05045700073242,88.58045959472656,162.02520751953125,81.0564956665039
2014-07-25,21.394208908081055,34.38472366333008,47.873653411865234,125.79000091552734,42.934059143066406,88.23384094238281,161.26670837402344,82.01367950439453
2014-07-28,21.689912796020508,34.62276077270508,47.88071060180664,125.58000183105469,43.065025329589844,88.2612075805664,161.33193969726562,81.9002456665039
2014-07-29,21.54972267150879,34.415435791015625,47.782073974609375,125.19999694824219,42.66486358642578,88.10614776611328,160.63865661621094,82.19798278808594
2014-07-30,21.499343872070312,34.246498107910156,47.71162414550781,124.83000183105469,42.861305236816406,88.45274353027344,160.66310119628906,81.0564956665039
2014-07-31,20.940771102905273,33.647579193115234,46.91547393798828,123.38999938964844,41.95911407470703,86.66505432128906,157.49034118652344,80.8154296875
2014-08-01,21.05687141418457,33.83185958862305,46.59140396118164,124.37999725341797,41.09331512451172,86.34586334228516,157.00906372070312,81.44094848632812
2014-08-04,20.938587188720703,34.14668655395508,46.809810638427734,123.98999786376953,41.21699142456055,86.93868255615234,158.14279174804688,81.22772216796875
2014-08-05,20.83563804626465,33.624542236328125,46.210941314697266,123.87000274658203,40.787723541259766,86.27288055419922,156.6094207763672,81.49073028564453
2014-08-06,20.800586700439453,33.39419174194336,46.09821701049805,125.66999816894531,40.91141128540039,86.20902252197266,156.6583251953125,81.54044342041016
2014-08-07,20.798389434814453,33.26364517211914,45.724815368652344,126.18000030517578,40.678585052490234,85.9354019165039,155.81008911132812,82.30117797851562
2014-08-08,20.855623245239258,33.563114166259766,45.99253845214844,126.19000244140625,40.99143600463867,86.55562591552734,157.61268615722656,82.12348937988281
2014-08-11,21.13079261779785,33.99311447143555,46.168663024902344,125.95999908447266,40.97689437866211,87.06639099121094,158.0694122314453,82.11636352539062
2014-08-12,21.126388549804688,34.03151321411133,46.133445739746094,125.98999786376953,40.99871063232422,87.02989196777344,157.8491973876953,81.58317565917969
2014-08-13,21.405963897705078,34.21578598022461,46.39411926269531,126.19999694824219,41.26790237426758,87.95111083984375,158.9176788330078,82.11636352539062
2014-08-14,21.46319580078125,34.269535064697266,46.640708923339844,126.30999755859375,41.457088470458984,88.40713500976562,159.6680450439453,82.77745056152344
2014-08-15,21.56886100769043,34.17739486694336,46.59140396118164,125.4800033569336,41.28976058959961,88.8358154296875,159.6354522705078,83.68031311035156
2014-08-18,21.828615188598633,34.507568359375,46.89435577392578,124.95999908447266,41.638973236083984,89.5198745727539,160.9730224609375,82.84855651855469
2014-08-19,22.130205154418945,34.66883087158203,47.007076263427734,124.68000030517578,41.87907791137695,90.02149963378906,161.81317138671875,82.59263610839844
2014-08-20,22.13901138305664,34.59971618652344,46.859127044677734,124.22000122070312,41.93728256225586,90.02149963378906,162.24545288085938,82.45760345458984
2014-08-21,22.141210556030273,34.45383071899414,47.056400299072266,122.87999725341797,42.5629997253418,90.20391082763672,162.71852111816406,82.91967010498047
2014-08-22,22.30411148071289,34.3616828918457,46.8309440612793,123.19000244140625,42.55571746826172,90.34073638916016,162.46566772460938,83.38175964355469
2014-08-25,22.352537155151367,34.615074157714844,47.1338996887207,122.73999786376953,43.17416000366211,90.65997314453125,163.28945922851562,83.694580078125
2014-08-26,22.209455490112305,34.8223991394043,47.14094161987305,123.3499984741211,43.465187072753906,90.75115203857422,163.39544677734375,83.42438507080078
2014-08-27,22.482425689697266,34.99900817871094,47.232521057128906,123.31999969482422,43.356048583984375,90.7694091796875,163.33029174804688,84.1353530883789
2014-08-28,22.508832931518555,34.65346908569336,47.02116394042969,124.0,43.04318618774414,90.66907501220703,163.24053955078125,84.57604217529297
2014-08-29,22.563867568969727,34.59971618652344,47.00003433227539,123.86000061035156,43.25419998168945,91.00653076171875,163.7053680419922,84.63294219970703
2014-09-02,22.739978790283203,34.54597473144531,47.09162139892578,121.6500015258789,43.414241790771484,91.27105712890625,163.62387084960938,83.17298889160156
2014-09-03,21.780183792114258,34.99900817871094,47.422760009765625,122.1500015258789,43.43608474731445,90.73292541503906,163.53414916992188,83.63607025146484
2014-09-04,21.599679946899414,34.906856536865234,47.19730758666992,121.4800033569336,43.4433708190918,90.65081787109375,163.29759216308594,82.61721801757812
2014-09-05,21.786794662475586,35.206321716308594,47.204349517822266,122.05999755859375,43.58888244628906,91.10688781738281,164.03164672851562,82.46044921875
2014-09-08,21.652509689331055,34.79168701171875,46.70412063598633,120.7300033569336,43.57432174682617,91.28018188476562,163.60751342773438,82.49610137939453
2014-09-09,21.57106590270996,34.3616828918457,46.57026290893555,120.87000274658203,42.970428466796875,90.52314758300781,162.57174682617188,82.43197631835938
2014-09-10,22.233671188354492,34.21578598022461,46.83798599243164,120.26000213623047,43.086849212646484,91.27105712890625,163.18341064453125,81.91180419921875
2014-09-11,22.328332901000977,33.985435485839844,46.577308654785156,119.47000122070312,43.4797477722168,91.19806671142578,163.3710174560547,81.64105224609375
2014-09-12,22.378965377807617,33.624542236328125,46.513893127441406,118.37999725341797,43.67618179321289,90.73292541503906,162.416748046875,80.78604125976562
2014-09-15,22.372350692749023,33.45561599731445,46.41525650024414,118.63999938964844,43.61069107055664,89.8573226928711,162.2943115234375,80.9071044921875
2014-09-16,22.202850341796875,33.89329147338867,46.6125373840332,118.83000183105469,43.647090911865234,90.64169311523438,163.51783752441406,80.57937622070312
2014-09-17,22.361352920532227,33.578468322753906,46.281402587890625,117.54000091552734,43.87989044189453,90.77851104736328,163.73805236816406,80.37272644042969
2014-09-18,22.40757942199707,33.624542236328125,46.640708923339844,117.77999877929688,44.61474609375,91.46255493164062,164.6107940673828,80.62924194335938
2014-09-19,22.2248592376709,33.37114715576172,46.47867965698242,117.08999633789062,44.46197509765625,91.40589141845703,164.4624481201172,81.65528106689453
2014-09-22,22.246875762939453,32.86436080932617,46.27436065673828,116.8499984741211,44.316444396972656,90.55564880371094,163.19227600097656,81.75506591796875
2014-09-23,22.59468650817871,32.6800651550293,45.88685989379883,117.5999984741211,44.33827209472656,90.30882263183594,162.2581329345703,82.26095581054688
2014-09-24,22.398771286010742,33.14846420288086,46.11935806274414,117.05000305175781,44.840293884277344,91.27791595458984,163.52833557128906,81.80491638183594
2014-09-25,21.544645309448242,32.42668151855469,45.4429931640625,117.38999938964844,43.763484954833984,89.35797882080078,160.8896484375,82.77397918701172
2014-09-26,22.178632736206055,32.572574615478516,45.633216857910156,117.05999755859375,44.061790466308594,90.30882263183594,162.1680145263672,82.65283203125
2014-09-29,22.03774642944336,31.912216186523438,45.21049880981445,117.02999877929688,43.89444351196289,90.18994140625,161.87301635742188,83.31547546386719
2014-09-30,22.178632736206055,31.912216186523438,45.175262451171875,116.20999908447266,43.8289909362793,90.31791687011719,161.44686889648438,82.8451919555664
2014-10-01,21.833026885986328,31.25953483581543,44.639808654785156,116.7699966430664,43.48701095581055,88.8734130859375,159.25900268554688,84.45165252685547
2014-10-02,21.99152183532715,31.428457260131836,44.16073226928711,116.73999786376953,43.09880447387695,88.8734130859375,159.28355407714844,83.71593475341797
2014-10-03,21.929882049560547,31.69721221923828,44.16073226928711,114.61000061035156,44.1682243347168,89.75113677978516,161.03721618652344,84.07305145263672
2014-10-06,21.929882049560547,32.111854553222656,44.44254684448242,116.02999877929688,44.080299377441406,89.5591049194336,160.8486785888672,84.12310028076172
2014-10-07,21.73836326599121,31.827749252319336,43.688682556152344,116.36000061035156,43.41376495361328,88.2883071899414,158.36582946777344,85.2588119506836
2014-10-08,22.189638137817383,32.30381774902344,44.37913131713867,117.47000122070312,44.24147033691406,90.00708770751953,161.13551330566406,85.2802505493164
2014-10-09,22.238079071044922,31.79703712463379,43.1884651184082,117.63999938964844,43.27459716796875,88.55345153808594,157.93966674804688,84.90885162353516
2014-10-10,22.174236297607422,31.105958938598633,42.540279388427734,117.58999633789062,42.864402770996094,86.34099578857422,156.13682556152344,85.7516860961914
2014-10-13,21.971702575683594,31.420785903930664,42.483917236328125,118.5199966430664,42.600711822509766,84.98792266845703,153.5720672607422,86.27315521240234
2014-10-14,21.73836326599121,31.605070114135742,42.589599609375,118.58999633789062,42.47621154785156,84.9970703125,153.80972290039062,86.83741760253906
2014-10-15,21.471996307373047,31.205781936645508,42.33595657348633,118.98999786376953,40.6743049621582,84.44851684570312,152.7689666748047,87.5231704711914
2014-10-16,21.190231323242188,30.921676635742188,41.94141387939453,119.22000122070312,40.34471130371094,83.91825866699219,152.63784790039062,86.96602630615234
2014-10-17,21.500621795654297,31.2672061920166,42.72345733642578,118.98999786376953,41.165061950683594,85.02447509765625,154.44065856933594,86.48028564453125
2014-10-20,21.960704803466797,31.35935401916504,42.991180419921875,119.80000305175781,41.480037689208984,86.29528045654297,155.94024658203125,86.79460144042969
2014-10-21,22.55727195739746,31.48989486694336,43.50550079345703,120.0199966430664,42.43225860595703,88.56259155273438,159.02951049804688,86.10172271728516
2014-10-22,22.671741485595703,31.282564163208008,43.1884651184082,119.33999633789062,42.08066177368164,88.10547637939453,157.898681640625,86.19454956054688
2014-10-23,23.076791763305664,31.27489471435547,43.60414123535156,118.5199966430664,42.5274772644043,89.43112182617188,159.73426818847656,85.43021392822266
2014-10-24,23.162641525268555,31.497570037841797,43.84368896484375,118.3499984741211,43.02555847167969,90.16250610351562,160.9635009765625,85.5160140991211
2014-10-27,23.1384220123291,31.25186538696289,43.597084045410156,118.05999755859375,42.95231246948242,90.22651672363281,160.7421417236328,85.67310333251953
2014-10-28,23.497243881225586,31.88150405883789,44.259361267089844,118.0999984741211,43.67744827270508,91.5887451171875,162.5859375,85.13741302490234
2014-10-29,23.629323959350586,31.927581787109375,43.92118835449219,116.41000366210938,43.42841339111328,91.25048065185547,162.3400115966797,85.33027648925781
2014-10-30,23.550079345703125,32.22704315185547,44.23822784423828,115.19000244140625,43.50166702270508,91.44246673583984,163.38075256347656,85.40166473388672
2014-10-31,23.77462387084961,32.3652458190918,45.05550003051758,112.66000366210938,44.30006790161133,92.7041244506836,165.24911499023438,85.18029022216797
2014-11-03,24.08280372619629,32.096500396728516,44.667991638183594,112.1500015258789,44.59305191040039,92.97840881347656,165.3392791748047,85.18030548095703
2014-11-04,23.906696319580078,32.12721252441406,44.41436004638672,112.22000122070312,44.131595611572266,92.66755676269531,164.7656707763672,85.44522094726562
2014-11-05,23.963930130004883,31.843107223510742,44.49890899658203,109.79000091552734,44.79083251953125,92.67668151855469,165.80630493164062,85.32347869873047
2014-11-06,24.03246307373047,31.451492309570312,44.259361267089844,109.87999725341797,44.849422454833984,92.96923828125,166.4700469970703,84.77210235595703
2014-11-07,24.101009368896484,31.651151657104492,44.280494689941406,112.97000122070312,45.02520751953125,92.886962890625,166.6258087158203,85.74590301513672
2014-11-10,24.06121063232422,31.735612869262695,44.4777717590332,110.45999908447266,45.362144470214844,93.21607971191406,167.1501922607422,84.95826721191406
2014-11-11,24.253562927246094,31.704893112182617,44.74549102783203,112.04000091552734,44.95197296142578,93.50867462158203,167.31410217285156,85.01554870605469
2014-11-12,24.59624481201172,31.643455505371094,44.36503601074219,111.5,44.35865783691406,93.67322540283203,167.1338653564453,84.94393920898438
2014-11-13,24.943355560302734,31.559001922607422,44.57639694213867,111.66999816894531,44.116943359375,94.0754623413086,167.3223419189453,85.14447784423828
2014-11-14,25.244047164916992,31.820064544677734,44.639808654785156,114.47000122070312,44.153564453125,94.36804962158203,167.36329650878906,85.55976867675781
2014-11-17,25.20203971862793,31.482215881347656,44.46367645263672,114.05000305175781,44.226810455322266,94.08464050292969,167.46974182128906,85.3449478149414
2014-11-18,25.52924919128418,31.651151657104492,44.94981002807617,115.05000305175781,44.33668518066406,94.7885971069336,168.43675231933594,85.58122253417969
2014-11-19,25.352384567260742,31.635784149169922,44.81594467163086,113.68000030517578,44.38795852661133,94.35887145996094,168.1663360595703,85.03706359863281
2014-11-20,25.7149600982666,31.5820369720459,44.5482292175293,114.86000061035156,44.03635787963867,94.77944946289062,168.46139526367188,85.48100280761719
2014-11-21,25.750341415405273,32.58793258666992,44.935726165771484,115.38999938964844,44.27808380126953,94.96231079101562,169.36270141601562,85.9965591430664
2014-11-24,26.227886199951172,32.31917190551758,45.19639587402344,115.11000061035156,44.65165328979492,95.70281219482422,169.83799743652344,86.06816101074219
2014-11-25,26.000167846679688,32.111854553222656,45.27390670776367,115.37999725341797,44.1682243347168,95.84912109375,169.71507263183594,86.7842025756836
2014-11-26,26.309694290161133,32.518836975097656,45.45003128051758,115.16000366210938,44.197513580322266,96.47077178955078,170.1493682861328,87.02052307128906
2014-11-28,26.294219970703125,31.866146087646484,45.083675384521484,112.11000061035156,44.06566619873047,96.91879272460938,169.78890991210938,87.70789337158203
2014-12-01,25.440814971923828,31.320960998535156,45.04140090942383,116.58000183105469,43.948482513427734,95.8216781616211,168.60885620117188,87.1961898803711
2014-12-02,25.343530654907227,31.313282012939453,45.16822052001953,115.13999938964844,44.73954772949219,96.20569610595703,169.69869995117188,86.34938049316406
2014-12-03,25.63095474243164,31.39776039123535,45.111854553222656,116.33000183105469,45.076499938964844,96.37936401367188,170.35426330566406,86.68666076660156
2014-12-04,25.533672332763672,31.451492309570312,44.96390151977539,115.87999725341797,44.95928955078125,96.33366394042969,170.16578674316406,87.41152954101562
2014-12-05,25.425334930419922,31.390071868896484,45.062538146972656,114.43000030517578,45.92615509033203,96.3427734375,170.4444122314453,86.90193939208984
2014-12-08,24.850502014160156,30.929351806640625,44.667991638183594,115.77999877929688,45.9041862487793,95.65711975097656,169.30538940429688,87.96407318115234
2014-12-09,25.23077392578125,30.63756561279297,44.42845153808594,118.19000244140625,45.74303436279297,95.95884704589844,169.1906280517578,88.41620635986328
2014-12-10,24.751012802124023,30.18453598022461,43.864810943603516,117.95999908447266,44.44655227661133,94.45033264160156,166.47830200195312,89.06214141845703
2014-12-11,24.678054809570312,29.931142807006836,43.80845260620117,117.69000244140625,44.78349685668945,94.89830017089844,167.3223419189453,89.42816162109375
2014-12-12,24.260196685791016,29.439708709716797,42.9630012512207,117.41000366210938,43.97776794433594,93.86518859863281,164.61814880371094,90.64096069335938
2014-12-15,23.928560256958008,29.017391204833984,42.25141906738281,114.38999938964844,43.333187103271484,92.89608001708984,163.4873046875,90.45438385009766
2014-12-16,23.601346969604492,28.9713134765625,42.55436325073242,114.94999694824219,42.79849624633789,91.40589141845703,162.1761932373047,91.57396697998047
2014-12-17,24.18943977355957,29.63727378845215,43.06303787231445,114.2699966430664,43.78001403808594,93.06982421875,165.35565185546875,90.74864959716797
2014-12-18,24.905773162841797,30.04230499267578,43.831398010253906,115.1500015258789,45.032527923583984,95.30970764160156,169.44468688964844,89.13388061523438
2014-12-19,24.713420867919922,30.252613067626953,43.895423889160156,114.7699966430664,45.362144470214844,95.72908020019531,170.16558837890625,90.33235931396484
2014-12-22,24.969892501831055,30.6732234954834,44.108856201171875,112.55000305175781,45.36947250366211,95.96765899658203,170.94845581054688,90.45438385009766
2014-12-23,24.881458282470703,30.39281463623047,43.9665641784668,112.73999786376953,45.765010833740234,95.62813568115234,171.17913818359375,88.66024017333984
2014-12-24,24.764280319213867,30.462921142578125,44.16576385498047,112.7699966430664,45.765010833740234,95.71072387695312,171.19558715820312,89.142822265625
2014-12-26,25.20203971862793,30.704370498657227,44.27958679199219,114.83000183105469,45.816280364990234,96.38980102539062,171.74769592285156,89.47364044189453
2014-12-29,25.184349060058594,30.517440795898438,43.95945739746094,113.66999816894531,46.11660385131836,96.37141418457031,171.97833251953125,90.14244079589844
2014-12-30,24.87704086303711,30.579753875732422,43.55393600463867,115.19999694824219,46.255767822265625,95.72908020019531,171.05552673339844,90.38700866699219
2014-12-31,24.40390396118164,30.603120803833008,43.28358840942383,113.58000183105469,45.838260650634766,94.74718475341797,169.358154296875,90.55952453613281
2015-01-02,24.17176055908203,30.198095321655273,43.09861373901367,114.08000183105469,46.06678771972656,94.46273040771484,169.26751708984375,91.56647491455078
2015-01-05,23.490806579589844,29.66064453125,42.081268310546875,115.80000305175781,44.63664245605469,93.07708740234375,166.21063232421875,93.0047607421875
2015-01-06,23.493009567260742,29.53601837158203,41.60460662841797,117.12000274658203,43.4792594909668,91.82907104492188,164.64505004882812,94.68048858642578
2015-01-07,23.822437286376953,30.174715042114258,42.067039489746094,116.43000030517578,43.545589447021484,93.01283264160156,166.69677734375,94.4935531616211
2015-01-08,24.737751007080078,30.688806533813477,42.63618469238281,115.94000244140625,44.5186882019043,94.79305267333984,169.65478515625,93.2422103881836
2015-01-09,24.764280319213867,30.587543487548828,42.42987060546875,117.26000213623047,43.744659423828125,94.16908264160156,168.2952423095703,94.26338958740234
2015-01-12,24.154071807861328,30.33829116821289,42.33027267456055,118.55999755859375,43.36868667602539,93.18720245361328,166.97689819335938,94.80282592773438
2015-01-13,24.368526458740234,30.603120803833008,42.5437126159668,118.16000366210938,43.37605285644531,93.15963745117188,166.50726318359375,94.80282592773438
2015-01-14,24.275667190551758,30.4317569732666,42.422752380371094,117.97000122070312,41.87956619262695,92.64576721191406,165.50198364257812,95.52197265625
2015-01-15,23.6168212890625,30.50186538696289,42.69309616088867,120.94000244140625,40.53788757324219,91.44367980957031,163.9858856201172,97.02503967285156
2015-01-16,23.433320999145508,30.758892059326172,43.24802017211914,122.5199966430664,41.230838775634766,92.51730346679688,166.1364288330078,95.78807067871094
2015-01-20,24.036890029907227,30.712173461914062,43.39741516113281,124.19999694824219,41.06865692138672,93.25139617919922,166.49075317382812,97.06103515625
2015-01-21,24.220396041870117,31.38981056213379,43.73890686035156,124.2300033569336,41.201358795166016,93.72857666015625,167.33119201660156,95.9391098022461
2015-01-22,24.850502014160156,31.98957061767578,43.90253448486328,125.2300033569336,42.45458221435547,95.4629135131836,169.81959533691406,95.59383392333984
2015-01-23,24.978731155395508,31.748104095458984,43.65353775024414,124.2300033569336,41.78373336791992,95.6740493774414,168.88853454589844,96.92437744140625
2015-01-26,25.005264282226562,31.76368522644043,44.25114059448242,122.98999786376953,41.850067138671875,95.56388092041016,169.28399658203125,96.6295394897461
2015-01-27,24.12974739074707,31.592323303222656,44.31516647338867,124.4000015258789,41.42987823486328,93.08627319335938,167.05105590820312,96.780517578125
2015-01-28,25.493873596191406,31.249605178833008,43.65353775024414,123.41999816894531,40.3609733581543,92.60907745361328,164.9087371826172,98.36273193359375
2015-01-29,26.287593841552734,31.249605178833008,44.25114059448242,120.76000213623047,41.03915786743164,93.49919128417969,166.43299865722656,97.71546936035156
2015-01-30,25.902896881103516,30.39281463623047,43.55393600463867,123.44999694824219,40.08821105957031,92.77420806884766,164.34011840820312,99.44866180419922
2015-02-02,26.227886199951172,30.93804931640625,44.080387115478516,122.41999816894531,40.891746520996094,93.58177947998047,166.37538146972656,99.0732650756836
2015-02-03,26.23231315612793,31.52222442626953,44.78471374511719,121.05000305175781,41.813201904296875,94.48106384277344,168.78140258789062,96.97620391845703
2015-02-04,26.433504104614258,31.36644744873047,44.41476821899414,121.58000183105469,41.562583923339844,94.39848327636719,168.13868713378906,97.14198303222656
2015-02-05,26.622180938720703,31.55337905883789,45.026607513427734,121.79000091552734,41.850067138671875,95.21520233154297,169.8360595703125,96.07535552978516
2015-02-06,26.397994995117188,31.015933990478516,44.46457290649414,118.63999938964844,42.675724029541016,94.63704681396484,169.3664093017578,94.3746566772461
2015-02-09,26.57333755493164,30.96919822692871,44.25114059448242,119.16999816894531,42.62411880493164,94.33426666259766,168.60838317871094,94.22335052490234
2015-02-10,27.0838565826416,30.891315460205078,44.65665817260742,118.47000122070312,43.09592056274414,95.80248260498047,170.40457153320312,93.4738998413086
2015-02-11,27.71866798400879,30.665435791015625,44.41476821899414,117.06999969482422,43.02958297729492,96.15119171142578,170.5034637451172,93.64686584472656
2015-02-12,28.069368362426758,31.3197078704834,45.104854583740234,117.33999633789062,43.91419982910156,97.27068328857422,172.1432342529297,93.3369140625
2015-02-13,28.206985473632812,31.678009033203125,45.403656005859375,117.9800033569336,43.98790740966797,98.10579681396484,172.85182189941406,92.37855529785156
2015-02-17,28.37345314025879,31.6079044342041,45.510379791259766,116.01000213623047,44.304908752441406,98.19757080078125,173.12364196777344,90.9876708984375
2015-02-18,28.57100486755371,31.600116729736328,45.780723571777344,116.33999633789062,43.766761779785156,98.33518981933594,173.14013671875,91.52816009521484
2015-02-19,28.511075973510742,31.46770477294922,45.83763122558594,115.94000244140625,43.66355895996094,98.82154083251953,173.01658630371094,90.92284393310547
2015-02-20,28.744131088256836,31.678009033203125,46.26449203491211,115.27999877929688,44.0837516784668,99.48225402832031,174.05474853515625,91.189453125
2015-02-23,29.5210018157959,31.35865020751953,46.10086441040039,115.43000030517578,43.75201416015625,99.58318328857422,174.03005981445312,92.234375
2015-02-24,29.336774826049805,31.81041717529297,46.385433197021484,115.26000213623047,44.8356819152832,99.6565933227539,174.52444458007812,93.44509887695312
2015-02-25,28.58653450012207,31.748104095458984,46.42100524902344,115.69999694824219,45.071590423583984,99.4088134765625,174.37615966796875,93.84861755371094
2015-02-26,28.948339462280273,31.75589370727539,46.29294967651367,116.06999969482422,45.39594650268555,99.91354370117188,174.17015075683594,92.56585693359375
2015-02-27,28.513294219970703,31.732526779174805,46.314292907714844,116.16000366210938,45.1747932434082,99.47307586669922,173.57687377929688,93.34416961669922
2015-03-02,28.65312957763672,31.685800552368164,46.385433197021484,115.68000030517578,45.5360107421875,100.37239074707031,174.6728057861328,91.60551452636719
2015-03-03,28.71306800842285,31.444337844848633,46.10086441040039,115.47000122070312,45.68344497680664,99.90438079833984,173.9558868408203,91.27337646484375
2015-03-04,28.531055450439453,31.10162353515625,45.915889739990234,115.11000061035156,45.80140686035156,99.51896667480469,173.22256469726562,91.30225372314453
2015-03-05,28.058273315429688,31.054872512817383,46.02260208129883,115.0,45.70556640625,99.69330596923828,173.412109375,91.18670654296875
2015-03-06,28.100439071655273,30.579753875732422,45.39654541015625,111.86000061035156,44.887290954589844,98.56461334228516,170.97311401367188,89.17219543457031
2015-03-09,28.220298767089844,30.462921142578125,45.46769714355469,111.97000122070312,45.33696746826172,98.84909057617188,171.68174743652344,89.99534606933594
2015-03-10,27.63654899597168,29.7852725982666,44.47878646850586,111.41999816894531,44.20170211791992,97.0137710571289,168.89675903320312,91.17949676513672
2015-03-11,27.1326847076416,30.011144638061523,44.59263229370117,110.75,44.40812683105469,96.45402526855469,168.501220703125,91.84373474121094
2015-03-12,27.62322425842285,30.198095321655273,45.14754867553711,110.72000122070312,45.241146087646484,97.08721923828125,170.64356994628906,91.77877807617188
2015-03-13,27.432336807250977,29.83201026916504,44.884307861328125,110.87999725341797,44.968387603759766,96.66507720947266,169.5970916748047,91.49720001220703
2015-03-16,27.73421287536621,30.19029998779297,45.389427185058594,110.80999755859375,45.59498596191406,97.9130630493164,171.86305236816406,92.37806701660156
2015-03-17,28.19811248779297,30.54080581665039,45.275604248046875,110.20999908447266,45.41805648803711,98.06907653808594,171.35215759277344,93.1434097290039
2015-03-18,28.515520095825195,31.288551330566406,46.243160247802734,112.37000274658203,45.52126693725586,99.0325927734375,173.412109375,94.94136047363281
2015-03-19,28.300207138061523,30.758892059326172,45.702457427978516,112.29000091552734,45.115814208984375,99.17941284179688,172.6210479736328,94.45758819580078
2015-03-20,27.9450740814209,31.21845054626465,46.71269607543945,113.56999969482422,45.52126693725586,99.8214340209961,174.1447296142578,94.95577239990234
2015-03-23,28.235841751098633,31.311920166015625,46.94746398925781,114.29000091552734,45.071590423583984,99.62828826904297,173.8054656982422,94.84026336669922
2015-03-24,28.120424270629883,31.436540603637695,46.847862243652344,114.56999969482422,44.570289611816406,99.26956939697266,172.82879638671875,95.7572250366211
2015-03-25,27.385725021362305,30.93804931640625,46.62732696533203,114.7300033569336,43.943702697753906,96.99775695800781,170.29623413085938,94.94855499267578
2015-03-26,27.57661247253418,30.64985466003418,46.22181701660156,115.4800033569336,43.89208984375,96.66665649414062,169.89068603515625,93.46837615966797
2015-03-27,27.356870651245117,30.73552894592285,46.342750549316406,115.05999755859375,43.89945602416992,97.0529556274414,170.27967834472656,94.6308364868164
2015-03-30,28.049386978149414,31.327497482299805,46.3712043762207,113.75,44.93889617919922,98.16583251953125,172.35702514648438,94.16150665283203
2015-03-31,27.618783950805664,31.257394790649414,45.65266418457031,113.66000366210938,44.65877151489258,97.12653350830078,170.85072326660156,94.36370849609375
2015-04-01,27.578834533691406,31.646846771240234,45.97991943359375,115.5999984741211,44.48807907104492,96.62068939208984,170.24656677246094,95.60311889648438
2015-04-02,27.81633186340332,32.12197494506836,46.37833023071289,115.27999877929688,44.91105651855469,96.68505859375,170.85899353027344,94.59017944335938
2015-04-06,28.26691246032715,32.5348014831543,46.847862243652344,116.69000244140625,44.873966217041016,97.4760513305664,172.00942993164062,94.06200408935547
2015-04-07,27.969484329223633,32.37122344970703,46.78384780883789,116.11000061035156,45.15596389770508,97.31047821044922,171.5542449951172,94.85063171386719
2015-04-08,27.878488540649414,33.04887771606445,46.98303985595703,115.47000122070312,45.30437469482422,98.08306884765625,172.13360595703125,94.87957763671875
2015-04-09,28.091567993164062,33.376007080078125,47.04707717895508,114.66999816894531,45.61603927612305,98.6993179321289,172.89500427246094,93.64956665039062
2015-04-10,28.211429595947266,33.39938735961914,47.13956069946289,115.97000122070312,45.7867317199707,99.10398864746094,173.83856201171875,93.78705596923828
2015-04-13,28.15593910217285,33.20465850830078,46.84074401855469,115.13999938964844,46.06130599975586,98.85568237304688,173.05226135253906,93.91730499267578
2015-04-14,28.03385353088379,33.35264205932617,47.189361572265625,114.44000244140625,46.7811393737793,98.57054138183594,173.38328552246094,94.58296203613281
2015-04-15,28.14039421081543,33.58631134033203,47.40278244018555,115.43000030517578,47.649356842041016,99.1867904663086,174.16131591796875,94.50336456298828
2015-04-16,28.004995346069336,33.851139068603516,47.530845642089844,115.02999877929688,47.352535247802734,99.04881286621094,174.1116943359375,94.03303527832031
2015-04-17,27.6898136138916,33.259185791015625,46.933250427246094,115.5999984741211,46.63272476196289,97.50364685058594,172.10873413085938,95.11112976074219
2015-04-20,28.322410583496094,33.22801971435547,46.98303985595703,114.72000122070312,46.92954635620117,98.96605682373047,173.6812744140625,94.27181243896484
2015-04-21,28.16925811767578,33.42274856567383,47.40278244018555,115.37999725341797,46.239418029785156,99.38909912109375,173.47439575195312,93.8448715209961
2015-04-22,28.548809051513672,33.78104782104492,47.49527359008789,113.83000183105469,46.70691680908203,99.93180084228516,174.32687377929688,92.41231536865234
2015-04-23,28.781875610351562,34.0302848815918,47.67314529418945,114.66000366210938,46.60301971435547,100.30890655517578,174.7655029296875,92.81028747558594
2015-04-24,28.917268753051758,34.1549072265625,47.95058822631836,113.05000305175781,46.454612731933594,101.67015075683594,175.17105102539062,93.38906860351562
2015-04-27,29.443315505981445,34.287330627441406,48.18536376953125,115.33000183105469,46.26167678833008,101.41259765625,174.44268798828125,93.38906860351562
2015-04-28,28.979421615600586,34.34185791015625,48.242286682128906,116.33000183105469,46.57334899902344,101.21028137207031,174.9972686767578,92.1011734008789
2015-04-29,28.553251266479492,33.91346740722656,47.82253646850586,115.51000213623047,47.19668197631836,100.57562255859375,174.27720642089844,90.9723892211914
2015-04-30,27.778602600097656,33.39938735961914,47.31741714477539,113.47000122070312,46.94440460205078,98.99363708496094,172.53086853027344,91.131591796875
2015-05-01,28.622055053710938,33.60189437866211,47.84388732910156,113.08000183105469,47.204124450683594,100.29969024658203,174.40133666992188,89.90482330322266
2015-05-04,28.56656837463379,33.79662322998047,47.79407501220703,114.0999984741211,48.027828216552734,100.46526336669922,174.8979034423828,89.05650329589844
2015-05-05,27.92287254333496,33.43053436279297,47.082637786865234,114.41999816894531,47.79036331176758,98.82809448242188,172.89500427246094,88.93328094482422
2015-05-06,27.747520446777344,33.01771926879883,47.203582763671875,114.36000061035156,47.43415832519531,98.14746856689453,172.18324279785156,87.41067504882812
2015-05-07,27.919147491455078,32.970985412597656,47.04707717895508,113.41999816894531,47.86456298828125,98.7361068725586,172.8701934814453,88.58524322509766
2015-05-08,28.44516944885254,33.39158630371094,48.13557052612305,113.97000122070312,48.59922409057617,99.96858978271484,175.1461944580078,88.82450866699219
2015-05-11,28.155412673950195,33.072235107421875,47.715816497802734,113.52999877929688,48.56955337524414,99.58224487304688,174.31028747558594,86.6639175415039
2015-05-12,28.05511474609375,32.963191986083984,47.68735885620117,114.5,48.502777099609375,99.13162994384766,173.7888946533203,86.88866424560547
2015-05-13,28.086313247680664,33.0255126953125,48.04307556152344,116.55000305175781,48.62150192260742,99.33395385742188,173.8219451904297,86.192626953125
2015-05-14,28.741613388061523,33.35264205932617,48.61933135986328,117.18000030517578,49.01482009887695,100.78717041015625,175.63453674316406,86.42462158203125
2015-05-15,28.701494216918945,33.60969161987305,48.676239013671875,117.52999877929688,48.88864517211914,100.78717041015625,175.82493591308594,88.15748596191406
2015-05-18,29.017995834350586,33.2669677734375,48.51262283325195,117.5199966430664,49.28938293457031,101.22868347167969,176.37110900878906,86.67842102050781
2015-05-19,28.99124526977539,33.32147979736328,48.32765197753906,115.88999938964844,49.727210998535156,101.11824798583984,176.31317138671875,85.9098892211914
2015-05-20,28.9890193939209,33.29812240600586,48.42013168334961,116.08000183105469,49.33391189575195,101.18267059326172,176.18907165527344,86.05488586425781
2015-05-21,29.285463333129883,33.1812858581543,48.676239013671875,115.69000244140625,49.46005630493164,101.7069091796875,176.7021942138672,87.25843048095703
2015-05-22,29.541784286499023,33.290340423583984,48.363224029541016,115.5999984741211,49.326473236083984,101.60574340820312,176.28009033203125,87.29471588134766
2015-05-26,28.890953063964844,32.76068115234375,47.49527359008789,113.91000366210938,48.77733612060547,100.43763732910156,174.3848114013672,88.78828430175781
2015-05-27,29.43033790588379,32.76848220825195,47.957706451416016,113.88999938964844,49.326473236083984,102.05642700195312,176.04006958007812,88.99131774902344
2015-05-28,29.372390747070312,32.34007263183594,47.87232971191406,114.0199966430664,49.12611389160156,101.82648468017578,175.8414764404297,88.77379608154297
2015-05-29,29.038055419921875,32.02851104736328,47.40989685058594,114.0999984741211,48.81443786621094,101.21944427490234,174.74891662597656,88.96952819824219
2015-06-01,29.09600257873535,31.90389060974121,47.281837463378906,114.0,49.037052154541016,101.55976104736328,175.1048583984375,88.0132827758789
2015-06-02,28.96673011779785,32.02851104736328,47.50239562988281,114.45999908447266,48.992530822753906,101.23785400390625,174.9310302734375,86.78535461425781
2015-06-03,29.002397537231445,31.86495018005371,47.7656135559082,113.63999938964844,49.49715042114258,101.5413589477539,175.39450073242188,85.39027404785156
2015-06-04,28.833005905151367,31.382022857666016,47.25337600708008,112.83999633789062,49.22259521484375,100.76875305175781,173.9130096435547,86.50200653076172
2015-06-05,28.67474365234375,31.2418155670166,46.69135284423828,112.23999786376953,50.031471252441406,100.52963256835938,173.61512756347656,85.44842529296875
2015-06-08,28.48529624938965,31.23402976989746,46.62732696533203,112.56999969482422,49.6381721496582,99.50870513916016,172.54742431640625,85.35395812988281
2015-06-09,28.400590896606445,31.04709243774414,46.3712043762207,112.81999969482422,49.85335922241211,99.34317779541016,172.5226287841797,84.67818450927734
2015-06-10,28.72600746154785,31.49884796142578,47.34586715698242,113.77999877929688,50.654823303222656,100.70439147949219,174.59161376953125,83.93708801269531
2015-06-11,28.66136360168457,31.343074798583984,47.47393035888672,113.26000213623047,50.84776306152344,100.85155487060547,175.1544952392578,85.70271301269531
2015-06-12,28.34486961364746,31.343074798583984,47.09686279296875,113.2300033569336,50.647403717041016,100.02375030517578,173.813720703125,85.70271301269531
2015-06-15,28.28915023803711,30.99258041381836,46.812294006347656,113.7300033569336,50.45445251464844,99.5271224975586,173.06878662109375,85.84078216552734
2015-06-16,28.440711975097656,31.000362396240234,46.798072814941406,113.31999969482422,50.7364501953125,100.06975555419922,174.01234436035156,86.51649475097656
2015-06-17,28.37384605407715,31.18729591369629,46.69135284423828,113.8499984741211,50.56576919555664,100.3456802368164,174.29371643066406,85.8480224609375
2015-06-18,28.503124237060547,31.47548484802246,47.11111068725586,115.31999969482422,51.040706634521484,101.80809783935547,176.10626220703125,85.42658996582031
2015-06-19,28.217817306518555,31.202877044677734,46.99727249145508,115.12000274658203,50.521240234375,101.30476379394531,175.32455444335938,86.5238037109375
2015-06-22,28.442935943603516,31.654644012451172,47.88656234741211,113.63999938964844,51.174285888671875,102.05147552490234,176.22271728515625,84.75812530517578
2015-06-23,28.313661575317383,31.96619415283203,48.01462173461914,112.88999938964844,51.76052474975586,102.13445281982422,176.34742736816406,84.24947357177734
2015-06-24,28.55438995361328,31.740325927734375,47.60198974609375,112.58999633789062,51.21879959106445,101.6089859008789,175.06666564941406,84.97611999511719
2015-06-25,28.418418884277344,31.631240844726562,47.58100509643555,112.44000244140625,50.94422912597656,101.40616607666016,174.53443908691406,84.67818450927734
2015-06-26,28.251253128051758,31.333059310913086,47.559303283691406,112.55999755859375,51.166847229003906,100.73318481445312,174.50115966796875,83.72639465332031
2015-06-29,27.756439208984375,30.634672164916992,46.09794998168945,113.06999969482422,49.868202209472656,98.35475158691406,170.84181213378906,85.9425048828125
2015-06-30,27.957042694091797,31.089801788330078,45.931556701660156,112.37000274658203,50.283782958984375,98.705078125,171.19949340820312,85.3466796875
2015-07-01,28.217817306518555,31.066253662109375,46.22816467285156,111.9800033569336,50.84397888183594,99.48865509033203,172.57167053222656,84.19469451904297
2015-07-02,28.182167053222656,31.21534538269043,46.28603744506836,111.76000213623047,50.43317413330078,99.51634216308594,172.4136505126953,84.47137451171875
2015-07-06,28.084087371826172,30.344331741333008,45.3527946472168,112.05999755859375,50.2912483215332,99.28584289550781,171.92300415039062,86.03702545166016
2015-07-07,28.014999389648438,29.889211654663086,45.36726379394531,110.76000213623047,49.895355224609375,99.5347671508789,173.00416564941406,86.8453598022461
2015-07-08,27.31957244873047,28.861248016357422,44.31103515625,111.08999633789062,48.872074127197266,97.80162048339844,170.10165405273438,87.59542083740234
2015-07-09,26.762351989746094,29.418392181396484,45.04171371459961,111.36000061035156,49.379974365234375,97.74632263183594,170.4093475341797,85.86955261230469
2015-07-10,27.477825164794922,30.16385841369629,46.517547607421875,111.48999786376953,50.08210372924805,99.23977661132812,172.55502319335938,84.5078125
2015-07-13,28.008304595947266,30.367874145507812,46.69116973876953,110.98999786376953,50.85890579223633,100.98210144042969,174.4596405029297,84.24563598632812
2015-07-14,27.997154235839844,30.42281150817871,47.08182907104492,110.73999786376953,51.568511962890625,101.64583587646484,175.2164306640625,84.5223388671875
2015-07-15,28.266860961914062,30.07753562927246,46.908203125,110.16000366210938,51.6805534362793,101.75648498535156,175.15823364257812,85.41806030273438
2015-07-16,28.643537521362305,30.454193115234375,47.31332778930664,109.76000213623047,51.9569091796875,103.1946029663086,176.563720703125,86.00790405273438
2015-07-17,28.890953063964844,30.41495704650879,47.2337532043457,108.6500015258789,51.695472717285156,104.71568298339844,176.71339416503906,86.4520492553711
2015-07-20,29.437030792236328,30.218788146972656,47.35674285888672,105.69999694824219,51.732826232910156,105.07524108886719,176.80487060546875,86.0880355834961
2015-07-21,29.14280891418457,30.226633071899414,47.21928024291992,105.37000274658203,51.61333084106445,105.01071166992188,176.10626220703125,86.55401611328125
2015-07-22,27.910236358642578,29.79505157470703,46.85755920410156,104.80000305175781,52.34532165527344,103.82148742675781,175.79026794433594,87.09295654296875
2015-07-23,27.896854400634766,29.50470542907715,46.734580993652344,104.33000183105469,52.01667785644531,103.43428039550781,174.800537109375,88.17792510986328
2015-07-24,27.749757766723633,29.080974578857422,46.22092819213867,105.3499984741211,51.47138214111328,102.42021179199219,172.98751831054688,88.39640045166016
2015-07-27,27.364164352416992,28.53168296813965,45.88090896606445,104.86000061035156,50.799171447753906,101.57206726074219,171.98121643066406,88.86970520019531
2015-07-28,27.5001163482666,28.822010040283203,46.45966720581055,105.0199966430664,50.829044342041016,102.4478988647461,174.0936279296875,88.22166442871094
2015-07-29,27.413192749023438,29.10451316833496,46.62605667114258,105.16999816894531,51.49380111694336,102.83509063720703,175.291259765625,87.8939208984375
2015-07-30,27.274999618530273,28.814170837402344,46.58989334106445,104.2699966430664,51.568511962890625,103.32366180419922,175.33285522460938,88.57112884521484
2015-07-31,27.03650665283203,29.128047943115234,46.86479949951172,104.93000030517578,51.18756866455078,103.20381164550781,175.06666564941406,89.2265396118164
2015-08-03,26.39904022216797,28.64154052734375,46.74181365966797,104.0999984741211,51.18756866455078,102.88116455078125,174.47618103027344,90.16577911376953
2015-08-04,25.55206298828125,28.74355125427246,46.77798843383789,104.30999755859375,51.13528060913086,102.68757629394531,174.13523864746094,89.45061492919922
2015-08-05,25.721460342407227,28.751401901245117,47.02396011352539,103.93000030517578,51.33696365356445,103.48040008544922,174.70913696289062,88.77915954589844
2015-08-06,25.777435302734375,28.50029182434082,46.8286247253418,104.38999938964844,50.978424072265625,101.82101440429688,173.27859497070312,89.56739807128906
2015-08-07,25.864755630493164,28.484594345092773,46.74181365966797,104.6500015258789,50.829044342041016,101.69196319580078,172.9459228515625,90.74235534667969
2015-08-10,26.80512809753418,28.96327018737793,47.31332778930664,105.72000122070312,51.45648956298828,102.85352325439453,175.12490844726562,89.6184310913086
2015-08-11,25.410242080688477,28.32765769958496,46.58989334106445,106.26000213623047,50.96349334716797,101.53523254394531,173.54470825195312,91.04155731201172
2015-08-12,25.802061080932617,27.888227462768555,46.25709915161133,107.75,50.22401428222656,101.88555145263672,173.75265502929688,90.54524993896484
2015-08-13,25.781911849975586,27.841140747070312,46.22816467285156,106.86000061035156,50.45556640625,101.7195816040039,173.53648376464844,90.25335693359375
2015-08-14,25.963268280029297,27.8803768157959,46.300514221191406,106.8499984741211,50.70954132080078,101.8763198852539,174.16845703125,90.46500396728516
2015-08-17,26.231952667236328,27.57435417175293,46.21369552612305,107.12999725341797,50.84397888183594,102.72442626953125,175.1415557861328,90.87368774414062
2015-08-18,26.08418083190918,27.276155471801758,45.86643600463867,107.11000061035156,50.948551177978516,102.19898986816406,174.6342315673828,90.15848541259766
2015-08-19,25.750566482543945,26.938739776611328,45.461307525634766,108.55000305175781,50.492923736572266,101.5260238647461,173.25360107421875,91.04881286621094
2015-08-20,25.22216033935547,26.515005111694336,44.36167526245117,110.44000244140625,49.25300979614258,98.71428680419922,169.63587951660156,91.9683837890625
2015-08-21,23.679508209228516,25.698915481567383,43.34885787963867,111.12999725341797,47.50515365600586,94.39990997314453,164.52944946289062,92.24568939208984
2015-08-24,23.088411331176758,24.576797485351562,41.851318359375,110.52999877929688,45.00293731689453,90.76773071289062,157.6016082763672,92.21649932861328
2015-08-25,23.22722625732422,24.89067268371582,42.24921417236328,109.16000366210938,44.74897003173828,90.42662048339844,155.74696350097656,90.7350082397461
2015-08-26,24.55942153930664,25.714609146118164,43.2475700378418,107.66999816894531,46.989784240722656,94.9806900024414,161.72666931152344,88.98353576660156
2015-08-27,25.282623291015625,26.8524227142334,43.775691986083984,107.7300033569336,48.162479400634766,97.38678741455078,165.7270050048828,89.03458404541016
2015-08-28,25.365467071533203,26.507156372070312,43.71057891845703,108.69999694824219,47.901039123535156,97.36835479736328,165.73532104492188,89.2973403930664
2015-08-31,25.246789932250977,26.554241180419922,43.38502502441406,108.81999969482422,47.87863540649414,96.16069030761719,164.39633178710938,88.61129760742188
2015-09-01,24.11834716796875,25.526281356811523,41.93090057373047,109.19999694824219,45.899261474609375,93.1553726196289,159.48948669433594,89.24980926513672
2015-09-02,25.15275001525879,25.89508819580078,42.55305480957031,108.62000274658203,46.7358283996582,95.78275299072266,162.51678466796875,88.4819107055664
2015-09-03,24.71168327331543,25.997100830078125,42.65434265136719,107.83999633789062,46.8179931640625,95.31260681152344,162.6332244873047,88.91341400146484
2015-09-04,24.465391159057617,25.22024917602539,41.67768859863281,107.48999786376953,45.93659973144531,94.17866516113281,160.17147827148438,89.72515106201172
2015-09-08,25.14603614807129,26.020645141601562,42.90031433105469,107.5199966430664,47.1765251159668,96.83365631103516,164.1967010498047,88.40145111083984
2015-09-09,24.662416458129883,25.88724708557129,42.72667694091797,106.12999725341797,46.444515228271484,95.7458724975586,162.0011749267578,88.82565307617188
2015-09-10,25.204254150390625,26.154037475585938,43.00883483886719,106.37999725341797,46.80305480957031,96.78758239746094,162.8827362060547,88.22586822509766
2015-09-11,25.57145118713379,26.25604820251465,43.00159454345703,106.16000366210938,46.72835159301758,97.32225799560547,163.62290954589844,88.78174591064453
2015-09-14,25.817737579345703,26.21681785583496,42.676048278808594,106.22000122070312,46.59391403198242,97.02725219726562,163.01576232910156,88.92071533203125
2015-09-15,26.034914016723633,26.467924118041992,42.965431213378906,105.9000015258789,47.490238189697266,98.17039489746094,165.05337524414062,87.21660614013672
2015-09-16,26.06401824951172,27.111377716064453,43.62376403808594,107.30999755859375,47.90852355957031,98.72351837158203,166.4838409423828,86.88748168945312
2015-09-17,25.506515502929688,27.048603057861328,43.64546585083008,108.41000366210938,46.79558563232422,98.76036834716797,166.10952758789062,87.94799041748047
2015-09-18,25.401283264160156,26.5463924407959,42.55305480957031,109.20999908447266,45.51830291748047,97.3557357788086,163.39515686035156,89.30105590820312
2015-09-21,25.795347213745117,26.49931526184082,42.5313606262207,108.52999877929688,45.899261474609375,97.66067504882812,164.23948669433594,87.84559631347656
2015-09-22,25.390090942382812,26.004947662353516,41.518531799316406,107.79000091552734,45.49591064453125,96.20059204101562,162.10768127441406,89.06696319580078
2015-09-23,25.596071243286133,25.58905601501465,41.32320785522461,108.22000122070312,45.294227600097656,96.27452087402344,161.8485565185547,89.05966186523438
2015-09-24,25.74833106994629,25.479198455810547,41.20745849609375,110.48999786376953,44.980533599853516,95.92333984375,161.26336669921875,89.66670989990234
2015-09-25,25.683387756347656,25.42426872253418,41.56917190551758,109.80999755859375,45.91419219970703,95.11011505126953,161.22154235839844,88.8914566040039
2015-09-28,25.175148010253906,24.882823944091797,40.751678466796875,108.41999816894531,44.80126190185547,92.4024658203125,157.1753692626953,90.41270446777344
2015-09-29,24.41836166381836,25.000532150268555,40.69380569458008,107.9800033569336,44.69668960571289,91.92192840576172,157.2672882080078,90.6686782836914
2015-09-30,24.696002960205078,25.72245979309082,41.46788787841797,106.86000061035156,45.540714263916016,94.03814697265625,160.20164489746094,90.35419464111328
2015-10-01,24.534801483154297,25.86370277404785,41.598106384277344,106.7300033569336,45.87685012817383,94.46324920654297,160.61962890625,90.73967742919922
2015-10-02,24.713912963867188,26.554241180419922,42.30708694458008,108.98999786376953,45.74895095825195,96.11742401123047,163.01893615722656,91.28939056396484
2015-10-05,24.80348014831543,27.1270751953125,43.14628601074219,108.7699966430664,46.659263610839844,97.49433898925781,165.91981506347656,90.05078887939453
2015-10-06,24.92214012145996,27.07998275756836,43.19692611694336,109.86000061035156,46.681846618652344,97.03228759765625,165.3513641357422,90.439208984375
2015-10-07,24.80348014831543,27.801910400390625,43.73950958251953,109.69999694824219,46.74202346801758,97.61448669433594,166.70567321777344,90.13874816894531
2015-10-08,24.51688003540039,28.100095748901367,44.086769104003906,109.13999938964844,46.74202346801758,98.00260925292969,168.21051025390625,89.38383483886719
2015-10-09,25.103498458862305,28.20210838317871,44.166343688964844,110.87000274658203,46.591552734375,98.44618225097656,168.31077575683594,89.61835479736328
2015-10-12,24.987070083618164,27.990234375,44.07952117919922,111.30999755859375,46.43357849121094,98.68644714355469,168.46957397460938,90.29995727539062
2015-10-13,25.029619216918945,27.53511619567871,43.52247619628906,111.86000061035156,46.305667877197266,98.04878997802734,167.40794372558594,90.45384216308594
2015-10-14,24.67585563659668,27.746976852416992,43.609283447265625,113.80999755859375,45.13204574584961,97.89173126220703,166.60533142089844,91.24539947509766
2015-10-15,25.0452880859375,28.421823501586914,44.35444259643555,113.29000091552734,46.561458587646484,99.49969482421875,169.16351318359375,90.79833221435547
2015-10-16,24.861684799194336,28.44536018371582,44.31827163696289,112.48999786376953,46.96772003173828,99.91553497314453,169.9326171875,90.82767486572266
2015-10-19,25.016185760498047,28.155025482177734,44.166343688964844,112.0199966430664,46.80973434448242,100.48848724365234,170.01620483398438,90.57843780517578
2015-10-20,25.47292709350586,28.147180557250977,43.98548126220703,112.7300033569336,47.03544235229492,99.97097778320312,169.7988739013672,90.02144622802734
2015-10-21,25.470693588256836,27.7391300201416,43.963775634765625,111.7300033569336,46.689361572265625,99.36105346679688,168.7454833984375,90.91560363769531
2015-10-22,25.86027717590332,28.311967849731445,44.45572280883789,111.69000244140625,47.53949737548828,101.3848648071289,171.59622192382812,91.06949615478516
2015-10-23,26.661828994750977,28.47675323486328,44.897029876708984,111.5,48.05107498168945,104.22193908691406,173.47723388671875,90.29266357421875
2015-10-26,25.811017990112305,28.217798233032227,44.73063278198242,111.43000030517578,48.073646545410156,104.2865982055664,173.05081176757812,90.89360046386719
2015-10-27,25.647571563720703,27.89607810974121,44.33997344970703,111.68000030517578,47.87803649902344,104.49916076660156,172.71644592285156,91.12083435058594
2015-10-28,26.704376220703125,27.57435417175293,44.62934494018555,110.77999877929688,49.27735137939453,105.36782836914062,174.6810302734375,90.75434112548828
2015-10-29,26.986486434936523,27.315397262573242,44.30379867553711,109.72000122070312,49.059181213378906,105.20148468017578,174.58078002929688,89.31053161621094
2015-10-30,26.755868911743164,27.362478256225586,44.20976257324219,109.30000305175781,48.33695602416992,104.73019409179688,173.8282928466797,89.98480224609375
2015-11-02,27.132020950317383,27.903926849365234,44.62934494018555,108.58999633789062,49.30746841430664,105.91305541992188,175.8848876953125,89.5712890625
2015-11-03,27.443235397338867,28.272724151611328,44.6148796081543,106.9800033569336,49.48801040649414,106.2826919555664,176.3948516845703,88.83683013916016
2015-11-04,27.315622329711914,28.045166015625,44.3689079284668,105.97000122070312,49.54066848754883,106.29194641113281,175.85980224609375,88.93963623046875
2015-11-05,27.189695358276367,28.092252731323242,44.28933334350586,105.63999938964844,49.98454666137695,106.00546264648438,175.68421936035156,88.70459747314453
2015-11-06,27.221176147460938,27.699899673461914,44.086769104003906,104.0999984741211,51.50424575805664,106.07939910888672,175.59226989746094,87.40457153320312
2015-11-09,27.111000061035156,27.00936508178711,43.63098907470703,104.4000015258789,50.69924545288086,104.95196533203125,173.95376586914062,86.91243743896484
2015-11-10,26.256540298461914,26.891653060913086,43.602054595947266,104.18000030517578,50.91743469238281,104.68395233154297,174.3550262451172,87.16947937011719
2015-11-11,26.108131408691406,26.946584701538086,43.82632064819336,103.83000183105469,50.669158935546875,104.55461120605469,173.6695098876953,86.98593139648438
2015-11-12,26.020437240600586,26.68763542175293,43.254798889160156,103.8499984741211,49.653507232666016,103.53805541992188,171.24510192871094,87.40457153320312
2015-11-13,25.260419845581055,26.318822860717773,42.8930778503418,103.55999755859375,49.32249069213867,101.50503540039062,169.3223114013672,87.9040298461914
2015-11-16,25.67416000366211,26.82887840270996,43.43566131591797,103.70999908447266,50.037208557128906,102.9651107788086,171.89720153808594,87.82323455810547
2015-11-17,25.56398582458496,26.750410079956055,43.55141830444336,102.33999633789062,49.75132369995117,103.02981567382812,171.7718048095703,87.97010803222656
2015-11-18,26.373462677001953,27.040752410888672,43.94931411743164,102.43000030517578,50.744388580322266,105.00740814208984,174.49710083007812,88.15373992919922
2015-11-19,26.70850372314453,27.28400230407715,44.173583984375,103.55999755859375,50.90240478515625,105.08133697509766,174.3466033935547,88.74131774902344
2015-11-20,26.825429916381836,27.558645248413086,44.072288513183594,103.08999633789062,50.81209945678711,105.79293823242188,174.98202514648438,88.46955871582031
2015-11-23,26.476898193359375,27.29970359802246,43.797393798828125,102.26000213623047,50.3155632019043,105.48795318603516,174.7813720703125,88.74131774902344
2015-11-24,26.730987548828125,27.440946578979492,43.80462646484375,102.94000244140625,50.240325927734375,105.39556121826172,175.0154266357422,88.73396301269531
2015-11-25,26.539859771728516,27.22907829284668,43.9058952331543,102.45999908447266,50.300533294677734,105.48795318603516,174.99037170410156,88.93963623046875
2015-11-27,26.490388870239258,26.63269805908203,43.91313934326172,101.25,50.53374099731445,105.63580322265625,175.19105529785156,88.85149383544922
2015-11-30,26.60056495666504,26.671939849853516,43.87696838378906,101.91999816894531,50.16510009765625,105.36782836914062,174.4636993408203,89.2040786743164
2015-12-01,26.384695053100586,26.875961303710938,44.33997344970703,102.27999877929688,50.86477279663086,106.42133331298828,176.12734985351562,90.40894317626953
2015-12-02,26.146358489990234,26.554241180419922,43.86973571777344,100.69000244140625,50.15006637573242,105.76519775390625,174.32998657226562,90.43838500976562
2015-12-03,25.90351676940918,26.405139923095703,43.65993118286133,101.76000213623047,49.50307083129883,103.97241973876953,171.8888397216797,87.97998046875
2015-12-04,26.76471710205078,26.58562660217285,44.01442337036133,104.0199966430664,51.0754280090332,106.40283203125,175.24118041992188,88.75286102294922
2015-12-07,26.596071243286133,26.146188735961914,43.73227310180664,102.66999816894531,50.40585708618164,105.92227935791016,174.17942810058594,89.61404418945312
2015-12-08,26.584829330444336,25.855854034423828,43.088409423828125,102.83999633789062,49.623435974121094,105.93153381347656,173.00906372070312,89.65815734863281
2015-12-09,25.997955322265625,25.643983840942383,42.8930778503418,102.63999938964844,49.247283935546875,104.32357025146484,171.6630401611328,89.5625228881836
2015-12-10,26.12162208557129,25.471351623535156,42.90031433105469,102.55000305175781,49.36011505126953,104.79486083984375,172.106201171875,89.6802749633789
2015-12-11,25.449298858642578,24.75727653503418,42.082820892333984,103.11000061035156,48.2015495300293,102.38294219970703,168.7705535888672,91.0934829711914
2015-12-14,25.29190444946289,25.157472610473633,42.14793014526367,101.79000091552734,48.35200500488281,103.15914916992188,169.62327575683594,89.91582489013672
2015-12-15,24.84443473815918,25.541973114013672,42.35772705078125,101.5199966430664,49.7287712097168,103.7875747680664,171.4039764404297,89.38591003417969
2015-12-16,25.03556251525879,26.044178009033203,43.211395263671875,102.75,50.80458068847656,105.33087158203125,173.91188049316406,89.1944808959961
2015-12-17,24.504898071289062,25.706758499145508,42.66157531738281,100.5,49.86418151855469,103.79682159423828,171.26182556152344,90.20287322998047
2015-12-18,23.84157371520996,25.620452880859375,42.21303939819336,102.04000091552734,48.44980239868164,101.80577087402344,168.21078491210938,90.70338439941406
2015-12-21,24.13388442993164,25.820472717285156,42.40862274169922,103.1500015258789,49.30746841430664,102.9366455078125,169.598388671875,90.68128967285156
2015-12-22,24.11141014099121,26.027673721313477,42.729740142822266,102.61000061035156,49.412784576416016,103.61332702636719,171.13739013671875,90.02622985839844
2015-12-23,24.421710968017578,26.394256591796875,43.44493865966797,102.30999755859375,50.202720642089844,104.38262939453125,173.25657653808594,89.34905242919922
2015-12-24,24.291284561157227,26.298627853393555,43.37196731567383,103.05000305175781,50.104923248291016,104.36410522460938,172.97067260742188,89.8609390258789
2015-12-28,24.01921844482422,26.115337371826172,43.26978302001953,102.2699966430664,49.93941116333008,104.30847930908203,172.575439453125,90.12652587890625
2015-12-29,24.450937271118164,26.13924789428711,43.70037078857422,102.19999694824219,50.45851516723633,105.94916534423828,174.41714477539062,88.62918090820312
2015-12-30,24.131641387939453,25.732807159423828,43.437644958496094,101.41999816894531,50.09739685058594,104.99443817138672,173.1809539794922,88.54063415527344
2015-12-31,23.668437957763672,25.653121948242188,42.85380554199219,101.45999908447266,49.67609405517578,103.68743133544922,171.44854736328125,88.93898010253906
2016-01-04,23.688674926757812,24.951824188232422,42.19697952270508,102.88999938964844,48.1840705871582,101.49988555908203,169.05178833007812,89.58069610595703
2016-01-05,23.09505271911621,25.007600784301758,42.13130569458008,103.18000030517578,48.26738357543945,101.32376861572266,169.33767700195312,89.21923828125
2016-01-06,22.643089294433594,24.52945327758789,41.437984466552734,104.66999816894531,47.570594787597656,100.35045623779297,167.20169067382812,90.42151641845703
2016-01-07,21.68745231628418,23.772367477416992,40.57683563232422,106.1500015258789,45.64687728881836,97.20816802978516,163.19020080566406,90.58377838134766
2016-01-08,21.802120208740234,23.517353057861328,40.087867736816406,105.68000030517578,44.624420166015625,96.41098022460938,161.39892578125,90.98944091796875
2016-01-11,22.155147552490234,23.509384155273438,40.255714416503906,104.73999786376953,44.5562629699707,96.70758819580078,161.55873107910156,89.99371337890625
2016-01-12,22.476694107055664,23.557199478149414,40.445465087890625,104.20999908447266,44.654701232910156,97.82917022705078,162.86219787597656,91.29186248779297
2016-01-13,21.89881134033203,23.310148239135742,39.817840576171875,104.72000122070312,43.42776870727539,94.45513916015625,158.8003692626953,92.1917724609375
2016-01-14,22.377756118774414,23.61298370361328,40.32870101928711,103.0199966430664,44.0791015625,96.46659851074219,161.40733337402344,91.3287582397461
2016-01-15,21.840347290039062,22.680578231811523,38.86909866333008,104.08000183105469,43.20055389404297,93.47256469726562,157.94253540039062,92.7523193359375
2016-01-19,21.734668731689453,23.01528549194336,39.22670364379883,103.9800033569336,43.177833557128906,93.67648315429688,158.15280151367188,92.46458435058594
2016-01-20,21.763900756835938,22.51321792602539,38.33634948730469,105.37000274658203,42.04177474975586,93.3891372680664,156.12606811523438,93.4382553100586
2016-01-21,21.65372085571289,22.60088348388672,38.6209716796875,105.48999786376953,41.844844818115234,93.48184204101562,157.00070190429688,92.80396270751953
2016-01-22,22.804983139038086,23.373903274536133,39.759464263916016,105.0,43.13238525390625,96.18849182128906,160.2215576171875,92.44989013671875
2016-01-25,22.359769821166992,22.97543716430664,39.22670364379883,106.08000183105469,42.15538787841797,94.7610092163086,157.79959106445312,92.95143127441406
2016-01-26,22.483434677124023,23.310148239135742,39.92730712890625,107.29000091552734,43.2308464050293,95.61380004882812,159.9524688720703,92.9957275390625
2016-01-27,21.006128311157227,23.23045539855957,39.6718864440918,107.69000244140625,43.20055389404297,93.23155975341797,158.21165466308594,92.97358703613281
2016-01-28,21.156784057617188,23.597042083740234,39.788658142089844,106.54000091552734,43.38233184814453,94.54781341552734,159.03578186035156,93.10636138916016
2016-01-29,21.887569427490234,24.36209487915039,40.489253997802734,106.94999694824219,45.06369400024414,96.522216796875,162.9126739501953,93.89559173583984
2016-02-01,21.682952880859375,24.130990982055664,40.445465087890625,108.05000305175781,44.57896423339844,96.78175354003906,162.8538055419922,93.60814666748047
2016-02-02,21.244478225708008,23.349990844726562,39.50402069091797,108.08999633789062,43.19297409057617,94.68685913085938,159.91885375976562,95.34476470947266
2016-02-03,21.664962768554688,24.01144790649414,39.83243179321289,109.25,43.48078536987305,94.23265838623047,160.8775634765625,94.55402374267578
2016-02-04,21.83903694152832,24.194740295410156,39.88352584838867,110.56999969482422,44.23058319091797,94.22339630126953,161.12985229492188,95.01221466064453
2016-02-05,21.255760192871094,23.915815353393555,39.2704963684082,112.31999969482422,43.73828125,90.95130920410156,158.06033325195312,95.12306213378906
2016-02-08,21.479578018188477,23.58907699584961,38.54069137573242,113.83000183105469,42.821876525878906,89.56089782714844,155.93260192871094,97.17011260986328
2016-02-09,21.475059509277344,23.262340545654297,38.09551239013672,113.58000183105469,42.564369201660156,89.28279876708984,155.94105529785156,97.27352905273438
2016-02-10,21.31227684020996,23.35796546936035,38.05172348022461,114.45999908447266,42.04934310913086,89.62579345703125,155.80648803710938,98.13074493408203
2016-02-11,21.183420181274414,22.967470169067383,37.4970817565918,119.05999755859375,40.19377899169922,89.49597930908203,153.77976989746094,98.8180160522461
2016-02-12,21.248973846435547,23.365934371948242,38.153892517089844,118.36000061035156,43.54137420654297,90.85860443115234,156.95021057128906,97.1774673461914
2016-02-16,21.84808349609375,23.88393783569336,38.92748260498047,114.7699966430664,44.192710876464844,92.90714263916016,159.59921264648438,96.15022277832031
2016-02-17,22.182676315307617,24.354124069213867,39.59889221191406,115.4800033569336,44.51081085205078,95.01127624511719,162.20626831054688,95.5590591430664
2016-02-18,21.76217269897461,24.210678100585938,39.39456558227539,118.29000091552734,43.78374099731445,93.92676544189453,161.54190063476562,96.7339859008789
2016-02-19,21.712440490722656,24.099105834960938,39.35076904296875,117.58000183105469,43.79130172729492,94.204833984375,161.4661865234375,96.8153305053711
2016-02-22,21.9023380279541,24.696805953979492,39.79594802856445,115.48999786376953,44.359336853027344,95.73431396484375,163.80406188964844,96.76363372802734
2016-02-23,21.407230377197266,24.170833587646484,39.146419525146484,117.22000122070312,42.50376892089844,94.15850067138672,161.7353057861328,97.15532684326172
2016-02-24,21.725996017456055,24.115047454833984,39.00777053833008,117.61000061035156,42.518917083740234,95.05765533447266,162.47537231445312,96.9631576538086
2016-02-25,21.875215530395508,24.194740295410156,39.47483444213867,117.91999816894531,43.177833557128906,95.99385070800781,164.4433135986328,97.31046295166016
2016-02-26,21.909128189086914,23.955659866333008,39.3726692199707,117.11000061035156,43.57925033569336,95.87332916259766,164.0647735595703,96.37195587158203
2016-02-29,21.85938835144043,24.162860870361328,39.139129638671875,118.63999938964844,42.64008712768555,95.01127624511719,162.77816772460938,96.79317474365234
2016-03-01,22.72751808166504,25.023544311523438,40.16085433959961,117.7699966430664,44.836490631103516,98.0609359741211,166.60452270507812,95.08877563476562
2016-03-02,22.777263641357422,25.358251571655273,40.438167572021484,118.68000030517578,45.26060485839844,98.09799194335938,167.3529815673828,95.48119354248047
2016-03-03,22.946813583374023,25.64514923095703,40.83225631713867,120.7300033569336,45.41208267211914,97.91261291503906,168.0089569091797,95.82915496826172
2016-03-04,23.28819465637207,26.155181884765625,41.13148498535156,120.54000091552734,45.480255126953125,97.94967651367188,168.5555419921875,95.2146224975586
2016-03-07,23.03046989440918,26.115337371826172,41.08039855957031,121.13999938964844,45.39693832397461,97.34719848632812,168.69015502929688,95.18502044677734
2016-03-08,22.840564727783203,25.669055938720703,40.67900466918945,120.58000183105469,44.51839065551758,96.540771484375,166.848388671875,96.2363510131836
2016-03-09,22.86090660095215,25.828441619873047,40.83225631713867,119.58000183105469,44.77588653564453,97.16179656982422,167.6725311279297,95.6514892578125
2016-03-10,22.872215270996094,25.868288040161133,40.76658630371094,121.5,44.38961410522461,97.01346588134766,167.80709838867188,95.25907135009766
2016-03-11,23.118635177612305,26.410198211669922,41.83208084106445,119.41000366210938,44.94251251220703,98.70977783203125,170.51502990722656,94.29653930664062
2016-03-14,23.177417755126953,26.250812530517578,41.7445068359375,117.87000274658203,44.77588653564453,98.87662506103516,170.2964324951172,94.59272003173828
2016-03-15,23.643136978149414,25.876258850097656,41.35042190551758,117.95999908447266,44.836490631103516,98.83952331542969,170.0188751220703,94.68157196044922
2016-03-16,23.957382202148438,26.394256591796875,41.71532440185547,120.58999633789062,44.624420166015625,99.72012329101562,171.0027618408203,94.96289825439453
2016-03-17,23.918954849243164,26.976024627685547,42.03643035888672,120.12999725341797,44.49565887451172,99.66452026367188,172.0876922607422,95.35530853271484
2016-03-18,23.946083068847656,27.119464874267578,41.96345138549805,119.80000305175781,45.8059196472168,99.82070922851562,172.76390075683594,95.55524444580078
2016-03-21,23.943815231323242,27.175247192382812,41.89775848388672,118.95999908447266,45.79076385498047,100.21119689941406,173.00901794433594,94.8222427368164
2016-03-22,24.126943588256836,27.111501693725586,41.824790954589844,119.30999755859375,45.624141693115234,100.5179672241211,172.9160919189453,94.79999542236328
2016-03-23,23.99355125427246,26.649276733398438,41.40150833129883,116.61000061035156,45.39693832397461,99.69056701660156,171.77493286132812,95.87361145019531
2016-03-24,23.88956069946289,26.585525512695312,41.12417984008789,116.33000183105469,45.04853820800781,99.71846771240234,171.6988525390625,95.91062927246094
2016-03-28,23.78104019165039,26.673189163208008,41.372310638427734,116.5999984741211,44.98795700073242,99.5789794921875,171.80029296875,96.0365219116211
2016-03-29,24.343975067138672,27.039770126342773,41.8174934387207,118.76000213623047,44.707725524902344,101.1780776977539,173.38951110839844,97.04342651367188
2016-03-30,24.769001007080078,27.31869125366211,42.13130569458008,117.0999984741211,45.222740173339844,101.67078399658203,174.1501922607422,96.02166748046875
2016-03-31,24.640132904052734,27.29478645324707,41.71532440185547,117.63999938964844,44.851619720458984,101.52204895019531,173.72750854492188,96.7028579711914
2016-04-01,24.86620330810547,27.215099334716797,41.270145416259766,116.93000030517578,45.343929290771484,102.6004867553711,174.9109649658203,96.95509338378906
2016-04-04,25.12167739868164,26.888364791870117,41.18256378173828,116.1500015258789,45.16843032836914,102.21001434326172,174.3446502685547,97.01445007324219
2016-04-05,24.825517654418945,26.362380981445312,40.372493743896484,117.66000366210938,44.527530670166016,101.22456359863281,172.60330200195312,98.07536315917969
2016-04-06,25.085506439208984,26.681154251098633,41.0293083190918,116.94000244140625,44.87088394165039,102.88870239257812,174.48834228515625,97.36312103271484
2016-04-07,24.538400650024414,26.147216796875,40.430870056152344,118.61000061035156,43.734031677246094,101.41047668457031,172.4003448486328,98.56507873535156
2016-04-08,24.56553077697754,26.601463317871094,41.20445251464844,118.43000030517578,44.05448532104492,101.33611297607422,172.86529541015625,97.94184112548828
2016-04-11,24.64691162109375,26.94414710998535,41.226341247558594,120.02999877929688,44.40545654296875,100.96424102783203,172.4595947265625,97.81571960449219
2016-04-12,24.967947006225586,27.35854721069336,41.83938217163086,120.05000305175781,45.22947311401367,101.81027221679688,174.06565856933594,97.14055633544922
2016-04-13,25.329668045043945,27.844675064086914,42.50350570678711,118.7699966430664,47.144554138183594,103.11181640625,175.82386779785156,97.48182678222656
2016-04-14,25.343236923217773,27.709190368652344,42.64216613769531,117.11000061035156,47.75493621826172,103.12113189697266,175.8323974609375,97.01445007324219
2016-04-15,24.834558486938477,27.549814224243164,42.54728698730469,117.91999816894531,47.205589294433594,102.86079406738281,175.63796997070312,97.84536743164062
2016-04-18,24.298757553100586,27.677316665649414,42.91218948364258,117.73999786376953,47.51078414916992,103.4093017578125,176.87210083007812,97.42252349853516
2016-04-19,24.16989517211914,28.099689483642578,43.656585693359375,119.58000183105469,48.31190490722656,102.77710723876953,177.43006896972656,97.11829376220703
2016-04-20,24.219621658325195,27.972183227539062,43.69307327270508,118.97000122070312,49.013858795166016,102.86079406738281,177.59906005859375,96.05000305175781
2016-04-21,23.957382202148438,27.693256378173828,43.43034744262695,119.41999816894531,48.52553939819336,102.87008666992188,176.64390563964844,95.47866821289062
2016-04-22,23.891820907592773,27.52589988708496,43.45223617553711,117.88999938964844,48.80784225463867,101.31751251220703,176.64390563964844,95.2337875366211
2016-04-25,23.756175994873047,27.350574493408203,43.233299255371094,118.2300033569336,48.52553939819336,101.31751251220703,176.33963012695312,94.84058380126953
2016-04-26,23.591136932373047,27.64544105529785,43.38655090332031,118.69999694824219,48.77732849121094,100.82477569580078,176.60157775878906,94.41027069091797
2016-04-27,22.114849090576172,27.812795639038086,43.41575241088867,119.04000091552734,48.9146728515625,100.01593017578125,176.96510314941406,95.35253143310547
2016-04-28,21.438880920410156,27.52589988708496,42.82461166381836,121.29000091552734,48.52553939819336,98.807373046875,175.35897827148438,95.7457504272461
2016-04-29,21.19245719909668,27.406356811523438,42.64216613769531,123.6500015258789,48.22035217285156,98.28672790527344,174.41224670410156,95.99058532714844
2016-05-02,21.169851303100586,27.334640502929688,43.04355239868164,123.23999786376953,48.67051315307617,99.21644592285156,175.79855346679688,95.02415466308594
2016-05-03,21.518007278442383,26.561614990234375,42.33564376831055,122.95999908447266,47.732051849365234,98.2960205078125,174.2685546875,96.22103881835938
2016-05-04,21.294191360473633,26.13127326965332,41.84668731689453,122.20999908447266,46.97669982910156,97.66385650634766,173.29644775390625,96.74889373779297
2016-05-05,21.207767486572266,26.123308181762695,41.75911331176758,122.06999969482422,46.724918365478516,97.63594055175781,173.26268005371094,97.39562225341797
2016-05-06,21.08948516845703,26.16315269470215,41.87587356567383,123.18000030517578,46.99958038330078,98.15660095214844,173.89662170410156,96.97935485839844
2016-05-09,21.105403900146484,25.828441619873047,41.78828430175781,120.6500015258789,46.70203399658203,98.43548583984375,174.04031372070312,97.28412628173828
2016-05-10,21.248701095581055,26.32253646850586,42.38673400878906,120.9800033569336,47.335304260253906,99.78353881835938,176.20433044433594,97.29157257080078
2016-05-11,21.041715621948242,26.2587833404541,42.02183532714844,122.12000274658203,47.15980911254883,98.8817138671875,174.55593872070312,97.84169006347656
2016-05-12,20.548139572143555,26.187063217163086,42.007240295410156,121.16000366210938,47.12929153442383,98.44476318359375,174.60662841796875,97.39562225341797
2016-05-13,20.589088439941406,25.716876983642578,41.57666015625,121.70999908447266,46.69440460205078,98.08219909667969,173.08511352539062,98.33979797363281
2016-05-16,21.353330612182617,26.027673721313477,42.07291793823242,121.80000305175781,47.04536437988281,99.30936431884766,174.7926025390625,97.49227905273438
2016-05-17,21.26462745666504,25.908138275146484,41.76640319824219,122.22000122070312,47.04536437988281,98.06360626220703,173.16119384765625,97.65583038330078
2016-05-18,21.50800323486328,25.653121948242188,41.781002044677734,120.0999984741211,48.861263275146484,98.41690063476562,173.21189880371094,96.26565551757812
2016-05-19,21.426115036010742,25.414037704467773,41.48178482055664,119.87000274658203,48.365325927734375,97.90555572509766,172.6117706298828,96.68199920654297
2016-05-20,21.658113479614258,25.669055938720703,41.824790954589844,119.70999908447266,48.456878662109375,98.98401641845703,173.70220947265625,96.75630187988281
2016-05-23,21.933338165283203,25.621244430541992,41.686134338378906,119.37000274658203,48.41872787475586,98.85385131835938,173.4655303955078,96.9719009399414
2016-05-24,22.267702102661133,25.884227752685547,42.2918586730957,117.30000305175781,49.24275207519531,100.83407592773438,175.7140655517578,96.54071044921875
2016-05-25,22.658916473388672,26.195026397705078,42.73704528808594,116.9800033569336,49.990482330322266,101.55923461914062,176.90586853027344,96.17642211914062
2016-05-26,22.83860206604004,26.370357513427734,42.85380554199219,116.58000183105469,49.616607666015625,101.85673522949219,176.95663452148438,96.67448425292969
2016-05-27,22.824954986572266,26.362380981445312,42.81002426147461,115.62000274658203,49.92179870605469,102.38666534423828,177.71737670898438,96.53329467773438
2016-05-31,22.7135066986084,26.394256591796875,42.60567855834961,116.05999755859375,49.79972457885742,102.58187103271484,177.37925720214844,96.76370239257812
2016-06-01,22.39506721496582,26.378324508666992,42.569183349609375,115.94000244140625,50.120174407958984,102.59119415283203,177.7427520751953,97.1563491821289
2016-06-02,22.226755142211914,26.593494415283203,42.569183349609375,115.66999816894531,50.21173858642578,102.80501556396484,178.28378295898438,97.8565902709961
2016-06-03,22.272233963012695,26.999929428100586,42.846500396728516,118.87999725341797,49.31904602050781,102.32157135009766,177.75120544433594,99.24966430664062
2016-06-06,22.433734893798828,27.286821365356445,43.087337493896484,118.91999816894531,49.807350158691406,102.69345092773438,178.6556854248047,98.51211547851562
2016-06-07,22.524721145629883,27.533872604370117,43.40114974975586,118.81999969482422,49.63951110839844,102.43312072753906,178.93466186523438,98.7505111694336
2016-06-08,22.50425148010254,27.73309898376465,43.488739013671875,120.58000183105469,49.78447723388672,102.6097640991211,179.51791381835938,99.27941131591797
2016-06-09,22.665740966796875,27.41433334350586,42.955970764160156,121.25,49.40296936035156,102.44243621826172,179.27276611328125,99.92013549804688
2016-06-10,22.47922706604004,26.72100067138672,41.70802688598633,121.73999786376953,48.708656311035156,101.28034973144531,177.57374572753906,100.40432739257812
2016-06-13,22.14031982421875,26.346450805664062,41.102291107177734,122.63999938964844,48.27376174926758,100.43431854248047,176.20433044433594,100.85132598876953
2016-06-14,22.16761589050293,26.2587833404541,40.445465087890625,122.7699966430664,47.365821838378906,100.43431854248047,175.857666015625,100.77678680419922
2016-06-15,22.09482765197754,26.53770637512207,40.71548843383789,123.68000030517578,47.281883239746094,100.14610290527344,175.6125946044922,101.16417694091797
2016-06-16,22.18808364868164,26.442079544067383,40.803070068359375,122.37999725341797,47.4726448059082,100.4436264038086,176.1366729736328,101.65580749511719
2016-06-17,21.683147430419922,26.51380157470703,41.20445251464844,123.94999694824219,47.51841735839844,99.26628112792969,175.48074340820312,101.02257537841797
2016-06-20,21.63082504272461,26.983991622924805,42.22618103027344,123.20999908447266,47.58707809448242,99.89083099365234,176.6107940673828,99.94239807128906
2016-06-21,21.815065383911133,27.191186904907227,42.569183349609375,120.83999633789062,48.029605865478516,100.20775604248047,177.11215209960938,99.48057556152344
2016-06-22,21.73318099975586,27.260255813598633,42.54311752319336,120.9000015258789,47.846500396728516,99.96542358398438,176.82321166992188,99.64444732666016
2016-06-23,21.8582820892334,27.91887664794922,43.71990203857422,120.11000061035156,48.86888885498047,101.39160919189453,179.12588500976562,98.50464630126953
2016-06-24,21.244159698486328,26.224153518676758,39.96609878540039,126.0,45.47361755371094,97.21551513671875,172.69366455078125,101.14923858642578
2016-06-27,20.934810638427734,25.886808395385742,39.19894790649414,126.68000030517578,43.955291748046875,95.28593444824219,169.6007843017578,103.67472076416016
2016-06-28,21.287363052368164,26.64984130859375,40.22677993774414,125.31999969482422,45.41259002685547,97.3740005493164,172.65968322753906,103.89066314697266
2016-06-29,21.471609115600586,27.324522018432617,40.96413040161133,125.83999633789062,46.69440460205078,99.09850311279297,175.59967041015625,103.09355926513672
2016-06-30,21.744548797607422,27.597606658935547,41.57487487792969,126.47000122070312,47.41160202026367,100.24505615234375,177.995849609375,103.47350311279297
2016-07-01,21.81051254272461,27.86265754699707,41.57487487792969,128.41000366210938,47.10403060913086,100.74839782714844,178.3697052001953,104.91020965576172
2016-07-05,21.60580825805664,27.268293380737305,40.77048873901367,129.47000122070312,45.78916931152344,100.13320922851562,177.08660888671875,106.22370147705078
2016-07-06,21.728635787963867,27.19601058959961,40.69600296020508,130.22999572753906,46.28127670288086,100.95350646972656,178.1487274169922,106.39532470703125
2016-07-07,21.821882247924805,27.123727798461914,40.53215026855469,129.74000549316406,46.58116149902344,101.25178527832031,178.03834533691406,106.3879165649414
2016-07-08,21.99020004272461,27.71004867553711,41.150333404541016,130.52000427246094,47.542320251464844,102.81786346435547,180.68936157226562,107.17155456542969
2016-07-11,22.058441162109375,27.9751033782959,41.75362014770508,129.2899932861328,47.880638122558594,103.40508270263672,181.32669067382812,106.2311019897461
2016-07-12,22.15851402282715,28.368663787841797,42.319671630859375,127.1500015258789,48.595726013183594,103.92710876464844,182.64366149902344,104.4847640991211
2016-07-13,22.033416748046875,28.320476531982422,42.27498245239258,128.32000732421875,48.564971923828125,103.67540740966797,182.61819458007812,105.71617889404297
2016-07-14,22.470129013061523,28.730100631713867,42.63994216918945,127.33000183105469,49.30315017700195,104.38386535644531,183.63790893554688,104.17877197265625
2016-07-15,22.467851638793945,28.66584587097168,42.423946380615234,126.83999633789062,49.349273681640625,104.21605682373047,183.3914794921875,103.28319549560547
2016-07-18,22.706676483154297,28.922866821289062,42.52821731567383,127.04000091552734,49.18012237548828,104.90587615966797,183.88424682617188,103.18614196777344
2016-07-19,22.715776443481445,28.625690460205078,42.19306182861328,127.20999908447266,49.10321807861328,104.52369689941406,183.69737243652344,103.76830291748047
2016-07-20,22.736249923706055,28.77027130126953,42.57291030883789,125.38999938964844,49.157039642333984,105.74484252929688,184.46205139160156,103.20110321044922
2016-07-21,22.61570167541504,28.68190574645996,42.40160369873047,127.30000305175781,48.972496032714844,105.5024642944336,183.76531982421875,103.41007232666016
2016-07-22,22.440561294555664,28.8907413482666,42.48352813720703,126.3499984741211,49.24162292480469,105.94059753417969,184.5895233154297,103.5892105102539
2016-07-25,22.14031982421875,28.601593017578125,42.431392669677734,125.47000122070312,49.11091613769531,105.94989776611328,184.08819580078125,103.51454162597656
2016-07-26,21.98792266845703,28.82648468017578,42.61014938354492,126.0,49.31081771850586,106.07111358642578,184.17318725585938,103.67870330810547
2016-07-27,23.416336059570312,28.922866821289062,42.76655960083008,128.02999877929688,49.46461868286133,106.80748748779297,183.97775268554688,104.9698715209961
2016-07-28,23.732494354248047,28.930898666381836,42.721866607666016,127.66000366210938,49.28776550292969,107.18035888671875,184.19015502929688,104.7758560180664
2016-07-29,23.702930450439453,29.083507537841797,43.228328704833984,128.97999572753906,49.18779373168945,107.41339874267578,184.48753356933594,105.64900207519531
2016-08-01,24.121437072753906,29.027284622192383,42.945316314697266,129.22000122070312,49.05707550048828,107.98204040527344,184.33457946777344,104.5035629272461
2016-08-02,23.764341354370117,28.81845474243164,42.729312896728516,130.27000427246094,48.94175720214844,107.1617431640625,183.1535186767578,103.42693328857422
2016-08-03,24.062305450439453,28.914831161499023,42.58035659790039,129.64999389648438,49.718353271484375,107.51595306396484,183.68882751464844,103.4867172241211
2016-08-04,24.210948944091797,29.075475692749023,42.82613754272461,129.8699951171875,49.64146041870117,107.82352447509766,183.88424682617188,104.26433563232422
2016-08-05,24.57913589477539,29.41280746459961,43.019775390625,127.55000305175781,50.97938537597656,108.85824584960938,185.3882293701172,103.18016052246094
2016-08-08,24.782665252685547,29.621641159057617,43.10916519165039,127.44000244140625,50.825592041015625,108.73707580566406,185.27783203125,103.37454223632812
2016-08-09,24.883283615112305,29.82244110107422,43.45177459716797,127.95999908447266,50.648746490478516,108.98877716064453,185.3882293701172,104.39141845703125
2016-08-10,24.698049545288086,29.83047103881836,43.60073471069336,128.55999755859375,50.19507598876953,108.70912170410156,184.92938232421875,104.79519653320312
2016-08-11,24.682037353515625,30.216001510620117,43.913543701171875,127.66999816894531,50.3334846496582,109.17518615722656,185.78761291503906,103.86058807373047
2016-08-12,24.739215850830078,30.103557586669922,43.80183410644531,127.4000015258789,50.22584915161133,109.24978637695312,185.62615966796875,104.73534393310547
2016-08-15,25.036510467529297,30.41680145263672,43.97313690185547,127.83999633789062,50.533424377441406,109.71582794189453,186.1614532470703,103.74842834472656
2016-08-16,25.013633728027344,30.280254364013672,43.906105041503906,128.47000122070312,50.525718688964844,109.10993957519531,185.2013397216797,103.47175598144531
2016-08-17,24.97705078125,30.08749008178711,43.89120864868164,128.5,50.66413116455078,109.3056869506836,185.54966735839844,104.09232330322266
2016-08-18,24.945030212402344,30.36861228942871,44.11465072631836,129.11000061035156,50.71026611328125,109.33366394042969,185.96607971191406,104.2568588256836
2016-08-19,25.00905990600586,30.19993782043457,43.78693771362305,127.97000122070312,50.641056060791016,109.3056869506836,185.6941375732422,103.7110366821289
2016-08-22,24.814682006835938,29.7983455657959,43.83162307739258,127.77999877929688,50.59492492675781,109.38957977294922,185.68563842773438,104.58582305908203
2016-08-23,24.892436981201172,29.6778621673584,44.017818450927734,127.76000213623047,50.57184982299805,109.58531188964844,186.05953979492188,104.6979751586914
2016-08-24,24.704906463623047,29.75818634033203,43.913543701171875,126.33999633789062,50.71026611328125,108.87693786621094,185.1078643798828,104.45124053955078
2016-08-25,24.599712371826172,29.78227996826172,43.734798431396484,126.2300033569336,50.80254364013672,108.6998062133789,184.9804229736328,104.0549545288086
2016-08-26,24.45564079284668,29.525259017944336,43.47412109375,126.05000305175781,50.91786575317383,108.85824584960938,184.63204956054688,103.4493179321289
2016-08-29,24.42820167541504,29.750152587890625,43.608177185058594,126.30000305175781,51.47917175292969,109.00737762451172,185.54119873046875,104.83255004882812
2016-08-30,24.240673065185547,29.66983413696289,43.5485954284668,125.02999877929688,51.90208435058594,108.6531982421875,185.2353057861328,104.4288101196289
2016-08-31,24.263547897338867,29.34052276611328,43.4592170715332,124.77999877929688,51.90208435058594,108.54132080078125,184.70846557617188,104.57831573486328
2016-09-01,24.40761947631836,29.565420150756836,43.757144927978516,125.29000091552734,51.679100036621094,108.82096862792969,184.717041015625,104.69368743896484
2016-09-02,24.636308670043945,30.047330856323242,44.263614654541016,126.56999969482422,51.89439392089844,109.17518615722656,185.54966735839844,103.83976745605469
2016-09-06,24.62944221496582,30.689884185791016,44.56153106689453,128.7100067138672,51.855953216552734,109.85568237304688,186.1105194091797,104.5963363647461
2016-09-07,24.78037452697754,30.593503952026367,44.58386993408203,128.27000427246094,51.640655517578125,109.9209213256836,186.0934600830078,104.52141571044922
2016-09-08,24.13090705871582,30.51318359375,44.45726013183594,127.58999633789062,51.709861755371094,109.27774047851562,185.66867065429688,103.21055603027344
2016-09-09,23.584348678588867,29.4851016998291,43.593284606933594,126.75,51.24850845336914,106.52783203125,181.22471618652344,101.51024627685547
2016-09-12,24.11261558532715,29.68589210510254,43.95079040527344,126.58999633789062,51.56375503540039,108.43879699707031,183.82479858398438,101.56263732910156
2016-09-13,24.686614990234375,28.93892478942871,43.06447982788086,125.75,51.1562385559082,107.46931457519531,181.18223571777344,100.40918731689453
2016-09-14,25.56019401550293,29.027284622192383,43.004886627197266,126.18000030517578,51.056278228759766,107.98204040527344,181.11431884765625,100.55897521972656
2016-09-15,26.429197311401367,29.525259017944336,43.37729263305664,125.37000274658203,51.24081802368164,109.65991973876953,182.92413330078125,100.12456512451172
2016-09-16,26.280550003051758,29.32447052001953,42.81867980957031,125.05999755859375,50.61029815673828,109.60759735107422,182.21701049804688,100.93348693847656
2016-09-19,25.974117279052734,29.557384490966797,43.04212951660156,125.31999969482422,50.894805908203125,109.13098907470703,182.25120544433594,100.60393524169922
2016-09-20,25.971832275390625,29.573448181152344,43.30281448364258,125.44000244140625,51.1024055480957,109.33659362792969,182.2597198486328,100.95596313476562
2016-09-21,25.96725845336914,30.40073585510254,44.06251907348633,127.2699966430664,51.39459228515625,110.4112548828125,184.30931091308594,101.77241516113281
2016-09-22,26.211950302124023,30.617595672607422,44.50939178466797,127.56999969482422,51.817501068115234,111.28971099853516,185.47067260742188,102.58135986328125
2016-09-23,25.775161743164062,30.224037170410156,44.13698196411133,127.6500015258789,51.709861755371094,110.57948303222656,184.45448303222656,102.48399353027344
2016-09-26,25.814035415649414,29.78227996826172,43.72734832763672,127.55000305175781,50.579532623291016,109.6543197631836,182.95999145507812,103.13571166992188
2016-09-27,25.862058639526367,30.207975387573242,43.93589782714844,126.62000274658203,51.025508880615234,110.73832702636719,184.0957794189453,103.89226531982422
2016-09-28,26.05872917175293,30.481060028076172,44.24871063232422,126.22000122070312,51.29463195800781,110.92523193359375,185.0095672607422,103.66751861572266
2016-09-29,25.653955459594727,29.950958251953125,43.69755554199219,126.06999969482422,50.479583740234375,110.12156677246094,183.33567810058594,103.92969512939453
2016-09-30,25.852907180786133,30.079463958740234,44.0401725769043,125.63999938964844,51.20236587524414,110.94393157958984,184.7191925048828,103.00086975097656
2016-10-03,25.731708526611328,30.288291931152344,43.920997619628906,125.31999969482422,51.1408576965332,110.78504943847656,184.275146484375,102.66091918945312
2016-10-04,25.84147071838379,29.950958251953125,43.913543701171875,120.97000122070312,51.58232116699219,110.6168441772461,183.33567810058594,101.46028900146484
2016-10-05,25.852907180786133,30.384674072265625,44.09230422973633,120.77999877929688,52.42652893066406,111.00933837890625,184.1470184326172,100.9875717163086
2016-10-06,26.045007705688477,30.40877342224121,43.853965759277344,119.66000366210938,52.56595230102539,110.95325469970703,184.275146484375,100.42477416992188
2016-10-07,26.08388328552246,30.272218704223633,43.63052749633789,119.73999786376953,52.75182342529297,110.7103042602539,183.64321899414062,100.49230194091797
2016-10-10,26.53897476196289,30.601520538330078,43.757144927978516,120.16000366210938,53.16231918334961,111.41119384765625,184.59967041015625,99.89950561523438
2016-10-11,26.596141815185547,29.894731521606445,43.13895034790039,119.55000305175781,52.90673065185547,109.822509765625,182.26821899414062,99.67440795898438
2016-10-12,26.83397102355957,29.8385009765625,43.04212951660156,119.73999786376953,52.76732635498047,109.72909545898438,182.50735473632812,99.77194213867188
2016-10-13,26.751649856567383,29.573448181152344,42.87828063964844,120.02999877929688,52.46526336669922,109.33659362792969,181.9095001220703,100.14708709716797
2016-10-14,26.90028953552246,29.621641159057617,42.9527587890625,119.36000061035156,52.29487228393555,109.46742248535156,182.0035400390625,98.743896484375
2016-10-17,26.882001876831055,29.58951759338379,42.82613754272461,119.68000030517578,52.02378845214844,109.16838073730469,181.37155151367188,99.37419128417969
2016-10-18,26.863704681396484,30.111589431762695,43.250675201416016,120.41999816894531,52.434288024902344,110.14024353027344,182.50735473632812,99.69692993164062
2016-10-19,26.783668518066406,30.296327590942383,43.369842529296875,121.11000061035156,52.93771743774414,110.13092041015625,182.99417114257812,99.77943420410156
2016-10-20,26.769933700561523,30.207975387573242,43.43687057495117,120.73999786376953,52.8680305480957,110.00008392333984,182.65255737304688,99.88447570800781
2016-10-21,26.664737701416016,30.19993782043457,43.340049743652344,120.83000183105469,53.0461540222168,110.4112548828125,182.73793029785156,100.03459930419922
2016-10-24,26.90486717224121,30.328449249267578,43.33260726928711,120.55999755859375,53.34046936035156,111.73822021484375,183.51504516601562,99.59933471679688
2016-10-25,27.042072296142578,30.360576629638672,43.30281448364258,121.47000122070312,53.286251068115234,111.38314056396484,182.900146484375,99.86197662353516
2016-10-26,26.43377685546875,30.039295196533203,43.10916519165039,120.79000091552734,53.54183578491211,110.62621307373047,182.53297424316406,99.18665313720703
2016-10-27,26.179933547973633,29.78227996826172,43.05703353881836,121.01000213623047,53.61928939819336,110.12156677246094,182.0462188720703,98.1060562133789
2016-10-28,26.006132125854492,29.661800384521484,43.04212951660156,121.58000183105469,53.52634811401367,109.43002319335938,181.5082244873047,97.8884506225586
2016-10-31,25.964963912963867,29.83047103881836,43.06447982788086,121.94000244140625,53.642520904541016,109.32722473144531,181.51670837402344,98.48875427246094
2016-11-01,25.49616813659668,29.58951759338379,42.87828063964844,122.7300033569336,53.417911529541016,108.5048828125,180.20159912109375,98.49626922607422
2016-11-02,25.519031524658203,29.236114501953125,42.587806701660156,123.63999938964844,53.193302154541016,107.63581085205078,179.116943359375,98.92484283447266
2016-11-03,25.245502471923828,29.15578842163086,42.54311752319336,124.30000305175781,52.9609489440918,106.57980346679688,178.297119140625,98.16548919677734
2016-11-04,25.01793670654297,28.85861587524414,42.13347244262695,124.38999938964844,52.48075485229492,106.20600891113281,178.1007537841797,99.04510498046875
2016-11-07,25.378816604614258,29.902759552001953,42.71441650390625,122.1500015258789,54.122711181640625,108.72913360595703,182.02911376953125,98.20307159423828
2016-11-08,25.528226852416992,30.095518112182617,42.833587646484375,121.63999938964844,54.238895416259766,109.43938446044922,182.84890747070312,97.80459594726562
2016-11-09,25.486845016479492,29.115629196166992,42.870826721191406,121.55999755859375,56.73280715942383,109.94402313232422,184.78750610351562,93.65454864501953
2016-11-10,24.77658462524414,28.288349151611328,42.75165557861328,119.75,59.36613464355469,108.16847229003906,185.24867248535156,92.27118682861328
2016-11-11,24.923694610595703,27.750211715698242,42.490970611572266,117.0999984741211,59.39712142944336,108.21517944335938,184.82171630859375,91.7524642944336
2016-11-14,24.298471450805664,27.549415588378906,42.260093688964844,116.11000061035156,61.58123016357422,107.12181854248047,184.9668731689453,91.20359802246094
2016-11-15,24.62027931213379,28.10361671447754,42.44628143310547,117.12000274658203,61.465084075927734,108.60767364501953,186.4101104736328,91.65471649169922
2016-11-16,25.282270431518555,27.87068748474121,41.99940490722656,116.7699966430664,59.947017669677734,109.25247192382812,186.05995178222656,92.48169708251953
2016-11-17,25.273082733154297,27.910850524902344,42.319671630859375,116.16999816894531,60.42722702026367,110.04680633544922,187.01644897460938,91.12088012695312
2016-11-18,25.29836082458496,27.782331466674805,41.8578987121582,115.1500015258789,60.187129974365234,109.63563537597656,186.59799194335938,90.8577651977539
2016-11-21,25.682231903076172,28.0554256439209,42.21540451049805,115.58000183105469,60.450439453125,110.77571868896484,188.00709533691406,91.08330535888672
2016-11-22,25.69832992553711,28.481107711791992,42.319671630859375,115.54000091552734,60.82223892211914,111.11214447021484,188.3743133544922,91.05326080322266
2016-11-23,25.567296981811523,28.175905227661133,42.17071533203125,113.25,61.07780838012695,110.66358947753906,188.47683715820312,90.69988250732422
2016-11-25,25.69601821899414,28.31244659423828,42.29732894897461,112.61000061035156,61.05457305908203,111.0186767578125,189.1770477294922,90.8351821899414
2016-11-28,25.645448684692383,28.424888610839844,42.073890686035156,113.80000305175781,60.659576416015625,110.7663345336914,188.28890991210938,91.50431823730469
2016-11-29,25.62017059326172,28.46504020690918,42.342018127441406,113.2699966430664,61.12428283691406,111.14952850341797,188.65615844726562,91.88775634765625
2016-11-30,25.404102325439453,28.513242721557617,42.29732894897461,111.75,62.09241485595703,109.80381774902344,188.20352172851562,90.39915466308594
2016-12-01,25.16734504699707,28.175905227661133,42.13347244262695,111.54000091552734,63.34711837768555,107.90679931640625,187.51174926757812,89.44465637207031
2016-12-02,25.26158332824707,28.20802116394043,42.23775100708008,112.13999938964844,63.199954986572266,108.12171173095703,187.60569763183594,90.10005187988281
2016-12-05,25.080001831054688,28.44094467163086,42.65483856201172,111.54000091552734,64.48566436767578,108.96275329589844,188.73300170898438,90.00215911865234
2016-12-06,25.273082733154297,28.59355354309082,42.945316314697266,111.43000030517578,64.8187255859375,109.22442626953125,189.33078002929688,89.93436431884766
2016-12-07,25.521333694458008,29.075475692749023,43.58584213256836,111.83000183105469,65.11302185058594,110.60750579833984,191.807373046875,90.7027587890625
2016-12-08,25.771875381469727,29.2039852142334,43.5485954284668,111.56999969482422,65.92623901367188,110.80374908447266,192.27708435058594,89.63302612304688
2016-12-09,26.19252586364746,29.051376342773438,43.734798431396484,110.4000015258789,66.21280670166016,111.67284393310547,193.43849182128906,88.51803588867188
2016-12-12,26.043107986450195,28.85861587524414,43.54114532470703,110.81999969482422,65.62417602539062,111.16819763183594,193.2165069580078,88.6838150024414
2016-12-13,26.4775447845459,29.179885864257812,44.0103759765625,110.44999694824219,65.64741516113281,112.5699691772461,194.50607299804688,89.00019073486328
2016-12-14,26.4775447845459,28.31244659423828,43.36240005493164,108.83000183105469,65.62417602539062,112.33634948730469,192.90049743652344,88.00579833984375
2016-12-15,26.62235450744629,28.360628128051758,43.26557540893555,107.33999633789062,66.6078109741211,112.51387786865234,193.69473266601562,88.45027160644531
2016-12-16,26.65683937072754,28.232128143310547,43.29536819458008,108.05000305175781,65.78683471679688,112.09680938720703,193.31588745117188,88.24686431884766
2016-12-19,26.810842514038086,28.039356231689453,43.228328704833984,108.58999633789062,66.16633605957031,112.55608367919922,193.73680114746094,89.1960678100586
2016-12-20,26.88209342956543,28.135744094848633,43.37729263305664,107.79000091552734,67.01830291748047,112.98723602294922,194.48414611816406,88.7515640258789
2016-12-21,26.907379150390625,28.018760681152344,43.38932800292969,107.8499984741211,67.18867492675781,112.90287017822266,193.94296264648438,89.14330291748047
2016-12-22,26.730396270751953,27.68568992614746,43.291500091552734,107.58999633789062,67.29711151123047,112.58419799804688,193.60791015625,88.98396301269531
2016-12-23,26.783254623413086,27.848159790039062,43.404380798339844,107.93000030517578,67.42103576660156,112.65917205810547,193.8914794921875,89.16524505615234
2016-12-27,26.953357696533203,27.97001838684082,43.351707458496094,108.55999755859375,67.48301696777344,113.24026489257812,194.3724365234375,88.87815856933594
2016-12-28,26.838428497314453,28.18123435974121,43.1861572265625,108.86000061035156,66.99506378173828,112.3592300415039,192.76608276367188,89.52774810791016
2016-12-29,26.831533432006836,28.644287109375,43.291500091552734,110.29000091552734,66.52259063720703,112.19991302490234,192.72314453125,89.84504699707031
2016-12-30,26.62235450744629,28.441184997558594,43.44200134277344,109.61000061035156,66.83240509033203,111.04711151123047,192.0187225341797,89.9809799194336
2017-01-03,26.698211669921875,28.78238868713379,43.71290969848633,110.47000122070312,67.5604476928711,112.04058074951172,193.48768615722656,90.36620330810547
2017-01-04,26.668331146240234,29.001737594604492,44.209564208984375,110.86000061035156,67.68506622314453,112.64977264404297,194.6387481689453,90.71365356445312
2017-01-05,26.80394744873047,29.31855583190918,44.585811614990234,112.58000183105469,67.06201171875,113.28711700439453,194.48414611816406,92.13359832763672
2017-01-06,27.10276985168457,29.196699142456055,44.4353141784668,111.75,67.06980895996094,114.28063201904297,195.17994689941406,91.28768920898438
2017-01-09,27.351015090942383,29.172330856323242,44.36758804321289,112.66999816894531,67.1165542602539,114.6555404663086,194.5357208251953,92.02031707763672
2017-01-10,27.378599166870117,29.342924118041992,44.37511444091797,113.1500015258789,67.31124114990234,114.90860748291016,194.5357208251953,91.95991516113281
2017-01-11,27.525711059570312,29.692249298095703,44.60838317871094,113.5,67.81746673583984,115.21790313720703,195.08546447753906,92.26956939697266
2017-01-12,27.410781860351562,29.82222557067871,44.67611312866211,113.91000366210938,67.16326141357422,115.03981018066406,194.5958251953125,92.06563568115234
2017-01-13,27.36250114440918,29.797861099243164,44.8416633605957,114.20999908447266,67.52152252197266,115.43347930908203,195.04251098632812,91.62754821777344
2017-01-17,27.583171844482422,29.78160858154297,44.67611312866211,115.8499984741211,65.06831359863281,115.08666229248047,194.35531616210938,92.58682250976562
2017-01-18,27.580867767333984,29.619136810302734,44.548187255859375,114.87000274658203,65.3720474243164,115.32100677490234,194.7848663330078,91.40096282958984
2017-01-19,27.532602310180664,29.529767990112305,44.4353141784668,114.7699966430664,64.87360382080078,115.26473999023438,194.06321716308594,90.77405548095703
2017-01-20,27.583171844482422,29.58663558959961,44.69116973876953,115.05000305175781,65.1617660522461,115.51780700683594,194.77621459960938,90.59283447265625
2017-01-23,27.6015567779541,30.025320053100586,44.80404281616211,115.79000091552734,65.19290924072266,115.61156463623047,194.2693634033203,91.49913787841797
2017-01-24,27.576278686523438,30.21216583251953,44.91691589355469,115.2699966430664,65.9794921875,116.38946533203125,195.5149688720703,90.87223815917969
2017-01-25,28.015308380126953,30.545238494873047,45.38346481323242,114.31999969482422,66.99972534179688,117.56107330322266,197.20730590820312,89.73172760009766
2017-01-26,28.02910041809082,30.415266036987305,45.2028694152832,113.26000213623047,67.5604476928711,117.68292236328125,197.00111389160156,90.03385162353516
2017-01-27,28.03139877319336,30.43963050842285,45.12761306762695,113.48999786376953,67.70063781738281,117.90784454345703,196.69192504882812,90.3586196899414
2017-01-30,27.957839965820312,30.277156829833984,44.80404281616211,113.97000122070312,66.99972534179688,116.98931884765625,195.47206115722656,90.08672332763672
2017-01-31,27.893478393554688,30.33401870727539,44.871768951416016,115.55000305175781,65.90938568115234,116.75501251220703,195.454833984375,90.71365356445312
2017-02-01,29.59444236755371,30.350269317626953,45.052364349365234,115.19999694824219,66.15858459472656,117.56107330322266,195.53216552734375,90.15274047851562
2017-02-02,29.54387664794922,30.48025131225586,45.0749397277832,115.83999633789062,65.87825012207031,117.45797729492188,195.66102600097656,90.11491394042969
2017-02-03,29.67030143737793,30.667102813720703,45.25553512573242,116.12999725341797,67.89533233642578,117.7953872680664,197.00967407226562,90.07705688476562
2017-02-06,29.948429107666016,30.59398651123047,44.93196487426758,117.69999694824219,67.57601165771484,117.93597412109375,196.65748596191406,90.62201690673828
2017-02-07,30.23345184326172,30.43963050842285,44.88681411743164,117.45999908447266,67.53710174560547,118.36711120605469,196.6660919189453,91.28815460205078
2017-02-08,30.350685119628906,30.626480102539062,44.962059020996094,118.19000244140625,66.94519805908203,118.56391906738281,196.923828125,92.52955627441406
2017-02-09,30.569995880126953,30.76457405090332,45.150184631347656,117.29000091552734,67.91092681884766,118.99506378173828,198.0920867919922,91.46226501464844
2017-02-10,30.50074577331543,31.04891014099121,45.25553512573242,117.5999984741211,67.75515747070312,119.38871765136719,198.87376403808594,91.40924835205078
2017-02-13,30.770843505859375,31.146398544311523,45.43614196777344,116.80000305175781,68.65077209472656,120.06355285644531,199.9561767578125,91.12163543701172
2017-02-14,31.17022705078125,31.178892135620117,45.36841583251953,116.93000030517578,69.74883270263672,120.46659088134766,200.7550811767578,90.46310424804688
2017-02-15,31.28333282470703,31.430734634399414,45.54148864746094,117.44999694824219,70.551025390625,121.17886352539062,201.80313110351562,90.04676055908203
2017-02-16,31.24641227722168,31.317001342773438,45.6468391418457,118.08000183105469,70.5042953491211,121.14141082763672,201.6312713623047,90.5387954711914
2017-02-17,31.331817626953125,31.18701171875,45.52643966674805,117.68000030517578,70.27064514160156,121.66627502441406,201.94915771484375,91.07618713378906
2017-02-21,31.558053970336914,31.52821159362793,45.676944732666016,117.75,70.87811279296875,122.26615905761719,203.15174865722656,90.91722869873047
2017-02-22,31.6527099609375,31.625696182250977,45.676944732666016,117.91000366210938,70.91706848144531,122.31298065185547,202.97132873535156,91.06864929199219
2017-02-23,31.51880645751953,31.633817672729492,45.774776458740234,118.94000244140625,70.97156524658203,121.85369873046875,203.1088104248047,91.34115600585938
2017-02-24,31.548831939697266,31.260128021240234,45.44367218017578,119.69999694824219,70.34856414794922,122.08804321289062,203.36651611328125,92.35546875
2017-02-27,31.61116600036621,31.16264533996582,45.4737663269043,119.12000274658203,70.42642974853516,122.23799896240234,203.68435668945312,91.81045532226562
2017-02-28,31.625015258789062,30.86206817626953,45.406044006347656,119.2300033569336,70.57437896728516,121.86312103271484,203.134521484375,92.15108489990234
2017-03-01,32.27139663696289,31.34137725830078,45.88011932373047,119.05999755859375,72.89518737792969,123.19403839111328,205.9779815673828,90.60700988769531
2017-03-02,32.079795837402344,30.788959503173828,45.57910919189453,117.58000183105469,71.7581558227539,122.575439453125,204.68084716796875,90.28079223632812
2017-03-03,32.26909637451172,31.024545669555664,45.85002136230469,117.51000213623047,72.27217864990234,122.80034637451172,204.8096923828125,90.51595306396484
2017-03-06,32.167518615722656,31.040786743164062,45.70705032348633,116.72000122070312,71.58683776855469,122.52854919433594,204.1997528076172,90.08367919921875
2017-03-07,32.20907211303711,31.07328224182129,45.549015045166016,115.77999877929688,71.18963623046875,122.32235717773438,203.5899200439453,89.81061553955078
2017-03-08,32.08904266357422,30.78083610534668,45.38346481323242,115.05999755859375,71.03388977050781,122.53791809082031,203.21189880371094,89.32524108886719
2017-03-09,32.0151481628418,30.53711700439453,45.556541442871094,114.47000122070312,71.31424713134766,122.63167572021484,203.46961975097656,88.61238861083984
2017-03-10,32.1213493347168,30.878318786621094,45.94031524658203,114.72000122070312,71.08838653564453,123.14714813232422,204.1826171875,88.92328643798828
2017-03-13,32.135196685791016,31.308870315551758,46.18112564086914,114.73999786376953,71.15069580078125,123.35334777832031,204.28570556640625,88.36211395263672
2017-03-14,32.08671188354492,31.130146026611328,45.82743835449219,114.12000274658203,71.26750183105469,123.05345153808594,203.50396728515625,88.78678131103516
2017-03-15,32.42607498168945,31.94252586364746,46.48212432861328,116.25,71.43883514404297,123.81260681152344,205.2649383544922,89.87129974365234
2017-03-16,32.47917938232422,32.137489318847656,46.7078857421875,116.7300033569336,71.36874389648438,123.7282485961914,204.86122131347656,89.41627502441406
2017-03-17,32.31759262084961,32.08062744140625,46.82827377319336,116.98999786376953,70.62113189697266,123.68502807617188,204.50143432617188,89.97750091552734
2017-03-20,32.65695571899414,32.454315185546875,46.730445861816406,117.51000213623047,70.11487579345703,123.79776000976562,204.27713012695312,90.36426544189453
2017-03-21,32.282955169677734,32.09687423706055,46.51974868774414,118.54000091552734,68.05886840820312,121.91931915283203,201.6542510986328,91.11508178710938
2017-03-22,32.647701263427734,32.251216888427734,46.52727508544922,118.83000183105469,68.16792297363281,122.74580383300781,202.12881469726562,91.47918701171875
2017-03-23,32.53227233886719,32.25934600830078,46.63261795043945,118.66999816894531,68.05886840820312,122.4358901977539,201.91319274902344,91.35023498535156
2017-03-24,32.4676399230957,32.340579986572266,46.76054000854492,118.86000061035156,67.98099517822266,122.68951416015625,201.76649475097656,91.67630004882812
2017-03-27,32.52303695678711,32.251216888427734,46.880943298339844,119.52999877929688,67.94206237792969,122.88673400878906,201.55941772460938,92.09346771240234
2017-03-28,33.197139739990234,32.340579986572266,47.106689453125,119.04000091552734,69.00122833251953,123.6380844116211,203.026123046875,91.47918701171875
2017-03-29,33.27100372314453,32.39744567871094,47.106689453125,119.33000183105469,68.74421691894531,124.2110366821289,203.2159423828125,92.02519989013672
2017-03-30,33.22714614868164,32.22684860229492,46.9411506652832,118.47000122070312,69.33612823486328,124.41764831542969,203.8629913330078,91.28195190429688
2017-03-31,33.164825439453125,31.99938201904297,46.8734245300293,118.72000122070312,68.40934753417969,124.33313751220703,203.3885040283203,91.54739379882812
2017-04-03,33.174049377441406,32.1781120300293,46.805694580078125,119.3499984741211,68.16011810302734,124.25798034667969,203.03477478027344,92.47078704833984
2017-04-04,33.42107009887695,32.19435501098633,46.79064178466797,119.62000274658203,68.38728332519531,124.4551773071289,203.16415405273438,91.96917724609375
2017-04-05,33.24793243408203,32.09687423706055,46.54232406616211,119.62000274658203,67.510009765625,123.94801330566406,202.56024169921875,92.25040435791016
2017-04-06,33.164825439453125,32.040000915527344,46.54985046386719,119.18000030517578,67.73715209960938,124.01374816894531,203.1296844482422,92.1136245727539
2017-04-07,33.090946197509766,31.98314666748047,46.51974868774414,119.45999908447266,67.50218963623047,123.94801330566406,202.92257690429688,91.74120330810547
2017-04-10,33.05170440673828,31.85315704345703,46.46707534790039,119.45999908447266,67.2672119140625,123.9950180053711,203.04339599609375,92.16680908203125
2017-04-11,32.6961784362793,31.78005599975586,46.68529510498047,121.19000244140625,67.14972686767578,123.45964813232422,202.80174255371094,93.04080200195312
2017-04-12,32.73543167114258,31.934398651123047,46.64767074584961,122.0199966430664,66.89120483398438,122.96182250976562,201.91319274902344,93.550048828125
2017-04-13,32.562278747558594,31.796297073364258,46.346675872802734,122.5999984741211,66.10796356201172,122.47344970703125,200.60169982910156,93.83883666992188
2017-04-17,32.74235153198242,32.12936782836914,46.63261795043945,122.23999786376953,67.25154876708984,123.48782348632812,202.37904357910156,93.550048828125
2017-04-18,32.59690856933594,31.72318458557129,46.42191696166992,122.81999969482422,66.70323944091797,123.30000305175781,201.77513122558594,94.77365112304688
2017-04-19,32.476863861083984,31.52821159362793,46.233787536621094,121.7300033569336,66.15493774414062,123.49722290039062,201.4040985107422,94.2568588256836
2017-04-20,32.8831787109375,31.91815185546875,46.60251998901367,121.95999908447266,67.00872802734375,124.53031921386719,203.04339599609375,93.89198303222656
2017-04-21,32.843936920166016,31.91815185546875,46.63261795043945,122.30999755859375,66.20195770263672,124.50215911865234,202.39633178710938,93.89198303222656
2017-04-24,33.160213470458984,32.37308120727539,47.814056396484375,121.4800033569336,68.5361099243164,126.00492858886719,204.62222290039062,93.42842102050781
2017-04-25,33.36567687988281,32.657413482666016,48.15267562866211,120.25,69.1313705444336,126.91593170166016,205.8128204345703,92.3035888671875
2017-04-26,33.169429779052734,32.535560607910156,48.01723861694336,120.83999633789062,69.2645263671875,126.73749542236328,205.6834259033203,92.81278991699219
2017-04-27,33.19483947753906,32.49494171142578,48.06238555908203,120.38999938964844,68.62226104736328,127.49827575683594,205.8560333251953,92.78241729736328
2017-04-28,33.16251754760742,32.543678283691406,48.00970458984375,120.7699966430664,68.14446258544922,127.72367858886719,205.40731811523438,92.98763275146484
2017-05-01,33.83892059326172,32.730525970458984,48.20534896850586,119.66999816894531,68.19145965576172,128.86009216308594,205.9249725341797,92.21461486816406
2017-05-02,34.05361557006836,32.966121673583984,48.45368194580078,119.6500015258789,67.7528076171875,129.0761260986328,206.0026397705078,92.68678283691406
2017-05-03,33.94972610473633,32.74677276611328,48.35585403442383,117.9800033569336,68.14446258544922,128.66287231445312,205.7524871826172,92.74769592285156
2017-05-04,33.8273811340332,32.38120651245117,48.81489181518555,116.79000091552734,68.22278594970703,128.70980834960938,205.9940185546875,92.29075622558594
2017-05-05,34.38835906982422,32.64928436279297,49.35668182373047,117.01000213623047,68.14446258544922,129.17947387695312,206.80499267578125,92.37452697753906
2017-05-08,35.323326110839844,32.64116668701172,48.987953186035156,116.75,68.22278594970703,129.46115112304688,206.77053833007812,91.87189483642578
2017-05-09,35.54956817626953,33.05547332763672,48.867557525634766,116.05000305175781,67.94864654541016,129.9120330810547,206.58071899414062,91.86420440673828
2017-05-10,35.381046295166016,33.274810791015625,48.942806243896484,116.04000091552734,68.48126983642578,129.98721313476562,206.95169067382812,91.7576675415039
2017-05-11,35.6870231628418,33.34791946411133,48.82240676879883,116.5,68.2697982788086,129.8838653564453,206.52891540527344,91.7576675415039
2017-05-12,36.18541717529297,33.48603820800781,49.09330749511719,116.83000183105469,68.08181762695312,130.1750030517578,206.18382263183594,92.45068359375
2017-05-15,36.09269714355469,33.827232360839844,49.34163284301758,117.13999938964844,68.41075897216797,130.5882568359375,207.32264709472656,92.19937896728516
2017-05-16,36.03937530517578,33.85972213745117,49.65768051147461,117.6500015258789,68.62226104736328,131.1330108642578,207.13290405273438,92.54206085205078
2017-05-17,34.829349517822266,33.28294372558594,49.09330749511719,119.79000091552734,66.0061264038086,127.7988052368164,203.45750427246094,93.89007568359375
2017-05-18,35.36017990112305,32.730525970458984,49.176082611083984,118.80999755859375,65.76334381103516,128.91647338867188,204.27713012695312,93.99674987792969
2017-05-19,35.48072052001953,33.429176330566406,49.747982025146484,119.4000015258789,66.40560913085938,129.46115112304688,205.605712890625,94.21759033203125
2017-05-22,35.69630432128906,33.461666107177734,49.808189392089844,119.9000015258789,66.34294128417969,130.5507049560547,206.64974975585938,93.95870208740234
2017-05-23,35.65224838256836,33.49415969848633,49.81570816040039,119.13999938964844,67.17322540283203,130.68215942382812,207.1069793701172,93.3265151977539
2017-05-24,35.54562759399414,33.624141693115234,49.84580612182617,119.61000061035156,67.13404846191406,131.2832794189453,207.59011840820312,93.85204315185547
2017-05-25,35.66848373413086,33.7866096496582,49.84580612182617,119.4800033569336,66.8520736694336,132.4009246826172,208.58229064941406,93.88252258300781
2017-05-26,35.60820388793945,33.90846252441406,49.70283126831055,120.54000091552734,66.85989379882812,132.6357421875,208.53915405273438,94.04241180419922
2017-05-30,35.62211990356445,33.729740142822266,49.650169372558594,120.13999938964844,65.7163314819336,132.7484893798828,208.3580322265625,94.50701141357422
2017-05-31,35.411190032958984,33.46979522705078,49.710350036621094,120.62000274658203,64.34559631347656,132.7015380859375,208.30624389648438,94.74311065673828
2017-06-01,35.50852584838867,33.754119873046875,50.033931732177734,120.72000122070312,65.05835723876953,133.2180938720703,209.96273803710938,94.75301361083984
2017-06-02,36.03474807739258,33.924713134765625,50.58325958251953,121.61000061035156,64.72943878173828,134.73959350585938,210.66159057617188,95.87494659423828
2017-06-05,35.682395935058594,33.88409423828125,50.30484390258789,121.7300033569336,64.8469009399414,134.71142578125,210.50633239746094,95.27965545654297
2017-06-06,35.802940368652344,33.90034103393555,50.16187286376953,123.0999984741211,64.98005676269531,134.1761016845703,209.8333282470703,95.79865264892578
2017-06-07,36.01618957519531,33.85972213745117,50.17691421508789,122.44999694824219,65.72416687011719,134.70204162597656,210.22158813476562,95.34072875976562
2017-06-08,35.92811584472656,34.06281661987305,50.086612701416016,121.6500015258789,66.53873443603516,134.84291076660156,210.3251495361328,95.08882141113281
2017-06-09,34.534934997558594,33.802860260009766,49.89847946166992,120.54000091552734,68.11315155029297,131.47116088867188,210.00588989257812,94.94384765625
2017-06-12,33.709693908691406,33.624141693115234,49.710350036621094,120.36000061035156,68.12882232666016,130.7666778564453,209.96273803710938,94.91327667236328
2017-06-13,33.98091125488281,33.7866096496582,50.09414291381836,120.4800033569336,68.35594940185547,131.82803344726562,210.9894256591797,94.92857360839844
2017-06-14,33.6494255065918,33.77848815917969,50.05651092529297,119.81999969482422,68.2149429321289,131.25506591796875,210.72201538085938,96.39395904541016
2017-06-15,33.4477424621582,33.429176330566406,49.537288665771484,119.31999969482422,67.80766296386719,130.6728057861328,210.31646728515625,96.24126434326172
2017-06-16,32.97949981689453,33.48603820800781,49.95867919921875,119.33999633789062,67.50218963623047,130.10585021972656,210.36241149902344,96.43207550048828
2017-06-19,33.922969818115234,33.81910705566406,50.16187286376953,118.43000030517578,68.9825439453125,132.28135681152344,212.1137237548828,96.29469299316406
2017-06-20,33.614646911621094,33.445316314697266,49.758113861083984,118.18000030517578,68.5517578125,131.24539184570312,210.68321228027344,97.15714263916016
2017-06-21,33.81401062011719,33.51876449584961,49.69693374633789,118.5199966430664,68.23845672607422,132.54505920410156,210.63124084472656,97.3555908203125
2017-06-22,33.75837326049805,33.690155029296875,49.68928527832031,118.91999816894531,68.16011047363281,132.50738525390625,210.53585815429688,97.56929779052734
2017-06-23,33.909034729003906,33.869712829589844,49.81163787841797,119.43000030517578,68.03482818603516,133.0159454345703,210.78729248046875,97.5234603881836
2017-06-26,33.80241775512695,34.196163177490234,49.895755767822266,118.36000061035156,68.33244323730469,132.3943634033203,210.92596435546875,97.88984680175781
2017-06-27,33.31794357299805,33.79624938964844,49.88810729980469,118.80999755859375,68.96688842773438,129.99288940429688,209.22671508789062,96.84424591064453
2017-06-28,33.80474090576172,34.05741882324219,50.323978424072266,118.9000015258789,70.35327911376953,131.86700439453125,211.099365234375,96.52371215820312
2017-06-29,33.30634689331055,33.62487030029297,49.82693862915039,118.31999969482422,71.39503479003906,129.57847595214844,209.24404907226562,95.71466827392578
2017-06-30,33.385169982910156,33.779930114746094,49.85751724243164,118.0199966430664,71.59085845947266,129.6255645751953,209.63417053222656,95.49337005615234
2017-07-03,33.26462173461914,33.975799560546875,49.79634475708008,116.08999633789062,73.04786682128906,128.25999450683594,209.9896240234375,95.18585968017578
2017-07-05,33.40139389038086,33.910518646240234,49.79634475708008,116.5199966430664,73.78032684326172,129.52194213867188,210.47515869140625,95.20883178710938
2017-07-06,33.08612823486328,33.502437591552734,49.574588775634766,116.47000122070312,73.54403686523438,128.35415649414062,208.5504150390625,94.42111206054688
2017-07-07,33.42225646972656,33.5677375793457,49.582218170166016,115.27999877929688,73.91422271728516,129.7385711669922,209.90292358398438,93.85515594482422
2017-07-10,33.62624740600586,33.88602828979492,49.704586029052734,115.47000122070312,73.39441680908203,130.58619689941406,210.1283721923828,93.99282836914062
2017-07-11,33.73518753051758,34.163516998291016,49.81928253173828,115.62000274658203,73.11087799072266,130.95346069335938,209.9722900390625,94.1534652709961
2017-07-12,33.783878326416016,34.824581146240234,50.21692657470703,116.02999877929688,72.85885620117188,132.50738525390625,211.55018615722656,94.80352783203125
2017-07-13,34.25444412231445,34.995975494384766,50.362205505371094,115.81999969482422,73.32350158691406,132.79933166503906,211.90567016601562,94.20695495605469
2017-07-14,34.54884719848633,35.43669891357422,50.71397399902344,116.7699966430664,72.65406036376953,133.84469604492188,212.89398193359375,94.32172393798828
2017-07-17,34.66938018798828,35.273460388183594,50.614566802978516,117.29000091552734,71.97673797607422,133.91064453125,212.86798095703125,94.58175659179688
2017-07-18,34.789920806884766,35.37955856323242,50.66044616699219,118.11000061035156,71.7247314453125,134.80531311035156,212.98069763183594,95.40766143798828
2017-07-19,35.0078239440918,35.673370361328125,50.8822021484375,118.08000183105469,71.82714080810547,135.59640502929688,214.13377380371094,95.4459228515625
2017-07-20,34.850189208984375,35.63256072998047,51.08866500854492,118.23999786376953,71.82714080810547,135.7753143310547,214.2292022705078,95.72126770019531
2017-07-21,34.833980560302734,35.60808181762695,50.88984680175781,119.26000213623047,71.58299255371094,135.71884155273438,214.0384063720703,96.12657928466797
2017-07-24,35.25586700439453,35.71417236328125,50.75220489501953,119.30999755859375,71.89012145996094,136.34042358398438,213.98643493652344,95.7518310546875
2017-07-25,35.40654373168945,35.6244010925293,50.82101821899414,118.91999816894531,73.08724212646484,135.99191284179688,214.50656127929688,94.50524139404297
2017-07-26,35.573448181152344,35.918212890625,51.13454055786133,119.87999725341797,72.40206146240234,136.43458557128906,214.51522827148438,94.65823364257812
2017-07-27,34.90120315551758,35.72233581542969,51.01984405517578,119.79000091552734,72.10277557373047,135.5775146484375,214.3158416748047,94.19169616699219
2017-07-28,34.65546798706055,35.706016540527344,51.0733757019043,120.69000244140625,71.89012145996094,135.4645233154297,214.06442260742188,94.74996185302734
2017-07-31,34.47698974609375,35.746822357177734,51.18042755126953,120.75,72.2996597290039,134.8900604248047,213.9430694580078,94.86470794677734
2017-08-01,34.7829704284668,35.85292434692383,51.46336364746094,120.6500015258789,73.26837158203125,135.2008514404297,214.4198760986328,95.53072357177734
2017-08-02,36.42649841308594,35.88556671142578,51.48630142211914,120.4000015258789,73.33140563964844,135.56814575195312,214.52394104003906,95.58438873291016
2017-08-03,36.062557220458984,35.73866271972656,51.51688766479492,120.58999633789062,72.85098266601562,135.04071044921875,214.1077880859375,96.5730972290039
2017-08-04,36.25263977050781,35.86924362182617,51.58570861816406,119.6500015258789,73.76455688476562,135.28558349609375,214.49794006347656,95.75298309326172
2017-08-07,36.813629150390625,36.11408233642578,51.608646392822266,119.51000213623047,74.048095703125,136.14263916015625,214.89674377441406,95.86031341552734
2017-08-08,37.10802459716797,36.122249603271484,51.33335876464844,119.86000061035156,73.78032684326172,135.9071502685547,214.36781311035156,95.51542663574219
2017-08-09,37.33519744873047,35.795799255371094,51.249237060546875,121.30999755859375,73.66215515136719,135.728271484375,214.3591766357422,96.03658294677734
2017-08-10,36.14600372314453,34.94700622558594,50.52279281616211,122.20999908447266,72.6067886352539,132.8181610107422,211.3334503173828,96.8567123413086
2017-08-11,36.648677825927734,35.028621673583984,50.431034088134766,122.79000091552734,72.0003890991211,133.82582092285156,211.64556884765625,96.90264892578125
2017-08-14,37.20022201538086,35.38772201538086,50.79808044433594,121.91999816894531,72.84307098388672,135.54931640625,213.74363708496094,96.40447235107422
2017-08-15,37.607486724853516,35.428524017333984,50.75984191894531,120.9800033569336,73.03211975097656,135.64346313476562,213.7176055908203,95.99825286865234
2017-08-16,37.45621109008789,35.795799255371094,51.05043029785156,121.87000274658203,72.52806091308594,135.8789520263672,214.09043884277344,96.350830078125
2017-08-17,36.73711013793945,35.33875274658203,50.47691345214844,122.48999786376953,71.39395904541016,133.10069274902344,210.75259399414062,97.0712890625
2017-08-18,36.65332794189453,35.640724182128906,50.614566802978516,122.30000305175781,71.46483612060547,133.0065460205078,210.42312622070312,97.04832458496094
2017-08-21,36.585838317871094,35.77131271362305,50.59926223754883,122.76000213623047,71.37820434570312,132.83697509765625,210.58786010742188,97.28591918945312
2017-08-22,37.183921813964844,36.17121124267578,50.84395980834961,122.20999908447266,72.11064910888672,134.8617706298828,212.78997802734375,96.9103775024414
2017-08-23,37.23047637939453,36.34260559082031,50.851600646972656,122.66999816894531,72.197265625,134.38153076171875,212.02700805664062,97.56950378417969
2017-08-24,37.06522750854492,36.45685577392578,50.73690414428711,122.29000091552734,72.07916259765625,133.98593139648438,211.53289794921875,97.20930480957031
2017-08-25,37.20254898071289,36.669063568115234,51.042781829833984,122.73999786376953,72.37055206298828,133.70339965820312,212.02700805664062,97.58480834960938
2017-08-28,37.57722091674805,36.538482666015625,51.042781829833984,124.69000244140625,72.14215850830078,134.11782836914062,212.0357208251953,97.52350616455078
2017-08-29,37.91234588623047,36.47319030761719,50.83631896972656,124.41999816894531,71.74835968017578,134.64523315429688,212.27847290039062,97.83781433105469
2017-08-30,38.014732360839844,36.530311584472656,50.767494201660156,124.36000061035156,71.91376495361328,136.2273406982422,213.28411865234375,97.8071060180664
2017-08-31,38.16600799560547,36.58745193481445,51.1574821472168,125.81999969482422,71.58299255371094,137.68710327148438,214.5672607421875,98.09837341308594
2017-09-01,38.17763900756836,36.85676574707031,51.22630310058594,126.05999755859375,72.2209243774414,137.49876403808594,214.87074279785156,97.34799194335938
2017-09-05,37.71917724609375,36.375244140625,50.8822021484375,127.45999908447266,70.49612426757812,136.26502990722656,213.3274688720703,98.8917465209961
2017-09-06,37.67962646484375,36.6119384765625,51.19571304321289,126.80999755859375,70.96864318847656,136.67941284179688,214.05577087402344,98.28498077392578
2017-09-07,37.528358459472656,36.881256103515625,51.61629867553711,128.1300048828125,69.72427368164062,136.99964904785156,214.02978515625,99.29110717773438
2017-09-08,36.916297912597656,36.636409759521484,51.62394332885742,127.97000122070312,69.63766479492188,135.81300354003906,213.77833557128906,99.07605743408203
2017-09-11,37.58419418334961,37.1260986328125,52.02923583984375,126.19000244140625,70.7166519165039,137.37631225585938,216.0584716796875,97.89327239990234
2017-09-12,37.43526077270508,37.08528518676758,52.18980407714844,126.55999755859375,71.58299255371094,137.70602416992188,216.78671264648438,97.37871551513672
2017-09-13,37.15367126464844,36.88941955566406,51.90687561035156,125.61000061035156,71.78772735595703,137.89431762695312,216.8907928466797,96.99470520019531
2017-09-14,36.83485412597656,36.98735046386719,51.99863052368164,126.16000366210938,71.6459732055664,137.08441162109375,216.8214111328125,97.39408111572266
2017-09-15,37.20719528198242,37.207706451416016,52.044517517089844,125.52999877929688,72.15790557861328,137.55531311035156,217.11325073242188,97.43248748779297
2017-09-18,36.92561721801758,37.33829879760742,52.11334991455078,124.36000061035156,73.18175506591797,137.375,217.5750274658203,96.87181854248047
2017-09-19,36.93956756591797,37.41990280151367,52.3580436706543,124.62000274658203,73.9850845336914,137.61094665527344,217.79286193847656,96.63374328613281
2017-09-20,36.32052993774414,37.2485237121582,52.24333572387695,123.62000274658203,74.50489044189453,137.18618774414062,217.87130737304688,96.70284271240234
2017-09-21,35.69686508178711,37.2485237121582,52.13628005981445,122.68000030517578,74.84354400634766,136.3462371826172,217.2875518798828,96.64907836914062
2017-09-22,35.34777069091797,37.036319732666016,52.29685974121094,123.23999786376953,74.6860122680664,136.21412658691406,217.33111572265625,96.92554473876953
2017-09-25,35.03593444824219,36.40788650512695,51.99863052368164,124.52999877929688,74.12686157226562,134.77947998046875,216.88681030273438,97.53231811523438
2017-09-26,35.638675689697266,36.30996322631836,51.883934020996094,123.13999938964844,73.79606628417969,135.12863159179688,217.01747131347656,97.35564422607422
2017-09-27,35.892330169677734,36.179378509521484,51.922176361083984,121.9800033569336,74.96166229248047,136.3462371826172,217.86257934570312,95.88873291015625
2017-09-28,35.6712532043457,36.15488815307617,52.059818267822266,122.20999908447266,75.11917877197266,136.299072265625,218.1239776611328,95.60457611083984
2017-09-29,35.86672592163086,36.57112121582031,52.36568069458008,121.58000183105469,75.22157287597656,137.2805938720703,218.8906707763672,95.81962585449219
2017-10-02,35.79458999633789,36.579280853271484,52.31979751586914,120.7699966430664,76.26905822753906,137.4033660888672,219.8403778076172,95.64417266845703
2017-10-03,35.95051956176758,37.15874099731445,52.49568557739258,120.83000183105469,76.67072296142578,137.6958770751953,220.31089782714844,95.73649597167969
2017-10-04,35.71779251098633,37.150577545166016,52.396270751953125,121.16999816894531,75.89103698730469,137.82803344726562,220.57228088378906,95.74418640136719
2017-10-05,36.16228485107422,37.42806625366211,52.36568069458008,120.5199966430664,76.91294860839844,139.17774963378906,221.8791046142578,95.38251495361328
2017-10-06,36.141334533691406,37.2403564453125,52.327457427978516,121.08999633789062,76.77826690673828,139.36647033691406,221.62649536132812,95.1131362915039
2017-10-09,36.26700973510742,37.21586608886719,52.34275436401367,122.08000183105469,76.37425994873047,139.2060546875,221.26055908203125,95.41332244873047
2017-10-10,36.28097915649414,37.5831298828125,52.83979034423828,122.4000015258789,76.94461059570312,139.30984497070312,221.8442840576172,95.56719207763672
2017-10-11,36.43223571777344,37.75452423095703,52.969791412353516,122.79000091552734,76.71490478515625,139.72512817382812,222.19277954101562,95.75189971923828
2017-10-12,36.304237365722656,37.73820114135742,52.92390823364258,122.88999938964844,76.04154205322266,139.47032165527344,221.8616943359375,96.15974426269531
2017-10-13,36.534637451171875,38.08097457885742,53.199195861816406,123.81999969482422,75.93854522705078,140.00828552246094,222.13180541992188,96.85238647460938
2017-10-16,37.20719528198242,38.056495666503906,53.16095733642578,122.97000122070312,77.507080078125,140.4896697998047,222.4280548095703,96.78313446044922
2017-10-17,37.3444938659668,37.860626220703125,53.023311614990234,122.12999725341797,77.33279418945312,140.66900634765625,222.58486938476562,96.90623474121094
2017-10-18,37.17927169799805,37.95038986206055,53.1762580871582,121.66999816894531,77.62589263916016,140.4990997314453,222.802734375,96.26750183105469
2017-10-19,36.29959487915039,37.61577606201172,53.092140197753906,122.38999938964844,77.72098541259766,139.9799346923828,222.86370849609375,96.43683624267578
2017-10-20,36.3624382019043,37.75452423095703,53.023311614990234,121.61000061035156,78.83003997802734,140.35751342773438,224.0137939453125,95.41332244873047
2017-10-23,36.34381103515625,37.45254898071289,52.90862274169922,121.80000305175781,78.69534301757812,139.44200134277344,223.14248657226562,95.58258056640625
2017-10-24,36.56022262573242,37.45254898071289,52.99272918701172,121.33000183105469,79.94697570800781,139.67796325683594,223.5345916748047,94.9900131225586
2017-10-25,36.39966583251953,37.370941162109375,52.78626251220703,121.3499984741211,80.02620697021484,139.14942932128906,222.4280548095703,94.5359115600586
2017-10-26,36.63239288330078,37.117942810058594,52.77861785888672,120.33000183105469,80.59659576416016,138.70578002929688,222.71559143066406,94.22039031982422
2017-10-27,37.94492721557617,37.65658187866211,52.90097427368164,120.9000015258789,80.62034606933594,142.7454376220703,224.53646850585938,94.84375762939453
2017-10-30,38.79899597167969,37.41990280151367,53.023311614990234,121.12999725341797,80.33515167236328,143.0663604736328,223.7001190185547,95.75189971923828
2017-10-31,39.338897705078125,37.77083969116211,53.245079040527344,120.66999816894531,79.70140838623047,143.6043243408203,224.04856872558594,95.78264617919922
2017-11-01,38.83856964111328,37.96672058105469,53.29860305786133,121.11000061035156,79.94697570800781,143.55712890625,224.34486389160156,96.20915222167969
2017-11-02,39.122467041015625,38.015682220458984,53.459190368652344,121.19000244140625,80.47774505615234,143.2834014892578,224.43202209472656,96.63330841064453
2017-11-03,40.14411544799805,37.81981658935547,53.375064849853516,120.62000274658203,80.33515167236328,144.661376953125,225.18128967285156,96.8955078125
2017-11-06,40.55138397216797,38.24420928955078,53.451541900634766,121.6500015258789,79.83609008789062,145.15219116210938,225.52980041503906,97.25801086425781
2017-11-07,40.68170166015625,37.99936294555664,53.25271987915039,121.20999908447266,78.22796630859375,145.2371368408203,225.37298583984375,97.666748046875
2017-11-08,41.014488220214844,38.17890930175781,53.42859649658203,121.62999725341797,77.3486328125,145.8223114013672,225.75631713867188,97.4508056640625
2017-11-09,40.93070983886719,37.942230224609375,53.12272262573242,122.12999725341797,77.3407211303711,145.0578155517578,224.93734741210938,97.17315673828125
2017-11-10,40.79524612426758,37.77900314331055,52.97743225097656,121.12999725341797,77.24565887451172,145.04835510253906,224.86758422851562,95.7078628540039
2017-11-13,40.63176345825195,37.69739532470703,52.75568771362305,121.30999755859375,77.52291870117188,145.22767639160156,225.0767364501953,95.9083480834961
2017-11-14,40.01750946044922,37.44438934326172,52.71744918823242,121.55999755859375,77.05553436279297,144.6991424560547,224.553955078125,96.55619812011719
2017-11-15,39.48967361450195,37.2485237121582,52.465091705322266,121.41000366210938,77.78435516357422,144.0196075439453,223.43006896972656,97.6050796508789
2017-11-16,39.9614372253418,38.02384567260742,52.885684967041016,121.4000015258789,78.00616455078125,145.8600616455078,225.32940673828125,96.7567138671875
2017-11-17,39.73957443237305,38.21156692504883,52.69450759887695,122.86000061035156,77.74472045898438,145.3031768798828,224.6671600341797,97.47396850585938
2017-11-20,39.69987487792969,38.40742874145508,52.8092041015625,121.30999755859375,78.4339370727539,145.18995666503906,225.05056762695312,97.43537902832031
2017-11-21,40.43790054321289,38.92159652709961,53.206844329833984,121.51000213623047,78.37054443359375,146.7661590576172,226.5230712890625,97.74388122558594
2017-11-22,40.86297607421875,39.0195426940918,53.35213851928711,122.62999725341797,78.14082336425781,146.9454803466797,226.32266235351562,98.0600814819336
2017-11-24,40.86531066894531,38.93791961669922,53.78800582885742,122.31999969482422,77.88732147216797,147.48342895507812,226.84544372558594,97.79017639160156
2017-11-27,40.65978240966797,38.36662292480469,53.466835021972656,122.83000183105469,77.57837677001953,147.4174041748047,226.7321319580078,97.65131378173828
2017-11-28,40.42155456542969,38.65227127075195,53.77271270751953,122.80999755859375,80.2955551147461,147.794921875,229.0323486328125,97.78244018554688
2017-11-29,39.58308410644531,38.04016876220703,53.558597564697266,122.04000091552734,82.17304229736328,145.21827697753906,228.8928680419922,96.81845092773438
2017-11-30,40.136619567871094,37.62394714355469,53.61213302612305,121.0999984741211,82.79883575439453,146.43580627441406,230.89686584472656,96.49449157714844
2017-12-01,39.949771881103516,37.411739349365234,53.398014068603516,121.58999633789062,83.01272583007812,145.8129119873047,230.41763305664062,97.79668426513672
2017-12-04,39.65782165527344,37.485198974609375,53.206844329833984,121.18000030517578,84.72384643554688,144.13284301757812,230.13888549804688,97.843017578125
2017-12-05,39.620460510253906,37.460716247558594,53.092140197753906,120.31999969482422,83.74945831298828,144.2272186279297,229.3111114501953,98.3298568725586
2017-12-06,39.47332000732422,36.954715728759766,52.985076904296875,120.06999969482422,83.12364196777344,144.87844848632812,229.3546905517578,98.66992950439453
2017-12-07,39.54572296142578,37.06079864501953,53.12272262573242,118.48999786376953,82.8780746459961,145.36927795410156,230.0778350830078,97.89710235595703
2017-12-08,39.55739212036133,37.49335479736328,53.40565490722656,118.4800033569336,83.91581726074219,146.01107788085938,231.33253479003906,97.90484619140625
2017-12-11,40.3281364440918,37.681068420410156,53.54330062866211,118.01000213623047,83.67025756835938,147.1436767578125,232.0295867919922,97.70390319824219
2017-12-12,40.101585388183594,37.42806625366211,53.61213302612305,118.1500015258789,84.64463806152344,146.9454803466797,232.43896484375,97.6652603149414
2017-12-13,40.234718322753906,37.87693786621094,53.81858825683594,119.16999816894531,83.58309936523438,147.2286376953125,232.412841796875,98.39945220947266
2017-12-14,40.22304916381836,37.59945297241211,53.52035140991211,118.93000030517578,82.90975952148438,147.12477111816406,231.4631805419922,98.81671905517578
2017-12-15,40.63176345825195,37.681068420410156,53.505062103271484,119.18000030517578,84.08218383789062,148.79541015625,233.39071655273438,99.18767547607422
2017-12-18,41.2039680480957,38.10546875,54.13975524902344,119.7300033569336,84.73179626464844,150.04290771484375,234.8706817626953,98.28350830078125
2017-12-19,40.764892578125,37.904136657714844,53.94114685058594,119.81999969482422,84.37530517578125,149.15380859375,233.9686279296875,97.00839233398438
2017-12-20,40.72052001953125,37.95384216308594,53.848419189453125,120.13999938964844,84.08218383789062,148.9930419921875,233.8460235595703,95.93421173095703
2017-12-21,40.874656677246094,38.202396392822266,54.041603088378906,120.30999755859375,85.4209976196289,149.01197814941406,234.32772827148438,96.49339294433594
2017-12-22,40.874656677246094,38.5255126953125,54.18072509765625,120.94000244140625,85.11994171142578,148.8417205810547,234.26646423339844,96.62500762939453
2017-12-26,39.837669372558594,38.492374420166016,54.165252685546875,121.7699966430664,84.77931213378906,148.03781127929688,233.9861602783203,96.91156005859375
2017-12-27,39.84468078613281,38.591793060302734,54.2657356262207,122.2300033569336,84.93775177001953,148.05665588378906,234.10003662109375,98.17388153076172
2017-12-28,39.956783294677734,38.85692596435547,54.2966423034668,122.8499984741211,85.3892593383789,148.2364044189453,234.58164978027344,98.08866882324219
2017-12-29,39.524696350097656,39.0391845703125,54.335269927978516,123.6500015258789,84.71592712402344,147.31898498535156,233.69720458984375,98.24356842041016
2018-01-02,40.23237228393555,39.77655792236328,54.73712921142578,125.1500015258789,85.51603698730469,149.9010772705078,235.36985778808594,97.18262481689453
2018-01-03,40.22538375854492,40.15766143798828,54.99988555908203,124.81999969482422,85.6031723022461,151.35757446289062,236.85855102539062,97.64724731445312
2018-01-04,40.41221618652344,40.35650634765625,55.602664947509766,125.45999908447266,86.82947540283203,151.62242126464844,237.8568115234375,97.63176727294922
2018-01-05,40.872318267822266,40.70448303222656,55.911781311035156,125.33000183105469,86.27206420898438,153.14512634277344,239.44203186035156,97.35294342041016
2018-01-08,40.72052001953125,40.70448303222656,55.89632034301758,125.30999755859375,86.39949798583984,153.7410430908203,239.87985229492188,97.29104614257812
2018-01-09,40.71583938598633,40.63819885253906,55.958152770996094,124.7300033569336,86.83744812011719,153.75047302246094,240.42279052734375,95.98999786376953
2018-01-10,40.70648956298828,40.38137435913086,55.84994888305664,125.02999877929688,87.79302215576172,153.39108276367188,240.05502319335938,95.87378692626953
2018-01-11,40.93772506713867,40.629913330078125,56.2363395690918,125.44000244140625,88.26282501220703,154.44091796875,241.806396484375,96.2687759399414
2018-01-12,41.36045455932617,41.01931381225586,56.800498962402344,126.95999908447266,89.72008514404297,155.57589721679688,243.38275146484375,96.43140411376953
2018-01-16,41.15025329589844,40.861900329589844,56.74641036987305,127.16999816894531,89.40156555175781,155.13133239746094,242.55081176757812,96.83409881591797
2018-01-17,41.82991027832031,41.400428771972656,57.04007339477539,126.13999938964844,89.97489929199219,156.805419921875,244.8627471923828,96.70245361328125
2018-01-18,41.867271423339844,41.45012664794922,56.97051239013672,125.86000061035156,90.18989562988281,156.8338165283203,244.45108032226562,95.80413055419922
2018-01-19,41.6804313659668,41.789825439453125,57.28736114501953,126.41999816894531,89.9908447265625,157.3256072998047,245.5632781982422,95.3007583618164
2018-01-22,41.33943557739258,42.03010177612305,57.581031799316406,126.6500015258789,91.04196166992188,159.0091552734375,247.55999755859375,95.39369201660156
2018-01-23,41.348777770996094,42.22893142700195,57.76648712158203,127.27999877929688,90.94639587402344,160.32379150390625,248.08541870117188,95.80413055419922
2018-01-24,40.690155029296875,42.58518981933594,57.86695861816406,128.8300018310547,92.10903930664062,159.2834930419922,247.98910522460938,95.2852783203125
2018-01-25,39.963783264160156,42.56034469604492,57.64283752441406,127.97000122070312,92.13290405273438,159.22677612304688,248.09422302246094,96.0674057006836
2018-01-26,40.05720901489258,43.1485710144043,58.152870178222656,128.07000732421875,92.6266098022461,161.66685485839844,250.9665069580078,95.71118927001953
2018-01-29,39.228092193603516,42.494049072265625,57.61966323852539,127.3499984741211,92.53106689453125,160.88185119628906,249.30274963378906,95.045166015625
2018-01-30,38.99686813354492,41.914100646972656,57.140525817871094,126.80000305175781,91.66307067871094,159.5577392578125,246.7455596923828,94.48762512207031
2018-01-31,39.10430145263672,42.27864456176758,57.0632438659668,127.6500015258789,92.10903930664062,160.2197265625,246.86813354492188,95.045166015625
2018-02-01,39.18605041503906,41.706966400146484,57.22554016113281,128.07000732421875,93.0645751953125,158.85784912109375,246.58786010742188,93.6677474975586
2018-02-02,37.48576354980469,40.63819885253906,56.06633758544922,126.38999938964844,91.00215911865234,155.6893768310547,241.2196044921875,92.79856872558594
2018-02-05,36.54920196533203,39.21316909790039,53.71704864501953,126.70999908447266,86.63837432861328,149.55108642578125,231.13125610351562,93.67546081542969
2018-02-06,38.076656341552734,40.48907470703125,54.77577209472656,125.37999725341797,89.27413940429688,153.5139923095703,235.6851043701172,93.09345245361328
2018-02-07,37.26154327392578,39.21316909790039,54.1961669921875,124.79000091552734,89.87934875488281,151.52786254882812,234.40658569335938,92.20875549316406
2018-02-08,36.236244201660156,37.85441970825195,52.781959533691406,124.9800033569336,85.90577697753906,145.13417053222656,225.6141815185547,92.1079330444336
2018-02-09,36.67945861816406,38.45923614501953,53.00605773925781,124.7699966430664,87.62578582763672,147.64059448242188,229.0032958984375,91.52588653564453
2018-02-12,38.156864166259766,39.06404113769531,53.817501068115234,125.37000274658203,88.97953796386719,150.2604522705078,232.36607360839844,91.92937469482422
2018-02-13,38.539100646972656,39.3623046875,53.65521240234375,126.08000183105469,89.52897644042969,151.0360107421875,232.94403076171875,92.34070587158203
2018-02-14,39.249664306640625,40.34822463989258,54.605751037597656,128.22999572753906,91.5993881225586,153.86398315429688,236.08792114257812,91.31632995605469
2018-02-15,40.567604064941406,41.17673110961914,54.94578170776367,128.3800048828125,91.98160552978516,156.7203369140625,239.1004180908203,91.6267318725586
2018-02-16,40.436279296875,41.04416275024414,55.193077087402344,127.95999908447266,91.3206558227539,156.0204315185547,239.17050170898438,92.12338256835938
2018-02-20,40.300262451171875,40.48078536987305,54.67530822753906,126.23999786376953,91.34453582763672,156.33255004882812,237.67295837402344,91.71990966796875
2018-02-21,40.11735916137695,40.44764709472656,54.41257095336914,125.66000366210938,91.7267837524414,155.8879852294922,236.4907684326172,90.59459686279297
2018-02-22,40.452693939208984,40.47249984741211,54.6984748840332,126.30000305175781,91.55955505371094,155.86904907226562,236.79727172851562,90.86622619628906
2018-02-23,41.156227111816406,41.19330596923828,55.13125228881836,126.13999938964844,93.41495513916016,159.0564727783203,240.57167053222656,91.67330932617188
2018-02-26,41.96996307373047,41.57440948486328,55.649024963378906,126.44999694824219,94.57756042480469,161.16555786132812,243.36524963378906,91.70435333251953
2018-02-27,41.83393859863281,40.36479568481445,54.822147369384766,125.12999725341797,93.45479583740234,159.16995239257812,240.3265380859375,91.57242584228516
2018-02-28,41.770626068115234,39.78484344482422,54.30436325073242,125.0,91.97364044189453,158.14849853515625,237.8919219970703,92.1544418334961
2018-03-01,41.03895950317383,39.71027374267578,53.392459869384766,124.72000122070312,90.32527923583984,155.56642150878906,234.43283081054688,92.78351593017578
2018-03-02,41.32271194458008,39.875972747802734,53.647491455078125,125.38999938964844,90.23768615722656,156.99462890625,235.64134216308594,92.0292739868164
2018-03-05,41.46576690673828,39.93396759033203,53.93342971801758,125.18000030517578,91.62324523925781,158.73487854003906,238.36483764648438,91.78042602539062
2018-03-06,41.43058776855469,40.30679702758789,54.25026321411133,126.52999877929688,91.7029037475586,159.4063720703125,238.96902465820312,91.86593627929688
2018-03-07,41.04600143432617,40.34822463989258,54.23481369018555,125.72000122070312,91.36048126220703,159.77528381347656,238.88150024414062,91.76488494873047
2018-03-08,41.49390411376953,40.35650634765625,54.35072708129883,125.41999816894531,91.36844635009766,160.6548614501953,240.03746032714844,92.2936782836914
2018-03-09,42.20681381225586,41.218162536621094,54.6984748840332,125.54000091552734,93.99627685546875,163.77601623535156,244.21466064453125,91.68710327148438
2018-03-12,42.6148681640625,41.31757736206055,54.76031494140625,125.54000091552734,93.69364929199219,164.64620971679688,243.90823364257812,92.21588134765625
2018-03-13,42.20446014404297,40.94475173950195,54.397098541259766,125.77999877929688,92.57086181640625,162.40457153320312,242.33181762695312,92.68240356445312
2018-03-14,41.84566116333008,41.01103210449219,54.528472900390625,125.69999694824219,91.53567504882812,162.37623596191406,241.08827209472656,93.49890899658203
2018-03-15,41.894901275634766,40.861900329589844,54.49755859375,124.9000015258789,91.76658630371094,162.23439025878906,240.82565307617188,93.49890899658203
2018-03-16,41.747188568115234,40.7707633972168,54.458919525146484,124.5999984741211,91.92585754394531,161.7519989013672,241.08682250976562,93.16451263427734
2018-03-19,41.10931396484375,40.33165740966797,54.018436431884766,124.87000274658203,91.20121765136719,158.30084228515625,237.8247833251953,92.86905670166016
2018-03-20,41.09524154663086,40.77904510498047,54.010704040527344,124.30999755859375,91.288818359375,158.8218994140625,238.2292022705078,92.4958267211914
2018-03-21,40.164249420166016,41.01931381225586,54.09571838378906,126.4800033569336,91.36844635009766,158.13035583496094,237.77203369140625,92.596923828125
2018-03-22,39.596744537353516,39.65227508544922,53.09107208251953,125.9800033569336,87.55410766601562,154.2272491455078,231.82839965820312,93.51446533203125
2018-03-23,38.67981719970703,38.848628997802734,52.50374984741211,127.61000061035156,85.21300506591797,150.16317749023438,226.8870391845703,93.44451141357422
2018-03-26,40.51601028442383,40.10795211791992,53.44657516479492,128.27999877929688,87.84080505371094,155.74301147460938,233.09445190429688,93.0867919921875
2018-03-27,39.477134704589844,39.378875732421875,53.05244064331055,127.48999786376953,86.13670349121094,150.70314025878906,229.12916564941406,94.08209228515625
2018-03-28,39.040950775146484,39.180023193359375,53.36155319213867,125.7300033569336,86.00132751464844,148.96954345703125,228.45204162597656,94.33096313476562
2018-03-29,39.34580612182617,40.000247955322266,53.848419189453125,125.79000091552734,87.5700454711914,151.69786071777344,231.37123107910156,94.7897720336914
2018-04-02,39.087852478027344,39.27945327758789,53.10653305053711,127.26000213623047,85.88189697265625,147.3211669921875,226.3771514892578,94.97679138183594
2018-04-03,39.48885726928711,39.66885757446289,53.44657516479492,126.30000305175781,87.06041717529297,148.97898864746094,229.27859497070312,94.24423217773438
2018-04-04,40.243988037109375,39.68541717529297,53.63203811645508,126.44999694824219,88.38227844238281,151.32847595214844,231.73171997070312,94.04942321777344
2018-04-05,40.523048400878906,39.78484344482422,53.98751449584961,125.80000305175781,89.54279327392578,152.1904754638672,233.56045532226562,93.3480453491211
2018-04-06,39.486515045166016,39.00604248046875,53.63203811645508,126.38999938964844,87.30980682373047,148.3821563720703,228.3554229736328,94.36893463134766
2018-04-09,39.87814712524414,39.04747009277344,54.07251739501953,126.81999969482422,88.35826110839844,149.42425537109375,229.48080444335938,94.52481079101562
2018-04-10,40.62856674194336,39.80968475341797,54.652130126953125,127.12000274658203,90.0470199584961,152.7210235595703,233.1296844482422,94.35332489013672
2018-04-11,40.438621520996094,39.826263427734375,54.44346237182617,128.11000061035156,88.53434753417969,151.83999633789062,231.90760803222656,94.68842315673828
2018-04-12,40.8372802734375,39.80968475341797,54.652130126953125,126.62000274658203,90.73530578613281,153.66830444335938,233.81552124023438,93.99491119384766
2018-04-13,40.97565460205078,39.412010192871094,54.706214904785156,127.44999694824219,88.27823638916016,152.87252807617188,233.1296844482422,94.2131118774414
2018-04-16,41.231266021728516,39.46171951293945,54.79122543334961,127.62999725341797,88.2061996459961,154.037841796875,235.04644775390625,94.24423217773438
2018-04-17,41.79877853393555,39.544578552246094,55.038516998291016,127.75,88.2061996459961,157.35348510742188,237.56105041503906,94.50141143798828
2018-04-18,41.7049674987793,39.8842658996582,55.324462890625,127.8499984741211,87.493896484375,157.67559814453125,237.7368621826172,93.74555206298828
2018-04-19,40.523048400878906,39.65227508544922,55.11579513549805,127.5999984741211,89.41473388671875,156.22616577148438,236.4180450439453,92.98184204101562
2018-04-20,38.86272430419922,39.15517807006836,54.907142639160156,126.62999725341797,89.21465301513672,153.75363159179688,234.41331481933594,92.31166076660156
2018-04-23,38.75016784667969,38.8403434753418,54.837589263916016,125.62000274658203,88.78246307373047,153.3651885986328,234.3782196044922,92.3350830078125
2018-04-24,38.21079635620117,38.6580696105957,54.61348342895508,126.2300033569336,88.36627960205078,150.11585998535156,231.2217559814453,91.91429138183594
2018-04-25,38.37730026245117,38.35980224609375,54.520755767822266,125.41000366210938,88.03014373779297,150.29583740234375,231.79322814941406,91.29866027832031
2018-04-26,38.51095962524414,38.91490936279297,54.79122543334961,124.97000122070312,88.11815643310547,153.45997619628906,234.1495819091797,91.93761444091797
2018-04-27,38.065399169921875,39.15517807006836,54.84532165527344,125.5,87.55791473388672,153.5546112060547,234.369384765625,92.64676666259766
2018-04-30,38.75485610961914,38.87348556518555,54.66756820678711,124.58999633789062,87.06172180175781,152.46519470214844,232.5669403076172,92.81040954589844
2018-05-01,39.65536880493164,38.68293380737305,54.47438049316406,123.70999908447266,87.06172180175781,154.2083282470703,232.98025512695312,92.47615051269531
2018-05-02,41.40715026855469,38.37637710571289,54.451202392578125,123.6500015258789,86.37342071533203,153.29891967773438,231.41514587402344,92.37460327148438
2018-05-03,41.48219299316406,38.29352569580078,54.6212158203125,124.27999877929688,85.82917785644531,153.27992248535156,230.90525817871094,92.78855895996094
2018-05-04,43.10967254638672,38.46751403808594,54.81440734863281,124.54000091552734,86.78157806396484,156.18824768066406,233.89459228515625,92.9291000366211
2018-05-07,43.42156219482422,38.24382019042969,54.822147369384766,124.56999969482422,87.53389739990234,157.48614501953125,234.68592834472656,92.78073120117188
2018-05-08,43.63028335571289,38.45923614501953,54.829864501953125,124.58999633789062,88.83048248291016,157.32508850097656,234.68592834472656,92.69483947753906
2018-05-09,43.93748474121094,38.53379440307617,54.961246490478516,124.33000183105469,90.76734161376953,159.03973388671875,236.95433044433594,92.1402816772461
2018-05-10,44.56597137451172,39.33745193481445,55.31673812866211,125.18000030517578,91.47161102294922,160.6881866455078,239.17001342773438,92.88227844238281
2018-05-11,44.396461486816406,39.27116394042969,55.46356201171875,125.0,91.12747955322266,160.53662109375,239.8997802734375,93.11656951904297
2018-05-14,44.292884826660156,39.32087707519531,55.564022064208984,124.48999786376953,91.15948486328125,160.81124877929688,240.01412963867188,92.6245346069336
2018-05-15,43.89033508300781,38.508949279785156,55.16216278076172,122.4800033569336,90.46319580078125,159.03025817871094,238.36111450195312,91.57019805908203
2018-05-16,44.299957275390625,39.088897705078125,55.23944854736328,122.29000091552734,90.71127319335938,160.08184814453125,239.36343383789062,91.21875
2018-05-17,44.01981735229492,38.492374420166016,55.324462890625,122.36000061035156,90.40717315673828,159.466064453125,239.16123962402344,90.75799560546875
2018-05-18,43.8597297668457,38.16925811767578,55.12351989746094,122.41000366210938,88.9425277709961,158.64186096191406,238.5633087158203,91.53902435302734
2018-05-21,44.170475006103516,38.40123748779297,55.471275329589844,122.4800033569336,89.75888061523438,159.53236389160156,240.35699462890625,91.58582305908203
2018-05-22,44.05984115600586,38.53379440307617,55.4017448425293,122.41000366210938,90.44718170166016,159.32394409179688,239.68873596191406,91.44523620605469
2018-05-23,44.34232711791992,38.51722717285156,54.79122543334961,122.54000091552734,90.03099060058594,160.6692657470703,240.34815979003906,92.10905456542969
2018-05-24,44.292884826660156,38.31010055541992,54.6212158203125,123.58999633789062,89.0225830078125,160.62179565429688,239.85586547851562,92.8432388305664
2018-05-25,44.39411544799805,38.46751403808594,54.2657356262207,123.20999908447266,88.56636810302734,160.7828826904297,239.28428649902344,93.4211654663086
2018-05-29,44.23402786254883,37.57272720336914,53.16062545776367,123.19000244140625,84.78072357177734,160.07237243652344,236.53236389160156,95.46727752685547
2018-05-30,44.1398811340332,37.87098693847656,53.97206115722656,123.37000274658203,86.71757507324219,161.21861267089844,239.68873596191406,94.8269271850586
2018-05-31,43.991554260253906,37.85441970825195,53.63203811645508,123.0999984741211,85.64511108398438,161.1144561767578,238.22044372558594,94.67070007324219
2018-06-01,44.784908294677734,38.38467025756836,54.09571838378906,122.48999786376953,86.75758361816406,163.64389038085938,240.55926513671875,94.17050170898438
2018-06-04,45.15920639038086,38.77406692504883,54.257999420166016,122.37000274658203,86.797607421875,165.1217041015625,241.7022247314453,93.48947143554688
2018-06-05,45.50762176513672,38.47580337524414,54.1729850769043,122.8499984741211,86.30936431884766,165.63323974609375,241.87802124023438,93.70866394042969
2018-06-06,45.66534423828125,39.055763244628906,54.659854888916016,122.91999816894531,88.32626342773438,166.59951782226562,243.9003448486328,92.94940185546875
2018-06-07,45.54292678833008,38.45923614501953,54.35072708129883,122.86000061035156,88.67842864990234,165.24484252929688,243.8740234375,93.84951782226562
2018-06-08,45.12860870361328,38.38467025756836,54.41257095336914,123.01000213623047,88.926513671875,165.2543487548828,244.59487915039062,93.56774139404297
2018-06-11,45.0179557800293,38.38467025756836,54.76031494140625,123.2300033569336,88.70242309570312,165.69960021972656,244.9202117919922,93.39552307128906
2018-06-12,45.26513671875,38.28524398803711,54.41257095336914,122.81999969482422,88.19020080566406,166.5711669921875,245.23675537109375,93.41902160644531
2018-06-13,44.8931884765625,38.02840805053711,54.48982620239258,123.19000244140625,88.01412963867188,166.56167602539062,244.45419311523438,93.3720474243164
2018-06-14,44.91673278808594,37.77157211303711,54.3739128112793,123.37999725341797,86.4614486694336,168.2479248046875,245.06968688964844,94.14700317382812
2018-06-15,44.45532989501953,37.473304748535156,54.09571838378906,121.33999633789062,86.35740661621094,167.6605682373047,244.75701904296875,94.23312377929688
2018-06-18,44.43178176879883,37.017635345458984,53.70930480957031,121.11000061035156,86.58150482177734,167.563720703125,244.25363159179688,94.14700317382812
2018-06-19,43.71377944946289,36.6090202331543,53.21592330932617,120.80000305175781,86.0772933959961,167.08905029296875,243.3174285888672,94.69496154785156
2018-06-20,43.904449462890625,36.7674560546875,53.25532913208008,120.26000213623047,86.06929779052734,168.27578735351562,243.73257446289062,93.86521911621094
2018-06-21,43.65962600708008,36.250423431396484,52.87702560424805,120.05000305175781,86.04527282714844,166.81375122070312,242.2046356201172,94.3583984375
2018-06-22,43.532501220703125,36.62568283081055,53.436622619628906,120.33999633789062,84.63666534423828,166.4434814453125,242.646240234375,94.35055541992188
2018-06-25,42.885128021240234,36.1336784362793,52.69575500488281,119.88999938964844,83.86833953857422,162.69349670410156,239.34312438964844,94.5619125366211
2018-06-26,43.41715621948242,35.99191665649414,52.79032897949219,119.26000213623047,83.92439270019531,163.35804748535156,239.8730010986328,94.69496154785156
2018-06-27,43.35358810424805,35.29975509643555,52.293792724609375,118.58000183105469,82.62779235839844,161.13653564453125,237.88592529296875,95.58737182617188
2018-06-28,43.669044494628906,35.59996795654297,52.49082946777344,118.22000122070312,83.98040008544922,162.52255249023438,239.24594116210938,95.61085510253906
2018-06-29,43.57723617553711,36.1336784362793,52.782440185546875,118.6500015258789,83.39611053466797,162.95928955078125,239.5904083251953,95.28206634521484
2018-07-02,44.06452941894531,35.77509689331055,52.30168151855469,117.45999908447266,84.10041809082031,164.05108642578125,240.10263061523438,95.20756530761719
2018-07-03,43.297096252441406,35.80010986328125,52.45929718017578,118.6500015258789,82.92391204833984,162.15232849121094,239.25479125976562,95.717529296875
2018-07-05,43.645511627197266,35.70838165283203,52.97948455810547,119.05000305175781,83.46305847167969,164.16500854492188,241.2066192626953,95.99213409423828
2018-07-06,44.25050735473633,36.20038604736328,53.263214111328125,118.86000061035156,83.73666381835938,166.7187957763672,243.24681091308594,96.30592346191406
2018-07-09,44.86494064331055,36.850852966308594,53.7755241394043,119.1500015258789,86.32777404785156,168.2187957763672,245.4370574951172,95.6861343383789
2018-07-10,44.81080627441406,36.7674560546875,53.751869201660156,118.93000030517578,85.79669952392578,168.3422393798828,246.32029724121094,95.67826843261719
2018-07-11,44.22933578491211,36.050289154052734,52.853370666503906,117.63999938964844,85.61161804199219,167.48779296875,244.51858520507812,96.04703521728516
2018-07-12,44.97087478637695,36.54229736328125,53.263214111328125,118.12999725341797,85.98178100585938,170.3738555908203,246.73533630371094,96.03919219970703
2018-07-13,45.041507720947266,36.56731414794922,53.428741455078125,117.61000061035156,85.58744812011719,170.51626586914062,246.92965698242188,96.28237915039062
2018-07-16,44.942623138427734,36.3671760559082,53.40508270263672,117.55000305175781,88.98328399658203,170.1080322265625,246.70883178710938,95.88227081298828
2018-07-17,45.069759368896484,36.634029388427734,53.49966049194336,116.27999877929688,88.91891479492188,171.14288330078125,247.7068634033203,95.70182037353516
2018-07-18,44.82257080078125,36.59233856201172,53.507545471191406,116.30999755859375,89.74774169921875,170.82003784179688,248.2279510498047,95.31739044189453
2018-07-19,45.17097091674805,36.14201736450195,53.3972053527832,115.80999755859375,88.42804718017578,169.9656219482422,247.29176330566406,95.92150115966797
2018-07-20,45.06740188598633,36.65904998779297,53.64940643310547,116.55999755859375,89.54656219482422,169.92767333984375,247.00921630859375,94.74462890625
2018-07-23,45.107421875,36.41720962524414,53.64940643310547,116.0,91.21228790283203,170.46881103515625,247.46841430664062,93.57565307617188
2018-07-24,45.43464279174805,36.950923919677734,53.964664459228516,116.04000091552734,91.85607147216797,171.17132568359375,248.7137451171875,93.89727783203125
2018-07-25,45.863094329833984,37.55134582519531,54.36663818359375,116.68000030517578,92.68487548828125,173.563720703125,250.83335876464844,93.74824523925781
2018-07-26,45.71950149536133,37.13438415527344,54.1223030090332,115.7699966430664,92.4193344116211,170.9340362548828,250.24159240722656,93.56778717041016
2018-07-27,44.9591064453125,37.2678108215332,54.22476577758789,115.83000183105469,93.36888885498047,168.6270294189453,248.54591369628906,93.72467803955078
2018-07-30,44.707210540771484,37.209434509277344,54.21687698364258,115.6500015258789,93.93215942382812,166.24411010742188,247.24766540527344,93.40300750732422
2018-07-31,44.79667282104492,37.409584045410156,54.28779983520508,115.98999786376953,92.49979400634766,167.5162353515625,248.46646118164062,93.91297912597656
2018-08-01,47.4356575012207,37.07600402832031,54.01195526123047,115.13999938964844,93.07115936279297,168.15235900878906,248.05128479003906,93.14791107177734
2018-08-02,48.82221984863281,36.58399200439453,53.65729904174805,114.5199966430664,93.46544647216797,170.44033813476562,249.40267944335938,93.28158569335938
2018-08-03,48.963478088378906,36.86752700805664,53.688819885253906,114.91999816894531,94.22186279296875,170.96250915527344,250.47122192382812,93.74547576904297
2018-08-06,49.21772766113281,36.58399200439453,53.46025466918945,114.33000183105469,94.24600982666016,171.96884155273438,251.38980102539062,93.8005599975586
2018-08-07,48.75630187988281,36.95925521850586,53.877967834472656,114.58999633789062,94.59202575683594,172.59536743164062,252.21995544433594,93.31300354003906
2018-08-08,48.789268493652344,36.90922164916992,53.830684661865234,114.91000366210938,94.7851333618164,172.8042449951172,252.11395263671875,93.40740203857422
2018-08-09,49.17300033569336,36.80080795288086,53.67306137084961,114.73999786376953,94.0528793334961,172.6998748779297,251.7695770263672,94.19373321533203
2018-08-10,49.026519775390625,36.01692581176758,52.60116958618164,114.69000244140625,93.1274642944336,171.3802490234375,250.08262634277344,94.8778076171875
2018-08-13,49.34309005737305,35.42484664916992,52.41202163696289,112.95999908447266,91.64684295654297,171.19033813476562,249.146484375,94.68124389648438
2018-08-14,49.55097198486328,35.641666412353516,52.40412902832031,113.06999969482422,92.2583999633789,172.26316833496094,250.7361602783203,94.46894836425781
2018-08-15,49.66673278808594,34.615943908691406,51.64751052856445,111.19000244140625,91.49391174316406,170.15554809570312,248.86392211914062,95.0193099975586
2018-08-16,50.39434814453125,34.83277130126953,52.01005172729492,111.0999984741211,92.35496520996094,170.7156524658203,250.87753295898438,95.011474609375
2018-08-17,51.400718688964844,35.19969177246094,52.31744384765625,112.12999725341797,92.35496520996094,170.75360107421875,251.76075744628906,95.12944793701172
2018-08-20,50.899898529052734,35.3581428527832,52.60116958618164,112.69000244140625,92.23424530029297,170.6017303466797,252.29945373535156,95.76636505126953
2018-08-21,50.80067443847656,35.80845260620117,52.924320220947266,113.0199966430664,92.79753875732422,171.22830200195312,252.89117431640625,95.4439926147461
2018-08-22,50.80303192138672,36.091983795166016,53.12923812866211,113.2699966430664,92.51591491699219,171.8928680419922,252.74111938476562,95.8214111328125
2018-08-23,50.90699005126953,35.50824737548828,52.75091552734375,112.19999694824219,92.32278442382812,171.6460418701172,252.40545654296875,95.97081756591797
2018-08-24,51.06525802612305,36.167030334472656,53.05829620361328,114.16000366210938,92.28253173828125,173.24098205566406,253.9246063232422,96.1595458984375
2018-08-27,51.48577117919922,36.68407440185547,53.76763916015625,114.58999633789062,93.91607666015625,175.00682067871094,255.92935180664062,95.60909271240234
2018-08-28,51.90155029296875,36.55064392089844,53.72034454345703,113.68000030517578,93.45738983154297,175.2631378173828,256.0530090332031,95.03510284423828
2018-08-29,52.67641067504883,36.775794982910156,54.01195526123047,114.19999694824219,93.151611328125,177.28530883789062,257.4306945800781,95.1608657836914
2018-08-30,53.16069412231445,35.81678009033203,53.49966049194336,113.63999938964844,92.69293212890625,176.97201538085938,256.3885192871094,95.3653564453125
2018-08-31,53.77492141723633,36.00025177001953,53.07406997680664,113.51000213623047,92.20207977294922,177.19985961914062,256.3974914550781,95.1451644897461
2018-09-04,53.94736862182617,35.29975509643555,52.62482452392578,112.93000030517578,92.6607437133789,176.4403839111328,255.955810546875,94.59507751464844
2018-09-05,53.595375061035156,34.79106903076172,52.14405059814453,113.31999969482422,92.21011352539062,174.16189575195312,255.26699829101562,94.34288787841797
2018-09-06,52.70474624633789,34.82442855834961,51.986412048339844,113.54000091552734,91.81584167480469,172.60488891601562,254.49862670898438,94.68962860107422
2018-09-07,52.279537200927734,34.64930725097656,51.568695068359375,113.2300033569336,91.99285888671875,171.9403076171875,254.00392150878906,93.88579559326172
2018-09-10,51.577903747558594,34.307403564453125,51.88395309448242,113.1500015258789,91.50196838378906,172.51942443847656,254.44554138183594,94.23257446289062
2018-09-11,52.88193893432617,34.38245391845703,51.931243896484375,113.22000122070312,92.08136749267578,173.84854125976562,255.2846221923828,93.51538848876953
2018-09-12,52.225196838378906,34.55757522583008,52.15192413330078,114.16999816894531,90.9950180053711,173.3359375,255.3464813232422,93.73604583740234
2018-09-13,53.48668670654297,35.02456283569336,52.53812026977539,113.76000213623047,91.34909057617188,175.1871795654297,256.8567199707031,93.87789916992188
2018-09-14,52.879573822021484,34.99120330810547,52.616939544677734,113.0199966430664,91.3329849243164,174.67453002929688,256.9008483886719,93.42871856689453
2018-09-17,51.47159194946289,34.6743278503418,52.664222717285156,113.61000061035156,91.6065902709961,172.15867614746094,255.54078674316406,93.42871856689453
2018-09-18,51.55664825439453,35.00788116455078,53.21592330932617,113.44000244140625,91.97675323486328,173.58273315429688,256.92742919921875,92.4514389038086
2018-09-19,51.587345123291016,35.4915657043457,53.40508270263672,113.87999725341797,94.64836120605469,173.44984436035156,257.2011413574219,91.89981079101562
2018-09-20,51.97951126098633,35.88349914550781,54.067138671875,114.2699966430664,95.46106719970703,175.3675537109375,259.2854309082031,92.32538604736328
2018-09-21,51.41962814331055,36.050289154052734,54.09077453613281,113.48999786376953,94.83341979980469,174.4087371826172,259.048583984375,92.28596496582031
2018-09-24,52.15903091430664,35.641666412353516,53.84645080566406,113.47000122070312,93.92410278320312,174.89373779296875,258.1880798339844,92.049560546875
2018-09-25,52.489784240722656,35.7834358215332,54.11442947387695,113.6500015258789,93.6585693359375,175.13150024414062,257.9484558105469,91.95496368408203
2018-09-26,52.0716438293457,35.85848617553711,54.138065338134766,113.05000305175781,92.5561294555664,175.25515747070312,257.1766357421875,92.6012191772461
2018-09-27,53.141788482666016,36.03361892700195,54.02772521972656,112.05000305175781,92.1537857055664,176.73883056640625,257.895263671875,92.66425323486328
2018-09-28,53.32843017578125,35.791778564453125,53.58635711669922,112.76000213623047,90.80189514160156,176.70074462890625,257.921875,92.4199447631836
2018-10-01,53.6875114440918,35.80010986328125,53.64940643310547,112.56999969482422,91.3329849243164,177.0622100830078,258.8179016113281,91.74143981933594
2018-10-02,54.164710998535156,35.34979248046875,53.37356185913086,113.87000274658203,91.71119689941406,176.66275024414062,258.6671142578125,92.30224609375
2018-10-03,54.82380676269531,35.05792236328125,53.27897644042969,113.41999816894531,92.57223510742188,176.85296630859375,258.8090515136719,90.69880676269531
2018-10-04,53.859962463378906,34.18231201171875,52.656333923339844,113.4800033569336,93.40689086914062,173.45761108398438,256.78619384765625,90.05909729003906
2018-10-05,52.985877990722656,34.057220458984375,52.34109115600586,113.80000305175781,92.88014221191406,171.33673095703125,255.34896850585938,89.28498077392578
2018-10-08,52.8630256652832,34.10725021362305,52.0888671875,112.54000091552734,93.44738006591797,170.2905731201172,255.34896850585938,88.98489379882812
2018-10-09,53.595375061035156,33.98217010498047,51.95489501953125,112.5999984741211,92.79911804199219,170.8421630859375,254.97642517089844,89.8852767944336
2018-10-10,51.112518310546875,32.973140716552734,50.851470947265625,112.87999725341797,90.3276138305664,163.3286590576172,246.903076171875,89.6404037475586
2018-10-11,50.66129684448242,32.63956069946289,50.14214324951172,115.77999877929688,87.62110137939453,161.30284118652344,241.4646453857422,90.73046875
2018-10-12,52.470882415771484,33.59857177734375,50.32342529296875,115.2300033569336,86.66490936279297,165.79197692871094,244.81820678710938,90.41447448730469
2018-10-15,51.3487548828125,33.239986419677734,50.2052001953125,116.0,86.17061614990234,163.78514099121094,243.44300842285156,90.37499237060547
2018-10-16,52.4803352355957,34.073909759521484,51.06428146362305,115.80000305175781,88.01818084716797,168.55006408691406,248.76614379882812,90.58038330078125
2018-10-17,52.2535514831543,33.65694808959961,50.77266311645508,115.79000091552734,88.99868774414062,168.61663818359375,248.8104705810547,90.04325866699219
2018-10-18,51.03219223022461,32.77299118041992,49.95298385620117,115.91999816894531,87.58868408203125,164.70765686035156,245.21743774414062,90.01167297363281
2018-10-19,51.809417724609375,33.08153533935547,50.236717224121094,116.01000213623047,87.44283294677734,164.5554962158203,245.08428955078125,89.81421661376953
2018-10-22,52.125980377197266,33.440120697021484,50.01604080200195,115.70999908447266,86.18679809570312,165.40200805664062,243.98423767089844,89.69575500488281
2018-10-23,52.61734390258789,33.07319641113281,49.54314041137695,116.38999938964844,85.28734588623047,164.7933349609375,242.7421417236328,89.98007202148438
2018-10-24,50.8124885559082,32.00577926635742,48.14023208618164,116.66000366210938,83.69911193847656,157.2512664794922,235.38734436035156,90.65933990478516
2018-10-25,51.9251708984375,32.62288284301758,48.74711227416992,116.4000015258789,84.9713363647461,162.69143676757812,239.61038208007812,90.28023529052734
2018-10-26,51.098331451416016,32.24761962890625,48.41609191894531,116.7699966430664,83.804443359375,158.50668334960938,235.396240234375,90.82522583007812
2018-10-29,50.13920974731445,31.688894271850586,48.2821044921875,116.30999755859375,84.96321868896484,155.24444580078125,234.09207153320312,90.61986541748047
2018-10-30,50.38961410522461,32.30599594116211,48.865333557128906,115.80000305175781,86.46234130859375,157.80288696289062,237.56097412109375,90.16960906982422
2018-10-31,51.703102111816406,32.656246185302734,49.2278938293457,115.1500015258789,88.34228515625,161.51210021972656,240.09829711914062,89.71155548095703
2018-11-01,52.49686050415039,33.82372283935547,49.85840606689453,116.62999725341797,88.30989837646484,163.64251708984375,242.65341186523438,89.79466247558594
2018-11-02,49.01470947265625,34.04054260253906,49.92934036254883,116.6500015258789,87.82368469238281,161.0935821533203,241.21620178222656,88.67823791503906
2018-11-05,47.62326431274414,34.13228225708008,49.92934036254883,116.37000274658203,88.39901733398438,160.69415283203125,242.5470733642578,89.02667999267578
2018-11-06,48.138267517089844,34.073909759521484,50.13426208496094,116.04000091552734,88.81229400634766,161.91151428222656,244.08180236816406,88.97126007080078
2018-11-07,49.598228454589844,34.71601104736328,50.80419158935547,116.02999877929688,90.33572387695312,166.99029541015625,249.30726623535156,89.0899429321289
2018-11-08,49.42516326904297,33.81538009643555,50.30765151977539,115.77999877929688,91.06501007080078,165.92507934570312,248.8548126220703,89.08207702636719
2018-11-09,48.47217559814453,33.189937591552734,49.97662353515625,114.4800033569336,90.18175506591797,163.12887573242188,246.42398071289062,89.74716186523438
2018-11-12,46.03043746948242,32.72295379638672,49.156951904296875,113.66000366210938,88.28556823730469,158.1927947998047,241.81944274902344,90.33304595947266
2018-11-13,45.570533752441406,33.09821319580078,49.369754791259766,113.69999694824219,88.80419158935547,158.32594299316406,241.366943359375,90.27766418457031
2018-11-14,44.28329086303711,33.29835510253906,49.409156799316406,114.63999938964844,86.97283172607422,157.11805725097656,239.71681213378906,90.33304595947266
2018-11-15,45.376136779785156,34.04054260253906,49.56678771972656,114.7699966430664,89.19315338134766,159.86666870117188,242.2187042236328,90.2934799194336
2018-11-16,45.878719329833984,34.10725021362305,49.62196731567383,115.62000274658203,89.1283187866211,159.30555725097656,242.8485870361328,90.81604766845703
2018-11-19,44.06044387817383,33.64860153198242,49.1884765625,115.66999816894531,89.80897521972656,154.13169860839844,238.7410125732422,91.06941223144531
2018-11-20,41.955322265625,32.923095703125,48.33727264404297,115.66999816894531,87.88042449951172,151.37355041503906,234.32276916503906,91.10108947753906
2018-11-21,41.907920837402344,33.5318603515625,49.01508331298828,115.86000061035156,87.22404479980469,152.5243682861328,235.12120056152344,91.06941223144531
2018-11-23,40.843505859375,33.13991165161133,48.69194412231445,115.7699966430664,86.42179870605469,151.42115783691406,233.55093383789062,91.1644058227539
2018-11-26,41.3958625793457,33.54853820800781,49.4249267578125,115.63999938964844,88.53678894042969,154.9210968017578,237.32147216796875,90.95854949951172
2018-11-27,41.30577850341797,33.78204345703125,49.23577117919922,114.94999694824219,88.9095230102539,155.44422912597656,238.11993408203125,91.06150817871094
2018-11-28,42.89409637451172,34.5909309387207,49.93722152709961,115.37999725341797,89.89813232421875,160.4468536376953,243.60275268554688,90.61809539794922
2018-11-29,42.564579010009766,34.29071807861328,49.68501281738281,115.73999786376953,89.18504333496094,159.92379760742188,243.07037353515625,90.9743881225586
2018-11-30,42.334625244140625,34.25736999511719,49.47220993041992,115.54000091552734,90.10072326660156,161.08404541015625,244.55197143554688,91.31483459472656
2018-12-03,43.81389617919922,34.94951248168945,50.12637710571289,116.41000366210938,90.95156860351562,163.8992919921875,247.79014587402344,91.9632568359375
2018-12-04,41.88658142089844,34.20732879638672,48.8259391784668,117.12000274658203,86.89181518554688,157.61265563964844,239.76126098632812,93.50282287597656
2018-12-06,41.419559478759766,33.890438079833984,48.368804931640625,117.13999938964844,85.23872375488281,158.72544860839844,239.39744567871094,93.7964859008789
2018-12-07,39.94267654418945,33.25667190551758,47.880157470703125,118.08999633789062,83.69911193847656,153.4849853515625,233.8348846435547,93.97102355957031
2018-12-10,40.205810546875,32.906410217285156,47.50971221923828,117.68000030517578,82.13517761230469,155.09226989746094,234.27841186523438,94.35992431640625
2018-12-11,39.97584915161133,33.156585693359375,47.659461975097656,117.54000091552734,81.33294677734375,155.60592651367188,234.33163452148438,94.34408569335938
2018-12-12,40.087284088134766,33.698638916015625,48.36092758178711,117.79000091552734,81.85962677001953,156.97544860839844,235.51162719726562,93.92342376708984
2018-12-13,40.52585220336914,33.690303802490234,48.27422332763672,117.52999877929688,81.9406967163086,157.0229949951172,235.43173217773438,93.70123291015625
2018-12-14,39.22910690307617,33.214962005615234,47.65158462524414,117.05999755859375,81.2680892944336,153.19964599609375,231.0845947265625,94.02665710449219
2018-12-17,38.86403274536133,32.906410217285156,47.27326965332031,117.87000274658203,80.23088836669922,149.72825622558594,226.551025390625,94.57421112060547
2018-12-18,39.36896896362305,33.1298828125,47.3115119934082,118.1500015258789,79.85001373291016,150.66981506347656,226.3026580810547,95.14057922363281
2018-12-19,38.140995025634766,32.57969284057617,46.8574333190918,117.43000030517578,78.83711242675781,146.9701385498047,222.91357421875,96.39744567871094
2018-12-20,37.17851257324219,32.833614349365234,46.6662483215332,119.23999786376953,78.15644073486328,144.8396759033203,219.2850341796875,96.04741668701172
2018-12-21,35.7324333190918,32.60508346557617,45.85367965698242,118.72000122070312,76.30889129638672,140.35061645507812,214.7919464111328,96.03155517578125
2018-12-24,34.807884216308594,32.30036163330078,45.319950103759766,120.0199966430664,74.66389465332031,136.87017822265625,209.1165313720703,96.50884246826172
2018-12-26,37.25911331176758,32.94365692138672,46.37149429321289,119.66000366210938,77.75939178466797,145.41624450683594,219.68212890625,95.47472381591797
2018-12-27,37.017303466796875,32.901329040527344,46.506919860839844,120.56999969482422,78.634521484375,145.97897338867188,221.36871337890625,95.4906234741211
2018-12-28,37.036277770996094,33.214515686035156,46.753868103027344,121.05999755859375,78.46437072753906,145.9026641845703,221.08316040039062,96.2940673828125
2018-12-31,37.39425277709961,33.06216812133789,46.825565338134766,121.25,79.10453033447266,147.13302612304688,223.01950073242188,96.66000366210938
2019-01-02,37.43691635131836,33.14680480957031,46.72998046875,121.33000183105469,80.47399139404297,147.72442626953125,223.25157165527344,97.16905975341797
2019-01-03,33.707916259765625,32.54582595825195,46.307769775390625,122.43000030517578,79.33029174804688,142.898193359375,217.92420959472656,98.2748031616211
2019-01-04,35.14689636230469,33.59541702270508,47.72575378417969,121.44000244140625,82.25485229492188,149.01210021972656,225.2236785888672,97.1373062133789
2019-01-07,35.06865692138672,33.671600341796875,47.90898513793945,121.86000061035156,82.31205749511719,150.7861328125,226.99951171875,96.85090637207031
2019-01-08,35.73717498779297,33.79856872558594,48.21965408325195,121.52999877929688,82.15682220458984,152.15008544921875,229.13229370117188,96.59636688232422
2019-01-09,36.34405517578125,34.3995475769043,48.7613639831543,122.30999755859375,82.01792907714844,153.38998413085938,230.20310974121094,96.44517517089844
2019-01-10,36.46022033691406,34.645015716552734,48.952552795410156,121.58999633789062,82.0097885131836,153.8287353515625,231.01516723632812,95.82472229003906
2019-01-11,36.102256774902344,34.47572326660156,48.617977142333984,121.80000305175781,81.61766815185547,153.26602172851562,231.1043701171875,96.19860076904297
2019-01-14,35.55937194824219,34.187931060791016,48.394927978515625,122.08999633789062,82.4590835571289,151.91159057617188,229.69447326660156,95.84061431884766
2019-01-15,36.28717041015625,34.424930572509766,48.649837493896484,121.87999725341797,83.06359100341797,154.87794494628906,232.32693481445312,95.4906234741211
2019-01-16,36.73046875,34.848148345947266,48.78527069091797,122.2699966430664,83.73346710205078,154.8492889404297,232.88916015625,95.58610534667969
2019-01-17,36.94855880737305,35.000518798828125,48.96051788330078,122.11000061035156,84.07656860351562,156.07017517089844,234.6559295654297,95.60993957519531
2019-01-18,37.17615509033203,35.1698112487793,49.45443344116211,121.0199966430664,85.44082641601562,157.6153106689453,237.77928161621094,95.10879516601562
2019-01-22,36.341678619384766,34.560367584228516,48.68967056274414,121.44999694824219,84.09290313720703,154.45822143554688,234.56674194335938,95.75313568115234
2019-01-23,36.48866271972656,34.91587448120117,48.912723541259766,121.27999877929688,83.8804931640625,154.65855407714844,235.0575714111328,95.71337127685547
2019-01-24,36.19945526123047,35.254459381103516,48.96849060058594,121.08999633789062,83.92950439453125,155.66000366210938,235.1824951171875,96.34181213378906
2019-01-25,37.39898681640625,35.720001220703125,49.526123046875,122.86000061035156,84.46051788330078,157.51988220214844,237.17239379882812,95.8803939819336
2019-01-28,37.052894592285156,35.34755325317383,49.25527572631836,123.29000091552734,84.86078643798828,155.57420349121094,235.36993408203125,95.78495025634766
2019-01-29,36.66881561279297,35.40682601928711,49.366798400878906,123.9800033569336,85.09768676757812,154.1053466796875,235.0575714111328,96.27020263671875
2019-01-30,39.174583435058594,36.177085876464844,49.90850067138672,124.69000244140625,85.29375457763672,158.0254364013672,238.77867126464844,96.19860076904297
2019-01-31,39.45668029785156,36.4818000793457,49.93239974975586,124.75,84.55036163330078,160.39088439941406,240.875732421875,97.02590942382812
2019-02-01,39.475650787353516,36.194007873535156,49.916473388671875,124.5,84.86078643798828,159.71368408203125,240.9917755126953,96.43989562988281
2019-02-04,40.59695816040039,36.253257751464844,50.09968948364258,123.95999908447266,85.1630630493164,161.6975555419922,242.68722534179688,96.0093765258789
2019-02-05,41.29154968261719,36.75266647338867,50.49003601074219,124.27999877929688,84.78729248046875,163.12823486328125,243.70452880859375,96.44788360595703
2019-02-06,41.30577850341797,36.253257751464844,50.23512268066406,123.44000244140625,84.74642944335938,162.6417999267578,243.38330078125,96.49571990966797
2019-02-07,40.52349090576172,35.8892936706543,49.565956115722656,123.73999786376953,83.63544464111328,160.45761108398438,241.06321716308594,97.1335678100586
2019-02-08,40.57109832763672,35.686134338378906,49.40663146972656,124.20999908447266,82.80219268798828,160.7723846435547,241.3575897216797,97.54817199707031
2019-02-11,40.337772369384766,35.5676383972168,49.358829498291016,123.5999984741211,82.41007995605469,160.61976623535156,241.4915008544922,97.1654052734375
2019-02-12,40.68535614013672,35.863895416259766,49.93239974975586,123.86000061035156,83.8151626586914,162.9947052001953,244.596923828125,96.91829681396484
2019-02-13,40.51632308959961,35.60995864868164,49.94036865234375,123.37000274658203,84.2154312133789,163.10914611816406,245.39117431640625,96.5515365600586
2019-02-14,40.66393280029297,35.677677154541016,49.95630645751953,124.05999755859375,83.66810607910156,163.30946350097656,244.84683227539062,97.10163879394531
2019-02-15,40.5734748840332,35.626888275146484,50.68123245239258,124.80000305175781,86.22503662109375,163.99624633789062,247.51502990722656,97.25312805175781
2019-02-19,40.694889068603516,35.906211853027344,50.8724250793457,126.69999694824219,85.92278289794922,164.32054138183594,247.9432373046875,97.50028228759766
2019-02-20,40.95677947998047,36.10935974121094,51.015811920166016,126.4800033569336,86.33940124511719,164.29190063476562,248.44302368164062,97.22124481201172
2019-02-21,40.7258415222168,36.0331916809082,50.912254333496094,125.05000305175781,86.15969848632812,163.69100952148438,247.5595703125,96.35222625732422
2019-02-22,41.18058395385742,36.43101501464844,51.07954025268555,125.5,85.77572631835938,164.90234375,249.09437561035156,96.9262466430664
2019-02-25,41.48054885864258,36.837310791015625,51.23090362548828,125.37000274658203,86.67435455322266,165.50323486328125,249.43350219726562,96.63921356201172
2019-02-26,41.504364013671875,36.7103385925293,51.47785568237305,125.58000183105469,86.01265716552734,165.67495727539062,249.25503540039062,97.1175765991211
2019-02-27,41.63291549682617,36.397151947021484,51.27073287963867,124.69000244140625,85.90644073486328,165.57000732421875,249.1479949951172,96.01734924316406
2019-02-28,41.22342300415039,35.923133850097656,51.199031829833984,123.98999786376953,85.25291442871094,165.1885223388672,248.68402099609375,95.69046020507812
2019-03-01,41.65672302246094,35.96547317504883,51.47785568237305,121.87999725341797,85.31009674072266,166.33302307128906,250.2366485595703,94.80597686767578
2019-03-04,41.86623764038086,36.01625061035156,51.28667068481445,121.55999755859375,85.1140365600586,166.36166381835938,249.32640075683594,95.54901885986328
2019-03-05,41.79005432128906,36.37176513671875,51.33447265625,121.72000122070312,85.0487060546875,166.48562622070312,248.98728942871094,95.74876403808594
2019-03-06,41.549591064453125,36.168609619140625,51.20700454711914,121.61000061035156,84.73008728027344,165.5413818359375,247.47927856445312,96.10032653808594
2019-03-07,41.06866455078125,35.49991989135742,50.553775787353516,121.51000213623047,84.11741638183594,163.50978088378906,245.4090118408203,96.7235336303711
2019-03-08,41.166282653808594,35.2459831237793,50.561737060546875,122.83999633789062,84.15010070800781,163.26182556152344,244.9181671142578,97.13099670410156
2019-03-11,42.59237289428711,35.906211853027344,50.999881744384766,122.23999786376953,85.2447509765625,166.65731811523438,248.46978759765625,96.84335327148438
2019-03-12,43.0709228515625,36.092437744140625,50.968013763427734,122.9800033569336,84.99151611328125,167.57298278808594,249.4067840576172,97.52252960205078
2019-03-13,43.26139450073242,36.13475799560547,51.406166076660156,123.83999633789062,85.27741241455078,168.8319854736328,251.05760192871094,97.33875274658203
2019-03-14,43.74230194091797,35.9400749206543,51.39818572998047,122.41000366210938,86.05348205566406,168.54586791992188,250.89707946777344,96.63563537597656
2019-03-15,44.31131362915039,36.464881896972656,51.955833435058594,122.97000122070312,87.0419692993164,170.11007690429688,252.13656616210938,97.27481079101562
2019-03-18,44.76366424560547,36.87116622924805,52.13905715942383,123.04000091552734,87.56478118896484,170.51524353027344,253.0508575439453,97.21888732910156
2019-03-19,44.40891647338867,36.888092041015625,52.242610931396484,123.37999725341797,87.24620056152344,171.08859252929688,253.1135711669922,97.003173828125
2019-03-20,44.797000885009766,36.94734573364258,52.26651382446289,124.18000030517578,85.38361358642578,171.76699829101562,252.3516082763672,98.0178451538086
2019-03-21,46.4468879699707,36.99812698364258,52.234657287597656,123.68000030517578,84.03571319580078,174.45201110839844,255.20191955566406,98.23355102539062
2019-03-22,45.485050201416016,35.91468811035156,51.23090362548828,123.97000122070312,81.49512481689453,170.62033081054688,250.2901611328125,99.75962829589844
2019-03-25,44.935081481933594,35.99932098388672,51.30260467529297,124.91999816894531,80.81708526611328,170.29541015625,250.1020050048828,99.91938781738281
2019-03-26,44.470829010009766,36.10935974121094,51.557525634765625,124.30000305175781,81.62582397460938,171.08859252929688,251.96624755859375,99.84751892089844
2019-03-27,44.87080383300781,35.720001220703125,51.58141326904297,123.6500015258789,81.34806060791016,169.98971557617188,250.6488037109375,100.76629638671875
2019-03-28,44.93032455444336,35.95700454711914,51.453956604003906,121.9000015258789,82.27120208740234,170.3814239501953,251.59873962402344,101.11785888671875
2019-03-29,45.223148345947266,36.329437255859375,51.669044494628906,122.01000213623047,82.69597625732422,171.67141723632812,253.185302734375,101.02195739746094
2019-04-01,45.530277252197266,36.930416107177734,52.33024597167969,121.52999877929688,85.48162078857422,173.945556640625,256.18780517578125,99.58706665039062
2019-04-02,46.19213104248047,36.811912536621094,52.34617233276367,121.9800033569336,85.8901138305664,174.60491943359375,256.31329345703125,99.77122497558594
2019-04-03,46.50876998901367,37.06584930419922,52.75246810913086,121.80000305175781,86.06166076660156,175.6082305908203,256.7165832519531,98.90648651123047
2019-04-04,46.58973693847656,37.29438018798828,52.64092254638672,122.11000061035156,86.89305877685547,175.5413360595703,257.3977966308594,99.18672943115234
2019-04-05,46.90161895751953,37.58218002319336,52.77634811401367,121.9800033569336,86.6872787475586,176.44908142089844,258.6437072753906,99.31484985351562
2019-04-08,47.639671325683594,37.58218002319336,52.808223724365234,122.51000213623047,86.9671401977539,176.89820861816406,258.8409118652344,98.96251678466797
2019-04-09,47.49681091308594,37.50600051879883,52.4736328125,123.1500015258789,86.32506561279297,176.27708435058594,257.5143737792969,99.27477264404297
2019-04-10,47.76346206665039,37.683753967285156,52.672794342041016,123.52999877929688,86.71195983886719,177.22305297851562,258.3926696777344,99.5150146484375
2019-04-11,47.36586380004883,37.27745819091797,52.56127166748047,121.94999694824219,87.44456481933594,176.8026123046875,258.3210144042969,98.93046569824219
2019-04-12,47.34681701660156,37.548316955566406,52.927703857421875,121.83000183105469,91.54391479492188,177.5670623779297,260.0688171386719,98.22587585449219
2019-04-15,47.432525634765625,37.353641510009766,52.95161056518555,121.5999984741211,90.49850463867188,177.59571838378906,259.8985290527344,98.47406768798828
2019-04-16,47.43729782104492,37.63296890258789,52.9914436340332,120.51000213623047,91.4533920288086,178.207275390625,260.0688171386719,97.85749053955078
2019-04-17,48.36104202270508,37.74300003051758,53.142791748046875,120.27999877929688,94.08748626708984,178.82838439941406,259.4324035644531,97.89752960205078
2019-04-18,48.53484344482422,37.71760559082031,53.11094284057617,120.37000274658203,93.39603424072266,179.05772399902344,259.9433288574219,98.4100112915039
2019-04-22,48.694358825683594,37.47214126586914,53.0233039855957,120.37000274658203,93.51128387451172,179.56411743164062,260.1673278808594,97.93756866455078
2019-04-23,49.39668273925781,37.55678176879883,53.12687301635742,120.12000274658203,93.62652587890625,181.84786987304688,262.5067443847656,98.1457748413086
2019-04-24,49.32050323486328,37.048919677734375,52.76041793823242,120.47000122070312,93.47013092041016,181.2745361328125,261.92413330078125,98.94647979736328
2019-04-25,48.8729133605957,36.99812698364258,52.7205810546875,120.56999969482422,93.51951599121094,182.0102996826172,261.76275634765625,98.80236053466797
2019-04-26,48.63959503173828,37.142032623291016,52.935672760009766,121.37000274658203,94.22743225097656,182.17274475097656,262.9817810058594,99.13866424560547
2019-04-29,48.71340560913086,37.21820831298828,53.1507568359375,120.83000183105469,95.58565521240234,182.5262908935547,263.3940734863281,98.506103515625
2019-04-30,47.77536392211914,37.184356689453125,53.18263626098633,121.19999694824219,95.52801513671875,181.11215209960938,263.5284729003906,99.01057434082031
2019-05-01,50.12043762207031,36.90502166748047,52.87991714477539,120.4000015258789,94.79540252685547,180.52923583984375,261.5475769042969,99.41899871826172
2019-05-02,49.79427719116211,36.98966598510742,52.80025100708008,119.94000244140625,95.00120544433594,179.74571228027344,260.9830322265625,98.94558715820312
2019-05-03,50.413272857666016,37.429813385009766,53.36585998535156,120.6500015258789,95.58565521240234,182.6123046875,263.53741455078125,99.2264175415039
2019-05-06,49.634765625,36.65956115722656,52.76041793823242,120.80999755859375,94.73780822753906,181.49432373046875,262.45294189453125,99.49920654296875
2019-05-07,48.296756744384766,35.9400749206543,51.836334228515625,121.20999908447266,93.19023895263672,177.9588165283203,258.0700988769531,100.26148986816406
2019-05-08,48.30628204345703,35.8892936706543,51.900062561035156,120.91000366210938,92.69635009765625,177.50978088378906,257.7115783691406,99.82821655273438
2019-05-09,47.78726577758789,35.322166442871094,51.66107940673828,121.19999694824219,92.62226104736328,176.55421447753906,256.9317932128906,100.23745727539062
2019-05-10,47.1252555847168,35.533782958984375,52.043460845947266,121.43000030517578,92.61402893066406,176.77395629882812,258.2223205566406,100.10106658935547
2019-05-13,44.38636016845703,34.348758697509766,50.83258819580078,122.66999816894531,90.09514617919922,170.6394500732422,251.7332305908203,100.88739013671875
2019-05-14,45.0890007019043,34.83123779296875,51.342430114746094,122.45999908447266,90.81131744384766,172.5122833251953,254.0098419189453,100.59050750732422
2019-05-15,45.6291389465332,34.89894485473633,51.52565383911133,122.38999938964844,90.465576171875,174.94888305664062,255.49769592285156,101.20840454101562
2019-05-16,45.428382873535156,34.72966003417969,51.93989562988281,121.51000213623047,91.62623596191406,176.70706176757812,257.8639831542969,100.87133026123047
2019-05-17,45.17025375366211,34.10328674316406,51.59733963012695,120.6500015258789,91.1817398071289,174.901123046875,256.19671630859375,101.09603118896484
2019-05-20,43.75780487060547,33.959388732910156,51.390220642089844,120.63999938964844,91.65916442871094,171.948486328125,254.50282287597656,100.88739013671875
2019-05-21,44.596675872802734,34.39107894897461,51.73276901245117,120.36000061035156,91.97197723388672,173.74490356445312,256.7972717285156,100.72694396972656
2019-05-22,43.6837043762207,34.22178649902344,51.52565383911133,120.23999786376953,91.222900390625,172.97096252441406,256.008544921875,101.3046646118164
2019-05-23,42.93804168701172,33.78164291381836,51.05564498901367,121.16999816894531,89.42839813232422,170.32411193847656,252.88052368164062,102.4440689086914
2019-05-24,42.773128509521484,33.81549072265625,51.605323791503906,121.30000305175781,90.3091812133789,170.23809814453125,253.45416259765625,102.53234100341797
2019-05-28,42.596275329589844,33.93400192260742,51.10343933105469,120.83000183105469,89.3296127319336,169.59786987304688,251.0968780517578,103.27057647705078
2019-05-29,42.393123626708984,34.154075622558594,50.77682113647461,120.87000274658203,89.0826644897461,168.2028045654297,249.41189575195312,103.58348083496094
2019-05-30,42.61300277709961,34.34029006958008,50.968013763427734,121.69000244140625,88.1278076171875,168.909912109375,250.093017578125,104.47416687011719
2019-05-31,41.8410530090332,34.45878982543945,50.50597381591797,123.33000183105469,87.2223129272461,166.21527099609375,246.72296142578125,105.78214263916016
2019-06-03,41.41801834106445,34.77198791503906,50.800724029541016,125.11000061035156,87.63390350341797,162.5555419921875,246.0955352783203,106.48970031738281
2019-06-04,42.93326950073242,34.848148345947266,51.38225555419922,125.1500015258789,90.33386993408203,167.1326446533203,251.43740844726562,105.27555084228516
2019-06-05,43.6263427734375,34.5688362121582,51.3663330078125,125.47000122070312,90.6549072265625,168.37481689453125,253.61544799804688,104.68058013916016
2019-06-06,44.2668571472168,34.58576202392578,51.57345199584961,125.87999725341797,90.85247802734375,169.71255493164062,255.2647247314453,105.01823425292969
2019-06-07,45.44510269165039,34.856632232666016,52.2266731262207,126.58999633789062,89.8564224243164,172.9900665283203,257.8191223144531,105.92681121826172
2019-06-10,46.025875091552734,35.22060012817383,52.37006759643555,125.33000183105469,90.82776641845703,175.00624084472656,259.0022277832031,104.92981719970703
2019-06-11,46.558834075927734,35.61842346191406,52.63296127319336,125.18000030517578,91.10762786865234,175.24510192871094,258.939453125,104.9941635131836
2019-06-12,46.410640716552734,35.237525939941406,52.242610931396484,125.83000183105469,89.94699096679688,174.2322540283203,258.48236083984375,105.07451629638672
2019-06-13,46.401092529296875,35.17827224731445,52.2904167175293,126.5999984741211,90.16921997070312,175.26426696777344,259.5489196777344,105.4364242553711
2019-06-14,46.064117431640625,34.78891372680664,51.90803909301758,126.55999755859375,90.39973449707031,174.51885986328125,259.2621765136719,105.70169830322266
2019-06-17,46.33895492553711,34.92622375488281,51.945472717285156,126.4800033569336,89.90583801269531,175.5700225830078,259.36077880859375,105.88662719726562
2019-06-18,47.42877197265625,35.77059555053711,52.637203216552734,127.12000274658203,91.13233184814453,178.12127685546875,262.076416015625,106.4173355102539
2019-06-19,47.29014587402344,36.06911087036133,52.96272659301758,127.88999938964844,90.47380828857422,178.79019165039062,262.66802978515625,106.57005310058594
2019-06-20,47.670169830322266,36.5979118347168,53.426597595214844,131.11000061035156,90.70429992675781,180.45274353027344,265.1777038574219,106.85149383544922
2019-06-21,47.50764465332031,36.47849655151367,53.198734283447266,131.97999572753906,90.0869369506836,180.1852569580078,264.7921447753906,105.67758178710938
2019-06-24,47.459842681884766,36.42733383178711,53.31267166137695,133.94000244140625,89.44486236572266,180.1909637451172,264.4679870605469,106.46556091308594
2019-06-25,46.7404670715332,36.05205154418945,52.99528503417969,134.1999969482422,88.70401763916016,177.0977783203125,261.8741455078125,106.79523468017578
2019-06-26,47.75141906738281,36.39320755004883,53.060386657714844,132.97000122070312,89.29668426513672,177.9213409423828,261.6129150390625,106.11175537109375
2019-06-27,47.73707962036133,36.64908218383789,53.19060134887695,132.83999633789062,89.59304809570312,178.60130310058594,262.5404968261719,106.85953521728516
2019-06-28,47.3021125793457,36.5979118347168,53.49170684814453,133.1999969482422,92.02958679199219,178.8311004638672,263.89154052734375,106.78717803955078
2019-07-01,48.16967010498047,37.03288650512695,53.743988037109375,130.6199951171875,93.57713317871094,181.24441528320312,266.28729248046875,106.53744506835938
2019-07-02,48.451690673828125,36.93907165527344,53.89860534667969,133.41000366210938,93.67591857910156,181.96261596679688,266.980712890625,107.3591537475586
2019-07-03,48.85319137573242,36.87083435058594,54.264827728271484,133.6300048828125,93.52668762207031,183.33206176757812,269.1153564453125,108.12451934814453
2019-07-05,48.8101806640625,36.61496353149414,53.84978485107422,132.13999938964844,94.08212280273438,182.95860290527344,268.8090515136719,106.6905288696289
2019-07-08,47.804012298583984,36.39320755004883,53.54053497314453,131.2899932861328,93.5681381225586,181.6753387451172,267.3320617675781,106.83552551269531
2019-07-09,48.095584869384766,36.28233337402344,53.31267166137695,131.75,93.96605682373047,182.58509826660156,267.6653137207031,106.79518127441406
2019-07-10,48.57118225097656,36.589378356933594,53.49984359741211,133.8300018310547,93.6924819946289,184.4046173095703,268.9442138671875,106.20714569091797
2019-07-11,48.21745300292969,36.521148681640625,53.483577728271484,132.6999969482422,94.58780670166016,184.2705535888672,269.5747375488281,104.7892074584961
2019-07-12,48.5879020690918,36.54673767089844,53.54867172241211,133.52999877929688,95.58259582519531,185.33355712890625,270.7816162109375,104.91008758544922
2019-07-15,49.04439163208008,36.683197021484375,53.597503662109375,133.52999877929688,94.42201232910156,185.92727661132812,270.87164306640625,105.51431274414062
2019-07-16,48.87471389770508,36.63201904296875,53.377769470214844,132.39999389648438,95.4333724975586,184.96969604492188,269.9979553222656,105.20011138916016
2019-07-17,48.599857330322266,36.521148681640625,53.30453109741211,134.5800018310547,94.4966049194336,184.05982971191406,268.16070556640625,106.33605194091797
2019-07-18,49.151947021484375,36.7429084777832,53.46728515625,136.47999572753906,95.0603256225586,184.2705535888672,269.1423034667969,106.34410095214844
2019-07-19,48.418212890625,36.555267333984375,53.31267166137695,134.47000122070312,94.12357330322266,182.92031860351562,267.64727783203125,106.09432983398438
2019-07-22,49.52477264404297,36.56379699707031,53.36963653564453,134.4499969482422,94.72872161865234,184.3759002685547,268.3046875,106.29576873779297
2019-07-23,49.91194534301758,36.60643768310547,53.70329666137695,133.69000244140625,96.46134185791016,185.58253479003906,270.2230529785156,105.7156982421875
2019-07-24,49.87132263183594,36.66614532470703,53.743988037109375,134.3699951171875,96.8509521484375,186.8849334716797,271.4930725097656,106.1749038696289
2019-07-25,49.476966857910156,36.342037200927734,53.198734283447266,133.4199981689453,95.9224853515625,185.11326599121094,270.19610595703125,105.6673583984375
2019-07-26,49.649051666259766,36.41880416870117,53.30453109741211,133.63999938964844,96.34526062011719,187.01902770996094,272.0064392089844,105.91709899902344
2019-07-29,50.112709045410156,36.350563049316406,53.418460845947266,134.52999877929688,96.03852844238281,186.3773956298828,271.51104736328125,105.9493637084961
2019-07-30,49.897613525390625,36.06911087036133,52.799964904785156,134.97999572753906,95.82300567626953,185.5729522705078,270.8446350097656,106.20714569091797
2019-07-31,50.91572189331055,35.625606536865234,52.45001983642578,133.2100067138672,96.16287994384766,183.00645446777344,267.8814697265625,107.06108856201172
2019-08-01,49.8139533996582,34.92622375488281,52.30353546142578,136.41000366210938,93.62616729736328,182.09666442871094,265.5487365722656,109.18741607666016
2019-08-02,48.759986877441406,34.585060119628906,51.839683532714844,135.88999938964844,93.6178970336914,179.41529846191406,263.54925537109375,110.19640350341797
2019-08-05,46.20751190185547,33.30571365356445,50.545719146728516,137.7899932861328,90.83248138427734,173.0756378173828,255.62359619140625,112.10150146484375
2019-08-06,47.08224868774414,33.7833366394043,50.887516021728516,138.91000366210938,91.54541778564453,175.49851989746094,259.2080078125,112.99758911132812
2019-08-07,47.569793701171875,33.936866760253906,51.08283233642578,141.02000427246094,89.55585479736328,176.44651794433594,259.361328125,113.03794860839844
2019-08-08,48.618988037109375,34.35478973388672,51.579254150390625,141.72999572753906,91.07290649414062,180.28671264648438,264.4500427246094,113.28013610839844
2019-08-09,48.21833419799805,34.005096435546875,51.22117614746094,141.25999450683594,90.9734115600586,178.5916748046875,262.6486511230469,113.05403137207031
2019-08-12,48.09598922729492,33.595703125,50.814273834228516,142.6300048828125,89.26568603515625,176.54232788085938,259.45135498046875,115.41120147705078
2019-08-13,50.13276672363281,34.02215576171875,51.29441833496094,141.77999877929688,90.64180755615234,180.4112091064453,263.4862060546875,115.01564025878906
2019-08-14,48.64057159423828,33.041316986083984,49.88652801513672,142.75,86.87820434570312,175.01968383789062,255.695556640625,117.60694885253906
2019-08-15,48.39825439453125,33.2630729675293,50.057430267333984,143.6999969482422,87.20977020263672,174.81858825683594,256.37103271484375,118.9146499633789
2019-08-16,49.54020690917969,33.723636627197266,50.659645080566406,142.77999877929688,89.29885864257812,177.6244659423828,260.1537780761719,117.96205139160156
2019-08-19,50.46384811401367,33.860103607177734,50.96889877319336,141.11000061035156,90.10297393798828,180.44955444335938,263.28814697265625,116.27495574951172
2019-08-20,50.46623992919922,33.9283332824707,50.79799270629883,142.2100067138672,88.95893859863281,179.0513916015625,261.27056884765625,117.47775268554688
2019-08-21,51.013214111328125,34.25243377685547,51.156070709228516,141.75999450683594,89.2076416015625,180.6410369873047,263.3962097167969,116.69471740722656
2019-08-22,50.970027923583984,33.80892562866211,51.058414459228516,141.39999389648438,90.12783813476562,180.05691528320312,263.3150939941406,115.91976165771484
2019-08-23,48.61417007446289,33.30571365356445,50.423641204833984,144.1699981689453,87.88955688476562,174.35891723632812,256.5512390136719,117.82485961914062
2019-08-26,49.53780746459961,33.48482894897461,50.83869171142578,144.19000244140625,88.5942153930664,176.99244689941406,259.3882751464844,117.3485336303711
2019-08-27,48.97883987426758,33.544532775878906,50.79799270629883,145.57000732421875,87.6574478149414,176.6189422607422,258.3705139160156,119.15681457519531
2019-08-28,49.30750274658203,33.638343811035156,50.79799270629883,145.16000366210938,88.53617095947266,177.2510528564453,260.1898498535156,119.31023406982422
2019-08-29,50.14236068725586,34.01362991333008,51.23745346069336,144.1199951171875,90.54232788085938,179.96112060546875,263.5132141113281,118.85812377929688
2019-08-30,50.07760238647461,34.27802658081055,51.44090270996094,143.75,91.07290649414062,179.5301971435547,263.3962097167969,118.89038848876953
2019-09-03,49.3482780456543,34.0648078918457,51.3432502746582,145.75,89.99520111083984,177.78726196289062,261.8560791015625,119.0440902709961
2019-09-04,50.185550689697266,34.6362419128418,52.06753921508789,146.66000366210938,91.08116912841797,180.353759765625,264.8282165527344,119.22197723388672
2019-09-05,51.1667594909668,35.02857208251953,52.344234466552734,143.13999938964844,93.15364837646484,183.65768432617188,268.23272705078125,117.06285095214844
2019-09-06,51.161956787109375,35.18209457397461,52.5151252746582,141.9199981689453,93.35261535644531,183.47572326660156,268.4398193359375,117.89578247070312
2019-09-09,51.38026428222656,35.2929801940918,52.66976547241211,141.38999938964844,95.66548156738281,183.09263610839844,268.574951171875,115.80130767822266
2019-09-10,51.98723220825195,35.31856155395508,52.75927734375,140.17999267578125,96.88412475585938,182.5659637451172,268.5118713378906,113.77156066894531
2019-09-11,53.640167236328125,35.565895080566406,53.052249908447266,141.02999877929688,97.14936828613281,184.28013610839844,270.4212646484375,113.56936645507812
2019-09-12,53.52021026611328,35.82176971435547,53.36149978637695,141.32000732421875,97.74626159667969,185.0462188720703,271.35797119140625,112.82542419433594
2019-09-13,52.479026794433594,36.026466369628906,53.66260528564453,140.14999389648438,99.66950988769531,184.38546752929688,271.1778869628906,110.41557312011719
2019-09-16,52.754920959472656,35.74501037597656,53.18245315551758,141.32000732421875,98.7824935913086,183.56187438964844,270.34027099609375,111.82267761230469
2019-09-17,52.946842193603516,35.74501037597656,53.36149978637695,141.60000610351562,98.29338836669922,184.4429473876953,271.02471923828125,112.42912292480469
2019-09-18,53.443450927734375,35.600013732910156,53.29639434814453,140.7100067138672,99.27989196777344,184.36631774902344,271.1868591308594,112.90624237060547
2019-09-19,53.009220123291016,35.455020904541016,53.475425720214844,141.27999877929688,98.96487426757812,184.6728057861328,271.1687927246094,113.24593353271484
2019-09-20,52.23433303833008,35.4891471862793,53.35335159301758,142.9499969482422,98.56697082519531,182.71914672851562,269.8876037597656,114.74192810058594
2019-09-23,52.47184371948242,35.52325439453125,53.21500778198242,143.75,98.55037689208984,182.7997589111328,269.8243103027344,114.71770477294922
2019-09-24,52.22234344482422,35.14798355102539,53.011558532714844,144.50999450683594,97.26544189453125,180.37203979492188,267.70703125,116.10051727294922
2019-09-25,53.02602005004883,35.12239456176758,52.85693359375,141.8300018310547,97.82086944580078,182.3967742919922,269.2902526855469,114.40231323242188
2019-09-26,52.752525329589844,35.113861083984375,53.052249908447266,141.7899932861328,97.0167236328125,181.7250518798828,268.7294616699219,115.13818359375
2019-09-27,52.4958381652832,34.66183090209961,52.873207092285156,141.05999755859375,97.58876037597656,179.4700164794922,267.2817687988281,115.42123413085938
2019-09-30,53.73133087158203,34.858001708984375,53.06852340698242,138.8699951171875,97.56390380859375,181.17808532714844,268.5213928222656,115.70429229736328
2019-10-01,53.88007354736328,34.610652923583984,52.547691345214844,139.6300048828125,95.78983306884766,179.70034790039062,265.3273010253906,116.05260467529297
2019-10-02,52.52941131591797,34.346248626708984,51.47346115112305,141.25999450683594,93.88314819335938,176.6104736328125,260.6404724121094,116.336181640625
2019-10-03,52.97563171386719,34.789764404296875,51.81525802612305,141.89999389648438,93.74948120117188,178.54881286621094,262.77581787109375,117.39735412597656
2019-10-04,54.46064758300781,34.94329071044922,52.22216796875,141.89999389648438,95.7800521850586,181.17808532714844,266.3316955566406,118.26409149169922
2019-10-07,54.47262954711914,34.653297424316406,52.15705490112305,140.69000244140625,95.5711441040039,180.63113403320312,265.1824645996094,117.28389739990234
2019-10-08,53.83449172973633,34.40595245361328,51.66877365112305,141.9199981689453,93.44027709960938,177.92507934570312,261.065673828125,117.59984588623047
2019-10-09,54.46543502807617,34.67035675048828,52.043121337890625,142.0500030517578,94.11714172363281,179.66197204589844,263.544921875,116.93560028076172
2019-10-10,55.199546813964844,35.02857208251953,52.40934753417969,140.80999755859375,95.43744659423828,181.0533447265625,265.3273010253906,115.19389343261719
2019-10-11,56.66775894165039,35.59149169921875,53.34523010253906,140.02999877929688,97.05020904541016,183.3851318359375,268.0780029296875,113.76815795898438
2019-10-14,56.58618927001953,35.43796920776367,53.1254997253418,140.58999633789062,97.30924987792969,183.36595153808594,267.77935791015625,114.59444427490234
2019-10-15,56.454254150390625,35.7535400390625,53.743988037109375,139.61000061035156,100.24232482910156,185.69766235351562,270.4305114746094,113.20921325683594
2019-10-16,56.22633361816406,35.85588073730469,53.825374603271484,140.41000366210938,100.00833129882812,185.23709106445312,269.9962463378906,113.3469009399414
2019-10-17,56.44465637207031,35.99235534667969,53.95557403564453,140.61000061035156,100.56822967529297,185.7264862060547,270.7924499511719,113.07144927978516
2019-10-18,56.71574020385742,35.804710388183594,53.93116760253906,140.4600067138672,100.74369049072266,183.9416961669922,269.60711669921875,113.07144927978516
2019-10-21,57.699344635009766,36.12881088256836,54.224124908447266,139.7899932861328,103.24225616455078,185.57296752929688,271.4347839355469,112.22087860107422
2019-10-22,57.56739044189453,36.154396057128906,54.09392166137695,140.1999969482422,104.27841186523438,184.09521484375,270.5481872558594,112.8770523071289
2019-10-23,58.33989334106445,36.16293716430664,54.386905670166016,140.52999877929688,104.55418395996094,184.4502410888672,271.3353271484375,112.9904556274414
2019-10-24,58.43585205078125,36.16293716430664,54.48454666137695,141.52999877929688,104.47896575927734,186.24465942382812,271.7786865234375,112.7636489868164
2019-10-25,59.15557861328125,36.41880416870117,54.54152297973633,141.86000061035156,105.31459045410156,187.73199462890625,272.8916015625,112.21282196044922
2019-10-28,59.74814224243164,36.63201904296875,54.78567123413086,140.63999938964844,105.7156982421875,189.5840301513672,274.4298400878906,111.19213104248047
2019-10-29,58.36628341674805,36.44438171386719,54.76939010620117,140.25,105.64885711669922,188.11581420898438,274.34832763671875,111.26500701904297
2019-10-30,58.35908126831055,36.60643768310547,54.99726486206055,141.02000427246094,105.06392669677734,189.0274658203125,275.1898193359375,112.89328002929688
2019-10-31,59.67854309082031,36.31645584106445,54.867042541503906,142.42999267578125,104.38704681396484,189.11378479003906,274.4569396972656,114.41622924804688
2019-11-01,61.37228012084961,36.862308502197266,55.355323791503906,142.55999755859375,106.79366302490234,190.8314666748047,276.9994812011719,114.06402587890625
2019-11-04,61.77532958984375,37.229061126708984,55.64017105102539,142.14999389648438,107.64601135253906,192.01173400878906,278.1123046875,112.5627670288086
2019-11-05,61.686546325683594,37.442283630371094,55.53436279296875,139.85000610351562,107.87999725341797,192.11729431152344,277.80474853515625,111.29682159423828
2019-11-06,61.71294403076172,37.3228759765625,55.509952545166016,140.4499969482422,108.04710388183594,191.68545532226562,277.8680419921875,111.9703369140625
2019-11-07,62.42517852783203,37.595802307128906,55.68085479736328,138.27000427246094,108.63204193115234,192.32838439941406,278.8453063964844,109.9416275024414
2019-11-08,62.5960578918457,37.254642486572266,55.6483039855957,137.38999938964844,108.94960021972656,193.09605407714844,279.5329284667969,109.47907257080078
2019-11-11,63.09172058105469,36.9902458190918,55.57505798339844,137.05999755859375,108.5652084350586,192.83700561523438,278.9991455078125,109.55209350585938
2019-11-12,63.03396224975586,36.751426696777344,55.59946823120117,137.42999267578125,107.93013000488281,193.39349365234375,279.58721923828125,110.05524444580078
2019-11-13,63.6379508972168,36.469970703125,55.4041633605957,137.97999572753906,107.36190032958984,193.4414825439453,279.677734375,110.7693862915039
2019-11-14,63.197593688964844,36.49556350708008,55.249534606933594,138.55999755859375,107.46218872070312,193.28799438476562,280.0848693847656,111.91352844238281
2019-11-15,63.948360443115234,36.785545349121094,55.59946823120117,138.2100067138672,108.23931884765625,194.70814514160156,282.1116638183594,111.79186248779297
2019-11-18,64.27078247070312,36.72584533691406,55.66458511352539,138.6199951171875,109.15015411376953,194.8616943359375,282.31976318359375,111.99468231201172
2019-11-19,64.07585906982422,36.802608489990234,55.591331481933594,138.69000244140625,109.11669921875,195.14956665039062,282.2383117675781,112.92794036865234
2019-11-20,63.329952239990234,36.64055633544922,55.24139404296875,138.75999450683594,108.32288360595703,193.9788818359375,281.1887512207031,114.09651184082031
2019-11-21,63.046024322509766,36.56379699707031,55.16816329956055,138.0,108.57357025146484,193.54705810546875,280.7362976074219,113.38240051269531
2019-11-22,62.990657806396484,36.56379699707031,55.32278823852539,137.74000549316406,109.29217529296875,193.67178344726562,281.3606872558594,113.52847290039062
2019-11-25,64.09513854980469,36.9305419921875,55.762229919433594,137.0800018310547,109.87715911865234,195.96517944335938,283.5412292480469,113.8611831665039
2019-11-26,63.5946159362793,36.819664001464844,55.72968292236328,137.74000549316406,110.02755737304688,196.33946228027344,284.18365478515625,114.52660369873047
2019-11-27,64.4488525390625,36.862308502197266,55.87617492675781,137.00999450683594,110.35345458984375,197.7115936279297,285.450439453125,114.19387817382812
2019-11-29,64.30686950683594,36.28233337402344,55.485538482666016,137.86000061035156,110.10274505615234,196.80958557128906,284.3917236328125,113.95045471191406
2019-12-02,63.5633430480957,36.273807525634766,55.200706481933594,137.7899932861328,109.86043548583984,194.7944793701172,281.9759216308594,112.43116760253906
2019-12-03,62.43001937866211,36.0861701965332,54.99726486206055,139.11000061035156,108.44820404052734,193.2687530517578,280.0848693847656,114.78851318359375
2019-12-04,62.98103332519531,36.359100341796875,55.50181579589844,138.9199981689453,110.58744049072266,194.24752807617188,281.8130187988281,113.642333984375
2019-12-05,63.9050178527832,36.521148681640625,55.39602279663086,139.0,111.18909454345703,194.63136291503906,282.31976318359375,113.08959197998047
2019-12-06,65.13941955566406,36.734371185302734,55.90058898925781,137.6199951171875,112.8436508178711,196.71365356445312,284.8984375,112.46363067626953
2019-12-09,64.22745513916016,36.589378356933594,55.607601165771484,137.5800018310547,112.31719207763672,195.8212432861328,284.0026550292969,112.70745849609375
2019-12-10,64.60284423828125,36.71731948852539,55.63202667236328,137.97000122070312,112.39240264892578,195.65814208984375,283.6860046386719,112.71562957763672
2019-12-11,65.15386962890625,37.254642486572266,55.92499923706055,138.9199981689453,112.12496948242188,196.69444274902344,284.4913024902344,113.6017074584961
2019-12-12,65.31988525390625,37.90283966064453,56.29934310913086,138.42999267578125,115.33383178710938,198.16261291503906,286.943359375,111.7320785522461
2019-12-13,66.20781707763672,37.885780334472656,56.68998718261719,139.0500030517578,114.32273864746094,198.8151397705078,287.11529541015625,113.02458190917969
2019-12-16,67.34114074707031,38.20722579956055,57.29568862915039,139.0399932861328,114.76558685302734,200.81101989746094,289.08770751953125,112.0084457397461
2019-12-17,67.47348022460938,38.55567169189453,56.96650314331055,139.00999450683594,115.46754455566406,200.92617797851562,289.1511535644531,111.85403442382812
2019-12-18,67.31227111816406,38.76475143432617,56.89242935180664,139.02000427246094,115.35052490234375,201.07974243164062,289.1692199707031,110.93541717529297
2019-12-19,67.37965393066406,38.78216552734375,56.89242935180664,139.3800048828125,114.77392578125,202.3367919921875,290.3544921875,111.11289978027344
2019-12-20,67.24008178710938,38.86056900024414,56.93357849121094,139.52000427246094,114.6820297241211,203.15245056152344,291.6274719238281,111.25946807861328
2019-12-23,68.33734130859375,38.91283416748047,57.02410888671875,139.9499969482422,114.64859008789062,203.68902587890625,292.0729675292969,111.09661102294922
2019-12-24,68.40227508544922,38.825714111328125,56.96650314331055,141.27000427246094,114.96613311767578,203.79483032226562,292.08203125,111.41411590576172
2019-12-26,69.7594223022461,39.10448455810547,57.2133903503418,142.3800048828125,116.18614959716797,205.59312438964844,293.63690185546875,111.68281555175781
2019-12-27,69.73296356201172,39.26127624511719,57.31214904785156,142.3300018310547,116.26970672607422,205.4200439453125,293.5640869140625,111.80498504638672
2019-12-30,70.14682006835938,38.99995422363281,56.884193420410156,142.6300048828125,115.84354400634766,204.0736846923828,291.94573974609375,111.39783477783203
2019-12-31,70.65936279296875,39.08705520629883,57.14755630493164,142.89999389648438,116.48699188232422,204.45834350585938,292.65496826171875,110.30683135986328
2020-01-02,72.27153015136719,39.8797721862793,57.72364044189453,143.9499969482422,117.89918518066406,207.87225341796875,295.391845703125,111.55254364013672
2020-01-03,71.56892395019531,39.13932800292969,57.00764465332031,145.86000061035156,116.34335327148438,205.9681396484375,293.1550598144531,113.27052307128906
2020-01-06,72.1391830444336,39.04349899291992,57.2298583984375,147.38999938964844,116.25083923339844,207.29525756835938,294.2734375,112.6273422241211
2020-01-07,71.79991912841797,39.01737594604492,57.073490142822266,147.97000122070312,114.27452087402344,207.26644897460938,293.4459533691406,112.07362365722656
2020-01-08,72.95489501953125,39.24386215209961,57.23807907104492,146.86000061035156,115.16596221923828,208.82431030273438,295.0099182128906,111.332763671875
2020-01-09,74.50453186035156,39.50519561767578,57.369754791259766,146.02999877929688,115.58647918701172,210.59376525878906,297.01031494140625,111.72357177734375
2020-01-10,74.67298126220703,39.71426773071289,57.155784606933594,146.91000366210938,114.43431854248047,210.05523681640625,296.15557861328125,112.7168197631836
2020-01-13,76.26831817626953,40.33275604248047,57.45205307006836,145.82000732421875,115.38460540771484,212.4785919189453,298.19232177734375,112.3749008178711
2020-01-14,75.23845672607422,40.106266021728516,57.509666442871094,145.69000244140625,116.73023223876953,211.6419677734375,297.7376403808594,112.95296478271484
2020-01-15,74.91600799560547,39.79267120361328,57.509666442871094,146.5399932861328,114.9809341430664,211.72848510742188,298.41058349609375,113.7020492553711
2020-01-16,75.85444641113281,40.0452880859375,57.74832534790039,146.30999755859375,115.42668151855469,213.7576141357422,300.8927917480469,113.3438491821289
2020-01-17,76.6942367553711,40.27177810668945,57.92115020751953,146.5800018310547,116.22560119628906,214.81546020507812,301.82940673828125,112.3749008178711
2020-01-21,76.17447662353516,39.2525749206543,57.46028518676758,146.74000549316406,115.08184051513672,214.71925354003906,301.2383117675781,113.55548858642578
2020-01-22,76.44636535644531,39.57489013671875,57.57550048828125,146.7899932861328,114.94730377197266,215.28663635253906,301.2746887207031,113.95441436767578
2020-01-23,76.8145523071289,39.16545867919922,57.43559265136719,147.1199951171875,114.82958221435547,215.97906494140625,301.6202087402344,114.75228118896484
2020-01-24,76.59315490722656,38.85185241699219,57.1887092590332,147.97999572753906,111.97857666015625,214.1614990234375,298.9378662109375,115.68048858642578
2020-01-27,74.3409194946289,37.51033401489258,56.00360870361328,148.99000549316406,111.03668975830078,209.7378692626953,294.1461486816406,117.47988891601562
2020-01-28,76.44397735595703,37.82392883300781,56.53032684326172,147.66000366210938,113.0550765991211,212.9594268798828,297.2285461425781,116.55986785888672
2020-01-29,78.04411315917969,38.006874084472656,56.53854751586914,148.4600067138672,112.88685607910156,213.30563354492188,296.9830322265625,117.69973754882812
2020-01-30,77.93101501464844,37.44065475463867,56.489158630371094,148.47000122070312,114.2829360961914,214.06533813476562,297.9467468261719,117.71601867675781
2020-01-31,74.47566223144531,36.682777404785156,55.534523010253906,149.3300018310547,111.314208984375,210.67066955566406,292.5367126464844,118.79069519042969
2020-02-03,74.27113342285156,37.09219741821289,55.666194915771484,148.36000061035156,112.16360473632812,213.85379028320312,294.7098388671875,118.69450378417969
2020-02-04,76.72307586669922,38.05043029785156,56.596153259277344,146.42999267578125,113.7783203125,218.74864196777344,299.2015686035156,117.09600830078125
2020-02-05,77.3487319946289,38.26821517944336,57.139320373535156,146.61000061035156,115.71260833740234,219.46987915039062,302.65673828125,115.81560516357422
2020-02-06,78.25346374511719,38.30305862426758,57.29568862915039,147.39999389648438,115.72942352294922,221.36434936523438,303.67523193359375,116.33757781982422
2020-02-07,77.18978881835938,37.771663665771484,56.75251388549805,147.7899932861328,115.35939025878906,220.41232299804688,302.0566711425781,117.78929901123047
2020-02-10,77.556396484375,37.98073196411133,56.86774444580078,148.1699981689453,115.83875274658203,223.07611083984375,304.3115234375,118.11543273925781
2020-02-11,77.0884780883789,38.477272033691406,57.254539489746094,147.66000366210938,116.05743408203125,223.114501953125,304.8389892578125,117.52018737792969
2020-02-12,78.91917419433594,38.99995422363281,57.45205307006836,147.5399932861328,116.05743408203125,225.2879180908203,306.8030700683594,116.92472839355469
2020-02-13,78.357177734375,38.485984802246094,57.04879379272461,148.3800048828125,115.95648956298828,224.9994354248047,306.4756774902344,117.37324523925781
2020-02-14,78.37649536132812,38.50341033935547,56.95003890991211,149.0,115.60330200195312,225.6437225341797,306.9667053222656,117.88713073730469
2020-02-18,76.94137573242188,38.250789642333984,56.58792495727539,150.91000366210938,114.07267761230469,225.73023986816406,306.1756286621094,118.69450378417969
2020-02-19,78.0556869506836,38.52953338623047,56.77721405029297,151.7899932861328,115.62850189208984,227.89407348632812,307.63958740234375,118.6863784790039
2020-02-20,77.25489807128906,37.92847442626953,56.43979263305664,152.41000366210938,115.62850189208984,225.7783203125,306.3756103515625,119.61605834960938
2020-02-21,75.50624084472656,37.710693359375,56.17644500732422,154.6999969482422,114.21562957763672,221.44125366210938,303.2204895019531,120.7333984375
2020-02-24,71.91964721679688,36.29948043823242,53.929710388183594,156.08999633789062,111.14603424072266,212.90176391601562,293.1640625,122.53575134277344
2020-02-25,69.48359680175781,36.01201248168945,53.040889739990234,153.3000030517578,106.18413543701172,207.11257934570312,284.28057861328125,123.18820190429688
2020-02-26,70.58587646484375,36.29948043823242,53.10673141479492,153.97000122070312,106.5036849975586,208.1800079345703,283.2349548339844,122.53575134277344
2020-02-27,65.9717788696289,35.42836380004883,51.53484344482422,154.0,102.07167053222656,197.755615234375,270.51434326171875,123.86506652832031
2020-02-28,65.93318176269531,35.297698974609375,51.22211456298828,148.3800048828125,97.64802551269531,197.909423828125,269.3778381347656,126.66234588623047
2020-03-02,72.0716323852539,36.06428146362305,51.8804931640625,149.1999969482422,102.19781494140625,208.122314453125,281.04364013671875,125.73048400878906
2020-03-03,69.78268432617188,35.82036590576172,51.460777282714844,153.88999938964844,98.36286926269531,201.44834899902344,272.9966125488281,127.68251037597656
2020-03-04,73.01954650878906,36.45627975463867,52.999752044677734,154.16000366210938,100.7933578491211,209.85325622558594,284.4715576171875,126.32672119140625
2020-03-05,70.6509780883789,35.689697265625,51.59245681762695,157.49000549316406,95.84829711914062,203.4774932861328,275.0152587890625,129.4712677001953
2020-03-06,69.71273040771484,34.95795822143555,50.818851470947266,157.5500030517578,90.89482879638672,200.0443572998047,270.46881103515625,136.20944213867188
2020-03-09,64.19901275634766,32.571102142333984,46.87680435180664,157.80999755859375,78.58264923095703,186.14837646484375,249.3468475341797,139.90101623535156
2020-03-10,68.82271575927734,34.226219177246094,48.60504150390625,154.47999572753906,84.68828582763672,196.28428649902344,262.24920654296875,132.7300567626953
2020-03-11,66.4324722290039,32.63207244873047,46.12788391113281,153.92999267578125,80.70195770263672,187.73513793945312,249.4649658203125,127.84588623046875
2020-03-12,59.871952056884766,29.365381240844727,41.05834197998047,147.7899932861328,74.0496597290039,170.52137756347656,225.59689331054688,128.6381378173828
2020-03-13,67.04512023925781,31.482196807861328,43.543739318847656,143.27999877929688,87.38788604736328,184.96556091308594,244.88226318359375,125.73048400878906
2020-03-16,58.419960021972656,27.553457260131836,39.05027770996094,141.63999938964844,74.31039428710938,162.80892944335938,218.0863800048828,133.87347412109375
2020-03-17,60.98868942260742,29.452497482299805,40.951358795166016,143.55999755859375,78.85176086425781,175.1566162109375,229.86131286621094,124.94639587402344
2020-03-18,59.49568176269531,26.908828735351562,38.605873107910156,140.6999969482422,70.55113983154297,169.8290252685547,218.22276306152344,117.89784240722656
2020-03-19,59.039833068847656,27.117897033691406,39.206642150878906,138.0399932861328,71.73695373535156,170.84837341308594,218.68646240234375,121.10762023925781
2020-03-20,55.29165267944336,27.318256378173828,38.72108840942383,140.11000061035156,70.22315979003906,164.1552276611328,209.26234436035156,130.21444702148438
2020-03-23,54.11703872680664,26.664918899536133,38.268455505371094,146.3000030517578,66.4638900756836,164.27377319335938,203.9119110107422,135.5804901123047
2020-03-24,59.54633712768555,28.668487548828125,41.510982513427734,153.39999389648438,74.36924743652344,176.9947052001953,222.38699340820312,133.05677795410156
2020-03-25,59.21831512451172,29.67898178100586,42.86066818237305,151.3000030517578,77.14454650878906,175.68405151367188,225.71615600585938,132.75453186035156
2020-03-26,62.33456802368164,30.80272674560547,44.7781982421875,153.24000549316406,82.51851654052734,184.9356689453125,238.8956756591797,133.40792846679688
2020-03-27,59.7537727355957,29.051780700683594,43.50259017944336,152.25,76.63995361328125,178.57521057128906,231.78001403808594,136.96896362304688
2020-03-30,61.45901870727539,29.530899047851562,44.383174896240234,152.9199981689453,78.63311004638672,185.07057189941406,239.3072052001953,135.84185791015625
2020-03-31,61.3336067199707,29.73125457763672,43.99637222290039,148.0500030517578,75.7148666381836,183.49005126953125,235.74024963378906,134.73922729492188
2020-04-01,58.106407165527344,28.459415435791016,42.04591751098633,149.4499969482422,70.94640350341797,175.69371032714844,225.130859375,136.626953125
2020-04-02,59.07600402832031,29.417654037475586,42.868892669677734,151.89999389648438,73.59552764892578,179.25941467285156,230.3258056640625,137.49395751953125
2020-04-03,58.22700119018555,28.860132217407227,41.889549255371094,152.64999389648438,71.42022705078125,176.71522521972656,226.99659729003906,137.82119750976562
2020-04-06,63.306575775146484,30.436857223510742,44.11157989501953,156.8800048828125,76.01730346679688,189.34942626953125,242.24310302734375,137.46127319335938
2020-04-07,62.573326110839844,30.593656539916992,44.358489990234375,156.0399932861328,77.01997375488281,189.27235412597656,242.49008178710938,136.02178955078125
2020-04-08,64.17487335205078,30.907257080078125,44.72059631347656,154.64999389648438,80.13002014160156,193.291015625,250.63009643554688,135.0320587158203
2020-04-09,64.63797760009766,30.79401397705078,45.73284912109375,158.69000244140625,87.31877136230469,193.57046508789062,254.44398498535156,135.27749633789062
2020-04-13,65.90666198730469,30.837570190429688,45.29668426513672,161.41000366210938,83.43547058105469,195.66177368164062,252.1208953857422,134.04229736328125
2020-04-14,69.23516845703125,31.543190002441406,46.10319519042969,162.67999267578125,81.14968872070312,204.17129516601562,259.55657958984375,134.0095977783203
2020-04-15,68.60322570800781,30.73303985595703,44.66299057006836,161.85000610351562,77.14745330810547,201.82945251464844,254.04153442382812,137.55950927734375
2020-04-16,69.14833068847656,30.89855194091797,44.68767547607422,161.7100067138672,74.20734405517578,205.51084899902344,255.26715087890625,139.12168884277344
2020-04-17,68.21007537841797,31.586732864379883,45.87276077270508,158.57000732421875,80.8777847290039,207.47679138183594,262.16326904296875,137.25680541992188
2020-04-20,66.79425048828125,31.18602180480957,45.189693450927734,159.6999969482422,77.92920684814453,205.01937866210938,257.54443359375,138.3610382080078
2020-04-21,64.7296371459961,30.32361602783203,44.309104919433594,158.61000061035156,75.66889953613281,197.4542694091797,249.724609375,140.10313415527344
2020-04-22,66.59407806396484,31.151180267333984,45.058013916015625,161.72999572753906,75.91532135009766,203.31358337402344,255.26715087890625,138.6717987060547
2020-04-23,66.33600616455078,31.037939071655273,44.918113708496094,163.33999633789062,75.95780944824219,202.8799285888672,255.24880981445312,139.40794372558594
2020-04-24,68.25108337402344,30.9943790435791,45.43658447265625,162.63999938964844,77.0794448852539,206.07940673828125,258.80670166015625,139.73513793945312
2020-04-27,68.29932403564453,31.621578216552734,46.037357330322266,161.55999755859375,80.40192413330078,207.73699951171875,262.53826904296875,137.13421630859375
2020-04-28,67.19223022460938,31.68255043029785,46.38300704956055,160.83999633789062,80.97123718261719,203.8243408203125,261.3310241699219,138.71273803710938
2020-04-29,69.39917755126953,32.60593795776367,47.54340744018555,161.72999572753906,83.15505981445312,211.05218505859375,268.17218017578125,137.99301147460938
2020-04-30,70.86322784423828,31.91775894165039,46.55583953857422,158.8000030517578,81.37061309814453,210.96543884277344,265.6754150390625,136.381591796875
2020-05-01,69.72238159179688,30.76788902282715,45.5435791015625,159.77999877929688,79.2377700805664,205.01937866210938,258.64202880859375,137.54949951171875
2020-05-04,70.7088623046875,31.09891128540039,45.5271110534668,160.33999633789062,78.29458618164062,207.4093780517578,259.3553771972656,136.9025115966797
2020-05-05,71.77014923095703,31.273128509521484,45.609405517578125,161.02000427246094,78.17562103271484,209.76080322265625,261.75164794921875,136.0262451171875
2020-05-06,72.51060485839844,31.17731285095215,45.31314468383789,158.9499969482422,76.70558166503906,211.05218505859375,259.9773864746094,133.831298828125
2020-05-07,73.26073455810547,31.429929733276367,45.9962043762207,161.38999938964844,77.50430297851562,213.76983642578125,263.1144714355469,136.06715393066406
2020-05-08,75.00444030761719,32.09197998046875,46.77804183959961,160.4199981689453,78.77041625976562,216.69955444335938,267.4680480957031,134.2981719970703
2020-05-11,76.18467712402344,31.88291358947754,46.736881256103516,159.4199981689453,76.45064544677734,218.6365509033203,267.52294921875,133.24978637695312
2020-05-12,75.31402587890625,31.760953903198242,46.14433670043945,160.0399932861328,73.95243072509766,214.05897521972656,262.1907653808594,134.6174774169922
2020-05-13,74.40464782714844,31.69997787475586,45.790462493896484,161.5800018310547,71.4032211303711,211.37982177734375,257.55364990234375,135.5593719482422
2020-05-14,74.86172485351562,31.821928024291992,45.35429382324219,163.00999450683594,74.36882019042969,213.77944946289062,260.635986328125,136.88613891601562
2020-05-15,74.4191665649414,31.38637351989746,45.39543533325195,163.92999267578125,72.99221801757812,215.16722106933594,261.8340759277344,136.5339813232422
2020-05-18,76.17256164550781,32.614654541015625,47.230674743652344,162.69000244140625,76.85851287841797,219.1762237548828,269.8094482421875,133.53648376464844
2020-05-19,75.732421875,32.35331344604492,46.580528259277344,164.25999450683594,75.34600067138672,218.62692260742188,267.0381774902344,134.0360565185547
2020-05-20,77.20528411865234,32.78016662597656,47.551639556884766,164.64999389648438,77.60628509521484,222.99256896972656,271.57464599609375,134.43740844726562
2020-05-21,76.6296615600586,32.40559387207031,47.0002326965332,162.25,76.62059020996094,220.56393432617188,269.69970703125,134.7731475830078
2020-05-22,77.12305450439453,31.734819412231445,46.868560791015625,163.2100067138672,76.02578735351562,221.3253173828125,270.2118225097656,135.58392333984375
2020-05-26,76.60064697265625,32.43172073364258,48.210018157958984,160.88999938964844,81.42158508300781,220.72781372070312,273.541015625,133.7657928466797
2020-05-27,76.93441009521484,32.5362548828125,48.794334411621094,161.17999267578125,86.13764190673828,221.9324493408203,277.6110534667969,133.52005004882812
2020-05-28,76.96827697753906,32.30976486206055,49.25519561767578,161.72000122070312,84.8545150756836,221.6433563232422,277.0988464355469,133.02867126464844
2020-05-29,76.89328002929688,32.867286682128906,49.082366943359375,162.91000366210938,82.68769836425781,224.89105224609375,278.3335266113281,133.97874450683594
2020-06-01,77.83892059326172,33.62514877319336,50.176937103271484,163.66000366210938,83.78385925292969,225.56561279296875,279.4586181640625,133.07676696777344
2020-06-02,78.19927215576172,34.42658615112305,50.646034240722656,162.60000610351562,84.06427001953125,227.0786590576172,281.77252197265625,132.59288024902344
2020-06-03,78.62974548339844,35.22800827026367,51.855804443359375,159.60000610351562,88.60187530517578,228.1001739501953,285.5224304199219,130.8297882080078
2020-06-04,77.95256805419922,34.731468200683594,51.633602142333984,161.27999877929688,90.4457778930664,226.5004425048828,284.7723693847656,128.93545532226562
2020-06-05,80.17274475097656,35.64614486694336,52.52241897583008,158.00999450683594,94.51602172851562,230.99130249023438,292.0710144042969,128.01698303222656
2020-06-08,80.6467514038086,35.86391830444336,53.20549392700195,159.72000122070312,96.40242767333984,232.78382873535156,295.6014099121094,128.50904846191406
2020-06-09,83.19343566894531,35.62001037597656,52.51419448852539,161.25999450683594,93.92969512939453,234.4702911376953,293.3971862792969,129.96868896484375
2020-06-10,85.33380889892578,35.881343841552734,52.39897918701172,163.57000732421875,90.12288665771484,237.28433227539062,291.7599792480469,131.8957061767578
2020-06-11,81.23684692382812,34.00844192504883,49.592620849609375,162.38999938964844,82.60273742675781,225.52711486816406,274.9403076171875,134.3887481689453
2020-06-12,81.93821716308594,34.731468200683594,50.44852066040039,162.6199951171875,84.86302947998047,227.31959533691406,278.23291015625,133.0930633544922
2020-06-15,82.95156860351562,34.416046142578125,50.6555061340332,162.3300018310547,86.03568267822266,230.08541870117188,280.8304748535156,133.16680908203125
2020-06-16,85.14998626708984,34.63508605957031,51.28150177001953,162.25,86.72394561767578,234.03663635253906,286.23583984375,131.1249542236328
2020-06-17,85.03147888183594,34.96803665161133,51.47347640991211,162.55999755859375,84.53162384033203,234.77865600585938,285.046875,131.66624450683594
2020-06-18,85.06533813476562,34.985557556152344,51.19804382324219,162.24000549316406,84.0727767944336,235.41477966308594,285.1565856933594,133.06031799316406
2020-06-19,84.57921600341797,34.97679901123047,50.9476432800293,164.02999877929688,83.11258697509766,235.37620544433594,283.52691650390625,133.16680908203125
2020-06-22,86.7921142578125,35.406124114990234,51.55694580078125,165.08999633789062,82.21184539794922,238.1989288330078,285.3457336425781,133.18325805664062
2020-06-23,88.64468383789062,35.74782943725586,51.840728759765625,166.47999572753906,83.21453094482422,240.22630310058594,286.659423828125,132.2730255126953
2020-06-24,87.07994079589844,35.27469253540039,50.513614654541016,165.89999389648438,80.43590545654297,235.27386474609375,279.3470764160156,133.69168090820312
2020-06-25,88.23597717285156,35.42364501953125,51.23142623901367,165.8000030517578,83.24002075195312,237.51356506347656,282.34185791015625,134.0770721435547
2020-06-26,85.52485656738281,34.99432373046875,50.48858642578125,166.5399932861328,78.67695617675781,231.9046630859375,275.6357421875,135.51222229003906
2020-06-29,87.49591064453125,35.15202713012695,50.89756774902344,166.6300048828125,79.02533721923828,234.43394470214844,279.68695068359375,135.08575439453125
2020-06-30,88.22628021240234,35.03813552856445,50.805747985839844,167.3699951171875,79.92606353759766,239.02919006347656,283.2696533203125,134.42977905273438
2020-07-01,88.0594253540039,35.432411193847656,50.99773025512695,166.6199951171875,79.24627685546875,241.81912231445312,285.2538757324219,134.16867065429688
2020-07-02,88.0594253540039,36.238494873046875,51.55694580078125,166.97999572753906,79.50370025634766,243.4602813720703,286.8247375488281,134.3082275390625
2020-07-06,90.41502380371094,37.798072814941406,52.399940490722656,167.97999572753906,81.51145935058594,249.44570922851562,291.2525939941406,133.75816345214844
2020-07-07,90.1344985961914,37.16722869873047,51.63206481933594,169.0399932861328,79.21196746826172,247.7273406982422,288.2486267089844,135.63819885253906
2020-07-08,92.23371887207031,38.131019592285156,52.06608963012695,170.08999633789062,80.05281829833984,250.9902801513672,290.4533386230469,135.096435546875
2020-07-09,92.63036346435547,38.131019592285156,51.47347640991211,169.6300048828125,78.31963348388672,253.10452270507812,288.7998046875,137.2474822998047
2020-07-10,92.79239654541016,37.88569259643555,52.02436447143555,169.19000244140625,82.60111999511719,254.83261108398438,291.74859619140625,136.5577850341797
2020-07-13,92.36432647705078,37.63159942626953,51.690486907958984,169.39999389648438,83.7851791381836,249.59056091308594,289.22235107421875,137.00938415527344
2020-07-14,93.8927993774414,37.68416976928711,52.45002365112305,170.19000244140625,84.26567840576172,251.35708618164062,292.970458984375,137.2063446044922
2020-07-15,94.53853607177734,37.798072814941406,53.042640686035156,170.33999633789062,85.56987762451172,251.868896484375,295.6620178222656,136.56600952148438
2020-07-16,93.375244140625,37.26361083984375,52.70043182373047,168.72999572753906,85.81009674072266,250.15037536621094,294.6882629394531,137.2145538330078
2020-07-17,93.18659210205078,37.4738883972168,53.009254455566406,170.1199951171875,84.2227783203125,250.44004821777344,295.5425720214844,136.92724609375
2020-07-20,95.15042114257812,37.955780029296875,53.26799774169922,170.94000244140625,83.48487854003906,257.5453186035156,297.9310607910156,137.26382446289062
2020-07-21,93.83716583251953,38.30625534057617,53.37649917602539,173.0,85.2952880859375,254.8614501953125,298.5649108886719,137.34591674804688
2020-07-22,94.10079956054688,38.139774322509766,53.51839828491211,175.6300048828125,84.67752075195312,255.75930786132812,300.264404296875,137.7564697265625
2020-07-23,89.81765747070312,37.83312225341797,53.09272384643555,177.17999267578125,84.92634582519531,249.07887268066406,296.68170166015625,139.36563110351562
2020-07-24,89.59516143798828,37.798072814941406,52.80058288574219,178.6999969482422,84.32574462890625,246.71365356445312,294.77099609375,139.35748291015625
2020-07-27,91.71858978271484,38.385101318359375,53.49335479736328,182.22999572753906,83.14168548583984,251.11582946777344,296.92059326171875,138.84011840820312
2020-07-28,90.21188354492188,38.06968688964844,53.15114974975586,183.75,83.50203704833984,247.92039489746094,295.037353515625,139.80076599121094
2020-07-29,91.94108581542969,38.683006286621094,53.71036148071289,185.1300048828125,85.52696228027344,250.77792358398438,298.6659851074219,139.56271362304688
2020-07-30,93.0535888671875,38.19235610961914,52.91743469238281,183.75999450683594,83.24463653564453,252.09085083007812,297.60040283203125,140.4822235107422
2020-07-31,102.79522705078125,37.92949295043945,51.7906494140625,185.42999267578125,82.91859436035156,256.58953857421875,299.9520263671875,140.39187622070312
2020-08-03,105.38546752929688,38.19235610961914,52.80058288574219,185.63999938964844,82.45526885986328,260.0552978515625,302.037353515625,139.6850128173828
2020-08-04,106.08921813964844,38.700531005859375,53.09272384643555,189.58999633789062,81.98335266113281,261.0206604003906,303.2039794921875,141.01651000976562
2020-08-05,106.47377014160156,39.12109375,53.26799774169922,191.35000610351562,83.40765380859375,261.6673583984375,305.08721923828125,139.78367614746094
2020-08-06,110.18856048583984,39.24376678466797,53.326419830322266,193.88999938964844,83.4333724975586,265.1331481933594,307.1265563964844,140.564453125
2020-08-07,107.68331909179688,38.43767547607422,53.10941696166992,190.80999755859375,85.2695541381836,262.0729064941406,307.3470458984375,139.6275177001953
2020-08-10,109.24848175048828,38.5340576171875,53.284698486328125,190.14999389648438,86.35063171386719,260.9530029296875,308.26568603515625,139.0028533935547
2020-08-11,105.99942779541016,38.42891311645508,53.47665786743164,179.94000244140625,89.0791244506836,256.0102844238281,305.7210998535156,137.3507843017578
2020-08-12,109.52226257324219,38.94586181640625,54.66188049316406,179.10000610351562,88.32408142089844,262.4493713378906,309.9835205078125,136.10150146484375
2020-08-13,111.46053314208984,38.83195114135742,54.41982650756836,183.3300018310547,87.83500671386719,263.0480041503906,309.423095703125,134.64669799804688
2020-08-14,111.36121368408203,38.76186752319336,54.085968017578125,182.5399932861328,87.86933135986328,262.73895263671875,309.43231201171875,134.12066650390625
2020-08-17,111.07044982910156,39.25251770019531,54.49495315551758,186.5,85.55269622802734,265.7896423339844,310.41534423828125,134.45762634277344
2020-08-18,111.9959945678711,39.208717346191406,54.461551666259766,188.17999267578125,84.36005401611328,268.3479919433594,311.0859069824219,135.41934204101562
2020-08-19,112.13650512695312,38.72681427001953,54.219512939453125,182.24000549316406,84.55740356445312,266.54266357421875,309.79052734375,134.5727081298828
2020-08-20,114.6247787475586,38.60415267944336,54.04423141479492,183.5,83.5449447631836,270.2401428222656,310.755126953125,135.78907775878906
2020-08-21,120.53166961669922,38.796905517578125,53.768795013427734,182.02999877929688,83.50203704833984,272.1129150390625,311.8575134277344,136.60281372070312
2020-08-24,121.97325897216797,39.22623825073242,54.478248596191406,181.0,85.85298919677734,273.81195068359375,315.0176696777344,136.38092041015625
2020-08-25,120.97262573242188,39.62051773071289,54.51164245605469,181.22000122070312,86.23052978515625,275.9647521972656,316.11993408203125,135.3371124267578
2020-08-26,122.61774444580078,39.72565841674805,54.828819274902344,183.36000061035156,85.02069091796875,281.8537292480469,319.2892761230469,134.8192596435547
2020-08-27,121.15193939208984,39.39270782470703,54.26958465576172,181.24000549316406,87.81787872314453,280.9752502441406,319.9874267578125,132.526123046875
2020-08-28,120.95567321777344,39.90964889526367,54.65353775024414,184.38999938964844,88.17820739746094,282.4039611816406,322.0543518066406,132.42752075195312
2020-08-31,125.05753326416016,39.024715423583984,54.236202239990234,184.8300018310547,85.96453857421875,284.67254638671875,320.88763427734375,133.3069305419922
2020-09-01,130.03887939453125,39.69060516357422,54.294639587402344,185.0500030517578,85.921630859375,289.5381164550781,323.9100341796875,134.8316192626953
2020-09-02,127.34468841552734,39.58546447753906,55.02078628540039,182.6199951171875,87.21723937988281,292.27978515625,328.594970703125,136.1153106689453
2020-09-03,117.14936828613281,38.83195114135742,53.777137756347656,181.13999938964844,86.94268798828125,277.4611511230469,317.2867431640625,136.5020751953125
2020-09-04,117.22691345214844,38.84947204589844,53.852256774902344,181.63999938964844,88.82170867919922,273.763671875,314.6960754394531,133.91006469726562
2020-09-08,109.33812713623047,38.17481994628906,53.19288635253906,181.2899932861328,85.73287200927734,260.6055908203125,306.09771728515625,134.73297119140625
2020-09-09,113.69925689697266,38.74433898925781,54.186126708984375,183.0500030517578,86.54798126220703,268.26104736328125,312.14227294921875,134.37088012695312
2020-09-10,109.98745727539062,38.12226104736328,53.551788330078125,182.4600067138672,85.6556625366211,262.9128723144531,306.72247314453125,135.05389404296875
2020-09-11,108.54342651367188,38.49025344848633,54.085968017578125,182.4499969482422,86.7196044921875,261.0882873535156,306.8785095214844,135.341796875
2020-09-14,111.79973602294922,39.112335205078125,54.37809371948242,183.88999938964844,87.92081451416016,265.63525390625,310.92047119140625,135.33363342285156
2020-09-15,111.97417449951172,39.524131774902344,54.72865295410156,183.4499969482422,85.18374633789062,269.4001770019531,312.4913635253906,135.00453186035156
2020-09-16,108.66942596435547,39.47156524658203,54.72865295410156,183.97000122070312,85.54410552978516,265.1041564941406,311.2512512207031,134.6012725830078
2020-09-17,106.93466186523438,39.313846588134766,54.80377960205078,182.9600067138672,84.56597900390625,260.9628601074219,308.5137023925781,135.01272583007812
2020-09-18,103.54267120361328,39.00718688964844,54.36140823364258,183.1999969482422,84.38578033447266,257.6322021484375,304.96185302734375,134.593017578125
2020-09-21,106.6827163696289,38.6479606628418,52.98421096801758,179.52000427246094,81.77741241455078,258.2500305175781,301.56781005859375,135.27601623535156
2020-09-22,108.35929870605469,38.358821868896484,52.9675178527832,178.64999389648438,80.88508605957031,263.0480041503906,304.63909912109375,135.16909790039062
2020-09-23,103.81405639648438,37.76302719116211,52.5251579284668,174.7899932861328,79.57233428955078,255.0159912109375,297.5741882324219,135.35003662109375
2020-09-24,104.88009643554688,37.58778762817383,52.47507095336914,175.44000244140625,79.50370025634766,256.2033386230469,298.3674011230469,135.86849975585938
2020-09-25,108.81478881835938,37.62283706665039,52.650352478027344,174.94000244140625,80.19866180419922,262.1597900390625,303.1910705566406,135.86849975585938
2020-09-28,111.4120864868164,38.043399810791016,53.44327163696289,176.6999969482422,82.50674438476562,267.60455322265625,308.22686767578125,135.48167419433594
2020-09-29,110.56892395019531,38.017120361328125,53.384849548339844,178.19000244140625,81.8117446899414,266.39776611328125,306.54827880859375,135.63807678222656
2020-09-30,112.23585510253906,38.63043975830078,53.126102447509766,177.1199951171875,82.60111999511719,268.222412109375,308.8724670410156,134.33799743652344
2020-10-01,113.18560791015625,38.98967361450195,53.43492889404297,178.6999969482422,83.20173645019531,272.4798278808594,310.85552978515625,134.55953979492188
2020-10-02,109.5319595336914,38.542823791503906,53.326419830322266,178.5399932861328,83.99111938476562,264.8146057128906,307.9040832519531,134.0570526123047
2020-10-05,112.90454864501953,39.05976104736328,54.136043548583984,179.41000366210938,85.766357421875,270.46209716796875,313.3641662597656,131.43772888183594
2020-10-06,109.66764831542969,39.129859924316406,53.56012725830078,177.3000030517578,84.8830795288086,265.63525390625,308.90936279296875,132.1460723876953
2020-10-07,111.52837371826172,39.55918502807617,54.01919937133789,177.22000122070312,86.36389923095703,270.23040771484375,314.2864685058594,131.18243408203125
2020-10-08,111.42179107666016,39.88336181640625,54.394798278808594,177.85000610351562,88.13912200927734,271.66888427734375,317.07177734375,131.8907012939453
2020-10-09,113.36005401611328,40.15497970581055,54.82046127319336,181.0800018310547,87.6368637084961,275.8199462890625,319.9032897949219,131.86607360839844
2020-10-12,120.56073760986328,40.50544357299805,55.13762283325195,180.55999755859375,88.710693359375,284.33465576171875,325.0498352050781,132.2861328125
2020-10-13,117.36257934570312,40.33897399902344,54.519981384277344,177.72000122070312,87.27315521240234,284.3251037597656,322.9284973144531,133.23338317871094
2020-10-14,117.44979858398438,40.067359924316406,54.42816925048828,178.27000427246094,86.78821563720703,281.9501647949219,320.8995056152344,133.5381317138672
2020-10-15,116.98462677001953,39.77822494506836,53.785484313964844,178.9199981689453,88.0871810913086,280.0580749511719,320.5028076171875,133.30752563476562
2020-10-16,115.34677124023438,39.91841125488281,54.035888671875,178.3000030517578,87.90531921386719,278.52313232421875,320.30914306640625,132.93685913085938
2020-10-19,112.40061950683594,39.80451583862305,53.835567474365234,178.38999938964844,86.42449951171875,273.9761047363281,315.4393310546875,132.43443298339844
2020-10-20,113.88337707519531,40.24258804321289,54.10265350341797,179.25,86.9181137084961,274.5649719238281,316.702880859375,131.17410278320312
2020-10-21,113.26314544677734,40.35649871826172,53.84390640258789,180.60000610351562,86.05213165283203,274.3526611328125,316.1033935546875,130.72108459472656
2020-10-22,112.17769622802734,40.34773635864258,53.885643005371094,178.8300018310547,89.09170532226562,274.3428649902344,317.8373107910156,129.36203002929688
2020-10-23,111.4896240234375,40.58430099487305,54.236202239990234,178.63999938964844,89.89707946777344,274.8835144042969,318.91644287109375,130.15277099609375
2020-10-26,111.49930572509766,40.05860137939453,53.2596549987793,178.5500030517578,87.67151641845703,270.761474609375,313.02288818359375,131.3636016845703
2020-10-27,113.00149536132812,40.23383331298828,52.842323303222656,179.02000427246094,86.01751708984375,272.8755798339844,311.94378662109375,132.2449493408203
2020-10-28,107.76811981201172,39.22623825073242,51.26481628417969,176.1300048828125,83.60142517089844,262.23699951171875,301.28192138671875,132.36849975585938
2020-10-29,111.76097106933594,39.62051773071289,51.50687026977539,175.39999389648438,84.14697265625,266.82269287109375,304.343994140625,131.08348083496094
2020-10-30,105.50035858154297,39.173667907714844,51.239776611328125,176.1999969482422,84.90037536621094,260.0552978515625,301.171142578125,129.79031372070312
2020-11-02,105.41312408447266,39.673072814941406,51.90749740600586,177.91000366210938,86.8141860961914,260.6344909667969,304.54693603515625,130.76248168945312
2020-11-03,107.03157806396484,39.84831619262695,53.26799774169922,178.9199981689453,89.55067443847656,265.142822265625,309.9239807128906,130.0038604736328
2020-11-04,111.40238952636719,41.10124206542969,53.852256774902344,178.82000732421875,86.8141860961914,276.97845458984375,316.8504333496094,132.82394409179688
2020-11-05,115.35649108886719,41.80217742919922,55.1459846496582,182.92999267578125,90.36470031738281,284.19952392578125,323.0299377441406,133.05484008789062
2020-11-06,115.22543334960938,41.99494934082031,55.262840270996094,183.19000244140625,89.16099548339844,284.41192626953125,322.95611572265625,131.4469451904297
2020-11-09,112.92459869384766,42.28406524658203,56.87373352050781,175.0800018310547,101.23271179199219,278.60028076171875,327.0142822265625,128.68458557128906
2020-11-10,112.58482360839844,41.80217742919922,57.382877349853516,175.66000366210938,100.90362548828125,273.6092224121094,326.53472900390625,127.94243621826172
2020-11-11,116.00206756591797,42.073795318603516,57.86697769165039,174.89999389648438,99.39685821533203,279.72979736328125,328.96044921875,128.40419006347656
2020-11-12,115.730224609375,41.75837326049805,57.023963928222656,175.9600067138672,98.17581176757812,278.4168395996094,325.7691955566406,130.5892791748047
2020-11-13,115.7787857055664,42.34540939331055,57.900367736816406,177.16000366210938,98.79065704345703,280.8592834472656,330.279296875,130.41619873046875
2020-11-16,116.78842163085938,42.871116638183594,58.501304626464844,177.14999389648438,101.5790786743164,283.0506896972656,334.4020080566406,130.1028289794922
2020-11-17,115.90497589111328,42.827301025390625,58.442901611328125,176.5,100.548583984375,282.15289306640625,332.6035461425781,130.95213317871094
2020-11-18,114.58470916748047,42.678348541259766,58.134063720703125,175.49000549316406,99.80384826660156,280.0677185058594,328.6007080078125,131.3314666748047
2020-11-19,115.1768798828125,42.74844741821289,58.54304885864258,175.16000366210938,100.07231140136719,282.2591552734375,329.984130859375,132.00762939453125
2020-11-20,113.91482543945312,42.98501968383789,58.718326568603516,175.69000244140625,99.21497344970703,280.32830810546875,327.72442626953125,133.17852783203125
2020-11-23,110.52670288085938,43.09891891479492,58.64321517944336,172.22999572753906,102.07271575927734,280.3380126953125,329.6890563964844,132.5683135986328
2020-11-24,111.80818176269531,43.67718505859375,59.51959991455078,169.58999633789062,106.79230499267578,284.2767639160156,335.0015869140625,131.24900817871094
2020-11-25,112.64305114746094,43.431861877441406,59.4444694519043,169.50999450683594,105.6751708984375,286.02410888671875,334.485107421875,130.84498596191406
2020-11-27,113.18670654296875,43.843666076660156,59.85346984863281,167.7899932861328,104.97372436523438,288.65966796875,335.41656494140625,132.11488342285156
2020-11-30,115.57492065429688,42.69587707519531,58.551395416259766,166.6699981689453,102.08136749267578,289.2485046386719,333.93170166015625,131.94992065429688
2020-12-01,119.13778686523438,43.53700256347656,59.928592681884766,170.17999267578125,103.69209289550781,292.9555358886719,337.5840148925781,130.00437927246094
2020-12-02,119.48727416992188,43.598331451416016,59.93693161010742,171.4600067138672,105.68383026123047,293.33209228515625,338.29412841796875,128.9725799560547
2020-12-03,119.3513412475586,44.097755432128906,60.037086486816406,172.80999755859375,104.99104309082031,293.7472229003906,338.201904296875,130.0125732421875
2020-12-04,118.6814956665039,44.55335998535156,60.546241760253906,172.32000732421875,105.94361877441406,294.9442138671875,341.116455078125,128.1058807373047
2020-12-07,120.13771057128906,44.55335998535156,60.05378723144531,174.88999938964844,105.5452651977539,296.6144104003906,340.41552734375,129.2615203857422
2020-12-08,120.74932098388672,44.570884704589844,60.26244354248047,175.5,105.6491928100586,297.6182861328125,341.4115905761719,129.872314453125
2020-12-09,118.22522735595703,44.185367584228516,60.345916748046875,172.5,104.82650756835938,290.8799743652344,338.3494567871094,129.44308471679688
2020-12-10,119.6426010131836,44.754886627197266,60.429378509521484,172.1699981689453,104.15103149414062,292.048095703125,338.2388916015625,130.59039306640625
2020-12-11,118.83684539794922,44.4394645690918,60.245750427246094,172.49000549316406,103.53620910644531,291.4012756347656,337.8422546386719,131.0526580810547
2020-12-14,118.22522735595703,44.208412170410156,60.28284454345703,171.5399932861328,102.44508361816406,293.5155029296875,336.3296813964844,130.68948364257812
2020-12-15,124.14715576171875,44.686439514160156,60.89805603027344,173.94000244140625,104.19435119628906,296.6529846191406,340.8767395019531,130.25205993652344
2020-12-16,124.07917785644531,44.898895263671875,61.134029388427734,174.89999389648438,104.49744415283203,298.2845153808594,341.4115905761719,129.90533447265625
2020-12-17,124.94322204589844,45.191017150878906,61.5638313293457,176.74000549316406,103.63145446777344,300.2345886230469,343.3208312988281,129.5615692138672
2020-12-18,122.9627685546875,45.13790512084961,61.24357986450195,176.44000244140625,103.12054443359375,299.3270568847656,341.9499816894531,129.17320251464844
2020-12-21,124.4869384765625,44.47398376464844,60.459815979003906,175.8800048828125,106.99147033691406,298.76708984375,340.7272644042969,129.6855010986328
2020-12-22,128.03042602539062,44.11989212036133,60.30811309814453,174.49000549316406,105.36343383789062,299.5795593261719,340.15301513671875,130.35482788085938
2020-12-23,127.13727569580078,44.57135772705078,60.9570426940918,175.64999389648438,108.30774688720703,298.0707092285156,340.4587097167969,129.4542236328125
2020-12-24,128.11776733398438,44.37661361694336,60.98233413696289,176.35000610351562,107.83145904541016,299.38604736328125,341.7831726074219,129.9665069580078
2020-12-28,132.69996643066406,44.500545501708984,61.47956085205078,175.7100067138672,108.54154968261719,302.40350341796875,344.71942138671875,130.0242919921875
2020-12-29,130.93310546875,45.16446304321289,61.875640869140625,176.35000610351562,108.25580596923828,302.67425537109375,344.06170654296875,129.85903930664062
2020-12-30,129.81666564941406,45.76641845703125,61.959922790527344,177.6999969482422,108.5588607788086,302.6840515136719,344.552734375,130.1399688720703
2020-12-31,128.81680297851562,45.73986053466797,61.487979888916016,178.36000061035156,110.0396957397461,303.4288330078125,346.3032531738281,130.33009338378906
2021-01-04,125.63248443603516,46.0319938659668,61.80824279785156,182.3300018310547,109.00052642822266,299.14434814453125,341.5887451171875,130.1730499267578
2021-01-05,127.18579864501953,47.13853073120117,62.44872283935547,182.8699951171875,109.59363555908203,301.6104431152344,343.9413146972656,129.20628356933594
2021-01-06,122.90451049804688,46.74016571044922,63.16508483886719,179.89999389648438,114.73970794677734,297.43243408203125,345.99755859375,126.5539321899414
2021-01-07,127.09843444824219,47.18278503417969,63.232513427734375,179.47999572753906,118.50765991210938,304.6279602050781,351.1382751464844,125.43842315673828
2021-01-08,128.1954345703125,48.43096923828125,63.822444915771484,173.33999633789062,118.63850402832031,308.5448913574219,353.1388854980469,125.0335464477539
2021-01-11,125.21504211425781,47.77589416503906,62.98809051513672,173.0,120.40909576416016,304.0863952636719,350.7584533691406,124.8270034790039
2021-01-12,125.0403060913086,48.24506378173828,63.2746467590332,174.1199951171875,122.30177307128906,303.6027526855469,350.8326416015625,124.72781372070312
2021-01-13,127.06929779052734,48.35129165649414,63.190372467041016,173.3699951171875,122.41516876220703,305.6531677246094,351.77734375,126.13253021240234
2021-01-14,125.14708709716797,48.802764892578125,63.69602584838867,173.27999877929688,123.13036346435547,304.0186767578125,350.54541015625,124.95092010498047
2021-01-15,123.42875671386719,48.112281799316406,62.70155715942383,171.1300048828125,120.92369079589844,301.6104431152344,347.9889831542969,125.4466781616211
2021-01-19,124.09861755371094,48.90898895263672,63.15665817260742,172.5800018310547,120.40035247802734,306.0109558105469,350.72137451171875,125.85154724121094
2021-01-20,128.17601013183594,49.76766586303711,63.586463928222656,175.38999938964844,118.5948715209961,313.1290283203125,355.5749206542969,125.97551727294922
2021-01-21,132.87474060058594,49.85618209838867,63.637027740478516,175.27999877929688,117.60051727294922,315.6339416503906,355.899169921875,125.09139251708984
2021-01-22,135.0105438232422,49.42242431640625,63.333621978759766,173.89999389648438,116.6934585571289,314.7248840332031,354.63946533203125,125.49636840820312
2021-01-25,138.74813842773438,49.79421615600586,63.257781982421875,174.0500030517578,115.23683166503906,317.32635498046875,356.0380554199219,126.9753646850586
2021-01-26,138.98117065429688,49.431270599365234,63.350494384765625,173.6199951171875,114.76583862304688,317.79071044921875,355.48236083984375,126.73571014404297
2021-01-27,137.91323852539062,48.05916976928711,61.900936126708984,172.52000427246094,111.5212173461914,308.9317321777344,346.794189453125,127.05797576904297
2021-01-28,133.08831787109375,48.395545959472656,62.29703140258789,172.67999267578125,113.48368835449219,310.7596435546875,349.77667236328125,126.35559844970703
2021-01-29,128.1080780029297,47.19163513183594,61.00760269165039,172.61000061035156,112.22772216796875,304.2217102050781,342.7742614746094,125.59544372558594
2021-02-01,130.2244110107422,48.466373443603516,61.73239517211914,174.22999572753906,113.05630493164062,311.8235168457031,348.4799499511719,125.74105072021484
2021-02-02,131.0496063232422,49.09488296508789,62.35603332519531,172.11000061035156,116.53646850585938,316.9106140136719,353.40753173828125,124.93037414550781
2021-02-03,130.0302734375,49.34275436401367,62.50774002075195,171.85000610351562,117.87093353271484,315.6532897949219,353.6853942871094,123.82182312011719
2021-02-04,133.3795623779297,49.360450744628906,62.57514953613281,168.14999389648438,120.58353424072266,319.3864440917969,357.705322265625,123.49089050292969
2021-02-05,132.96630859375,49.785369873046875,62.96281433105469,169.80999755859375,120.34803771972656,320.46954345703125,359.1131286621094,122.45683288574219
2021-02-08,133.11216735839844,49.87388229370117,63.401058197021484,171.52000427246094,122.23197174072266,322.6166687011719,361.7066650390625,122.99455261230469
2021-02-09,132.23715209960938,50.405025482177734,63.74658966064453,172.0800018310547,121.74357604980469,322.5489501953125,361.4659118652344,123.08556365966797
2021-02-10,131.6343536376953,50.58207321166992,63.5274658203125,172.7100067138672,121.81336975097656,321.81396484375,361.30841064453125,123.904541015625
2021-02-11,131.38156127929688,51.12206268310547,63.95728302001953,171.2100067138672,121.47318267822266,323.583740234375,361.89190673828125,123.22624969482422
2021-02-12,131.61489868164062,51.166324615478516,64.31124114990234,170.69000244140625,123.20016479492188,325.392333984375,363.6796569824219,121.69581604003906
2021-02-16,129.49539184570312,51.29025650024414,64.77476501464844,168.24000549316406,126.16570281982422,324.5122375488281,363.3645935058594,119.8427505493164
2021-02-17,127.21056365966797,51.30796432495117,64.39552307128906,166.3300018310547,126.55818939208984,322.95513916015625,363.4480285644531,120.60381317138672
2021-02-18,126.11193084716797,50.59978103637695,64.07527160644531,166.32000732421875,126.98554229736328,321.5431823730469,361.901123046875,120.11577606201172
2021-02-19,126.26746368408203,50.927310943603516,64.26068115234375,167.00999450683594,129.10507202148438,320.1407470703125,361.2620849609375,118.51917266845703
2021-02-22,122.50482177734375,49.431270599365234,64.10055541992188,169.50999450683594,130.3174285888672,311.84283447265625,358.48333740234375,117.61744689941406
2021-02-23,122.36869812011719,49.6525764465332,64.1595458984375,169.1199951171875,131.36407470703125,310.91436767578125,358.918701171875,117.27836608886719
2021-02-24,121.87285614013672,49.333900451660156,64.36180114746094,169.0,133.67550659179688,313.4772033691406,362.8736572265625,116.50898742675781
2021-02-25,117.63380432128906,48.209659576416016,63.26622009277344,165.82000732421875,131.86122131347656,302.54864501953125,354.1300354003906,114.6063232421875
2021-02-26,117.89630889892578,47.56342697143555,62.372894287109375,161.80999755859375,128.3636474609375,303.8155822753906,352.30523681640625,118.39511108398438
2021-03-01,124.24517059326172,48.838165283203125,63.54433059692383,161.52999877929688,131.26812744140625,312.9549865722656,360.84521484375,116.83139038085938
2021-03-02,121.64924621582031,48.360145568847656,63.47691345214844,162.41000366210938,130.84072875976562,307.93560791015625,358.02947998046875,116.83968353271484
2021-03-03,118.67411804199219,48.26277542114258,63.0892219543457,160.6199951171875,133.37017822265625,298.9992370605469,353.2872009277344,115.57244110107422
2021-03-04,116.79766082763672,47.13853073120117,62.49087142944336,159.0399932861328,131.32041931152344,294.1055603027344,348.915283203125,114.82705688476562
2021-03-05,118.05186462402344,47.65196990966797,62.8953971862793,159.13999938964844,131.62576293945312,298.534912109375,355.33416748046875,115.05066680908203
2021-03-08,113.1322250366211,46.368377685546875,62.67628860473633,157.49000549316406,133.37017822265625,290.082275390625,353.5650634765625,114.15613555908203
2021-03-09,117.73101806640625,47.38638687133789,63.519046783447266,160.83999633789062,132.42819213867188,301.52349853515625,358.6130065917969,115.73810577392578
2021-03-10,116.65180206298828,47.1739387512207,63.78873062133789,161.66000366210938,135.3064727783203,300.6626892089844,360.84521484375,115.97000885009766
2021-03-11,118.576904296875,48.6611213684082,64.12583923339844,161.52000427246094,134.59999084472656,307.58740234375,364.5039367675781,115.13349151611328
2021-03-12,117.67268371582031,47.79359817504883,64.28596496582031,161.49000549316406,136.19613647460938,305.0921936035156,364.9949035644531,112.69017791748047
2021-03-15,120.55057525634766,47.90867233276367,64.33650970458984,162.1999969482422,135.51583862304688,308.35137939453125,367.1714782714844,113.3527603149414
2021-03-16,122.08675384521484,48.112281799316406,64.44609069824219,162.35000610351562,133.8934783935547,310.0439758300781,366.7083435058594,112.89720916748047
2021-03-17,121.29922485351562,48.17424011230469,64.8253173828125,163.50999450683594,135.2716064453125,311.320556640625,367.9588317871094,112.05243682861328
2021-03-18,117.18656158447266,47.28901672363281,64.23540496826172,162.55999755859375,137.50445556640625,301.7846374511719,362.60516357421875,110.917724609375
2021-03-19,116.66154479980469,47.87327575683594,64.41236877441406,163.24000549316406,135.3152618408203,302.8484802246094,361.9342041015625,111.60520935058594
2021-03-22,119.96722412109375,47.73163986206055,64.47136688232422,163.0,131.67807006835938,308.52777099609375,364.82421875,112.85584259033203
2021-03-23,119.14080810546875,46.81984329223633,63.57804489135742,161.80999755859375,130.36106872558594,307.1817932128906,361.9527282714844,113.87454223632812
2021-03-24,116.75875854492188,45.74871063232422,63.257781982421875,162.3699951171875,131.372802734375,302.00115966796875,360.1128234863281,114.4874496459961
2021-03-25,117.2448959350586,45.96116638183594,63.729740142822266,161.77999877929688,133.05616760253906,301.4781799316406,362.13861083984375,113.58467864990234
2021-03-26,117.84767150878906,47.1562385559082,64.55563354492188,162.24000549316406,135.2716064453125,306.0003967285156,367.9744873046875,113.18708801269531
2021-03-29,118.02268981933594,46.828697204589844,64.30281829833984,160.30999755859375,133.1695098876953,305.913330078125,367.7886047363281,112.22637939453125
2021-03-30,116.57403564453125,46.979183197021484,64.2185287475586,157.57000732421875,134.73951721191406,304.37359619140625,366.81292724609375,112.81440734863281
2021-03-31,118.76163482666016,47.21820068359375,63.9404411315918,159.9600067138672,132.7770538330078,309.0313720703125,368.2997131347656,112.1849594116211
2021-04-01,119.58804321289062,47.67851638793945,64.77476501464844,161.97999572753906,134.06793212890625,314.2992858886719,372.2769775390625,114.04688262939453
2021-04-05,122.4075698852539,47.864410400390625,65.71866607666016,161.9199981689453,134.77859497070312,320.5741882324219,377.62030029296875,113.54926300048828
2021-04-06,122.70899200439453,48.12998962402344,65.0191650390625,163.22000122070312,133.83106994628906,320.35150146484375,377.39727783203125,114.32059478759766
2021-04-07,124.35211944580078,47.42179870605469,65.15400695800781,162.75999450683594,135.92791748046875,321.1261291503906,377.83404541015625,113.5244369506836
2021-04-08,126.74386596679688,47.81129837036133,65.5248031616211,164.50999450683594,136.0946044921875,324.47662353515625,379.6275634765625,114.4615478515625
2021-04-09,129.31065368652344,47.40409469604492,65.72708892822266,163.27000427246094,137.11236572265625,326.4423522949219,382.38751220703125,114.04688262939453
2021-04-12,127.59945678710938,47.12082290649414,65.36468505859375,162.27999877929688,136.82284545898438,326.01629638671875,382.5269775390625,113.99714660644531
2021-04-13,130.70095825195312,47.31557846069336,65.74394226074219,163.42999267578125,135.19093322753906,329.82196044921875,383.6606750488281,114.85136413574219
2021-04-14,128.3675537109375,47.55458450317383,65.79449462890625,162.72000122070312,132.66416931152344,325.8614807128906,382.350341796875,114.48643493652344
2021-04-15,130.76904296875,47.98834991455078,66.3423080444336,165.35000610351562,133.5064697265625,330.80010986328125,386.4577941894531,116.40237426757812
2021-04-16,130.4384765625,48.112281799316406,66.82267761230469,166.35000610351562,134.49781799316406,331.1874084472656,387.74951171875,115.49829864501953
2021-04-19,131.09957885742188,47.93523025512695,66.70469665527344,165.88999938964844,133.92755126953125,328.1564025878906,385.84442138671875,115.1665267944336
2021-04-20,129.41758728027344,47.54573059082031,65.50796508789062,166.47999572753906,130.96214294433594,325.7646179199219,383.0194396972656,115.69731140136719
2021-04-21,129.7967529296875,47.83785629272461,66.18217468261719,168.1300048828125,132.07635498046875,328.5534362792969,386.64361572265625,115.9295654296875
2021-04-22,128.28004455566406,47.6696662902832,65.96305847167969,167.0399932861328,129.29515075683594,324.5928649902344,383.1123352050781,116.43547821044922
2021-04-23,130.5940399169922,48.360145568847656,66.63726806640625,166.39999389648438,131.769287109375,328.6793518066406,387.2662353515625,116.1618423461914
2021-04-26,130.98294067382812,48.422115325927734,66.68783569335938,166.83999633789062,132.09388732910156,330.81939697265625,388.0746765136719,115.99594116210938
2021-04-27,130.66207885742188,48.395545959472656,66.46870422363281,166.4199981689453,132.6992950439453,329.3861389160156,387.9910583496094,114.98410034179688
2021-04-28,129.87454223632812,48.75849914550781,66.63726806640625,166.91000366210938,133.55906677246094,328.2725524902344,387.8795166015625,115.05874633789062
2021-04-29,129.7772979736328,48.6434211730957,66.66255187988281,166.22000122070312,136.1560516357422,329.4539794921875,390.3514099121094,114.71868896484375
2021-04-30,127.81338500976562,47.78474807739258,65.82820892333984,165.66000366210938,134.9453125,327.2945251464844,387.78656005859375,114.98410034179688
2021-05-03,128.86341857910156,47.78474807739258,66.552978515625,167.80999755859375,134.5504913330078,325.5514831542969,388.6230163574219,115.05304718017578
2021-05-04,124.30351257324219,47.244754791259766,65.56696319580078,166.5800018310547,136.4104766845703,319.6929626464844,386.22552490234375,115.83374786376953
2021-05-05,124.54657745361328,47.46605682373047,66.46028900146484,167.27000427246094,138.2002410888672,318.6181335449219,386.3462219238281,116.02481842041016
2021-05-06,126.1410903930664,47.91753005981445,67.0080795288086,170.05999755859375,140.98146057128906,321.0196533203125,389.4314880371094,116.21586608886719
2021-05-07,126.81309509277344,48.41325378417969,67.7665786743164,171.58999633789062,141.46400451660156,323.6246032714844,392.2657775878906,115.64273071289062
2021-05-10,123.54074096679688,47.54573059082031,67.4041748046875,172.11000061035156,141.44644165039062,315.4516296386719,388.3813781738281,114.47162628173828
2021-05-11,122.625244140625,47.4129524230957,66.51927947998047,172.13999938964844,139.0951385498047,315.0158996582031,384.9151611328125,113.82378387451172
2021-05-12,119.5671615600586,46.10280990600586,65.4573974609375,170.42999267578125,138.1388397216797,306.8622741699219,376.7374572753906,112.62770080566406
2021-05-13,121.70977020263672,46.040836334228516,65.9461898803711,171.1300048828125,141.692138671875,309.2347412109375,381.2630920410156,112.8021011352539
2021-05-14,124.12508392333984,46.87295150756836,67.05022430419922,172.69000244140625,143.8942413330078,316.0616760253906,387.1175537109375,113.85700225830078
2021-05-17,122.97587585449219,46.828697204589844,66.92381286621094,174.6999969482422,144.4733123779297,314.1443176269531,386.1325378417969,113.61609649658203
2021-05-18,121.59290313720703,47.457210540771484,67.06707000732422,175.0399932861328,142.4378662109375,312.0236511230469,382.8056640625,113.325439453125
2021-05-19,121.43708038330078,47.31557846069336,66.4771499633789,175.16000366210938,141.34996032714844,312.3818359375,381.80206298828125,113.05135345458984
2021-05-20,123.98872375488281,47.58999252319336,67.35360717773438,175.9600067138672,141.10435485839844,318.4244079589844,385.9094543457031,113.98158264160156
2021-05-21,122.15778350830078,47.0411491394043,67.44632720947266,176.0399932861328,142.7098388671875,316.66204833984375,385.59356689453125,114.34700775146484
2021-05-24,123.78421020507812,47.43065643310547,67.85926818847656,176.35000610351562,143.4818878173828,321.988037109375,389.5244140625,114.77062225341797
2021-05-25,123.58944702148438,47.89982223510742,67.87612915039062,177.9499969482422,141.9992218017578,322.43341064453125,388.6601257324219,115.83374786376953
2021-05-26,123.54074096679688,48.25391387939453,67.83399200439453,177.63999938964844,141.9816436767578,323.5567932128906,389.4314880371094,115.6344223022461
2021-05-27,122.01168823242188,48.26277542114258,67.96040344238281,177.7100067138672,144.19256591796875,322.3462219238281,389.63592529296875,115.16934967041016
2021-05-28,121.35916900634766,48.57259750366211,68.12052154541016,178.3800048828125,144.0960693359375,323.36309814453125,390.33282470703125,114.98661804199219
2021-06-01,121.03778839111328,49.572914123535156,68.36492919921875,177.89999389648438,145.68405151367188,322.28814697265625,389.9890441894531,114.96076202392578
2021-06-02,121.79742431640625,49.6525764465332,68.59249114990234,178.77000427246094,145.69284057617188,322.9176025390625,390.602294921875,115.22692108154297
2021-06-03,120.31709289550781,49.12144470214844,68.25536346435547,175.27000427246094,145.78936767578125,319.55743408203125,389.1526184082031,114.79440307617188
2021-06-04,122.60576629638672,49.564064025878906,68.83687591552734,177.16000366210938,146.0262451171875,324.9802551269531,392.7117919921875,116.36653137207031
2021-06-07,122.6155014038086,49.31618881225586,69.06441497802734,177.8699951171875,145.34190368652344,325.9485778808594,392.3307800292969,116.00884246826172
2021-06-08,123.43358612060547,49.077178955078125,69.03070831298828,177.32000732421875,144.76284790039062,326.1035461425781,392.4143981933594,116.82400512695312
2021-06-09,123.81342315673828,48.935543060302734,68.84529876708984,176.97999572753906,142.9555206298828,326.1809387207031,391.8290100097656,117.85543060302734
2021-06-10,122.82003784179688,49.327640533447266,69.03495788574219,177.74000549316406,140.72703552246094,329.5799255371094,393.6503601074219,118.5624008178711
2021-06-11,124.02769470214844,49.158714294433594,69.19727325439453,175.74000549316406,140.63052368164062,330.4416809082031,394.30084228515625,118.37112426757812
2021-06-14,127.0760269165039,49.29207229614258,69.31687927246094,174.7100067138672,138.24415588378906,333.60821533203125,395.1836242675781,117.46446990966797
2021-06-15,126.25797271728516,48.9542121887207,69.40229797363281,174.0500030517578,136.14727783203125,331.429443359375,394.45880126953125,117.32303619384766
2021-06-16,126.754638671875,48.287384033203125,68.97516632080078,171.11000061035156,137.10357666015625,330.2190246582031,392.25640869140625,117.22321319580078
2021-06-17,128.3518524169922,48.55411911010742,68.49676513671875,165.85000610351562,133.14669799804688,334.41192626953125,392.1263122558594,118.97834777832031
2021-06-18,127.05655670166016,48.21625518798828,67.0786361694336,164.92999267578125,129.7776641845703,331.78778076171875,386.83642578125,121.21578216552734
2021-06-21,128.84854125976562,48.420753479003906,67.95855712890625,166.9499969482422,131.97984313964844,333.84979248046875,392.374267578125,119.18622589111328
2021-06-22,130.48471069335938,48.19847106933594,67.96709442138672,166.25,131.78683471679688,336.96185302734375,394.4720764160156,119.47735595703125
2021-06-23,130.21200561523438,48.49188232421875,67.53142547607422,166.13999938964844,132.58518981933594,337.1266174316406,393.99658203125,119.16963195800781
2021-06-24,129.92958068847656,48.93643569946289,68.1806640625,166.0399932861328,133.8047637939453,339.21099853515625,396.3274230957031,119.36093139648438
2021-06-25,129.63742065429688,49.34541320800781,68.32589721679688,166.58999633789062,135.15586853027344,338.7941589355469,397.735107421875,118.12162017822266
2021-06-28,131.2638397216797,49.38987350463867,67.89021301269531,166.5800018310547,135.40151977539062,342.9144592285156,398.53692626953125,119.33596801757812
2021-06-29,132.7734375,49.354312896728516,67.90728759765625,164.8300018310547,135.23483276367188,344.15533447265625,398.7513427734375,119.53559112548828
2021-06-30,133.38697814941406,49.03423309326172,67.38618469238281,165.6300048828125,136.46310424804688,343.6124572753906,399.0870056152344,120.06796264648438
2021-07-01,133.68893432617188,48.758609771728516,67.54850006103516,166.1999969482422,137.81423950195312,343.74822998046875,401.29656982421875,120.07461547851562
2021-07-02,136.30873107910156,48.705265045166016,67.77915954589844,167.2899932861328,137.681884765625,347.6940612792969,404.3639221191406,120.7992172241211
2021-07-06,138.31497192382812,47.851722717285156,67.3349380493164,168.1199951171875,135.36996459960938,349.1966247558594,403.6274108886719,122.21505737304688
2021-07-07,140.79844665527344,47.798370361328125,67.70227813720703,168.75999450683594,135.52880859375,349.9335632324219,405.0538330078125,123.2978515625
2021-07-08,139.503173828125,46.802581787109375,66.83089447021484,168.64999389648438,133.19039916992188,347.8199462890625,401.7534484863281,123.78086853027344
2021-07-09,141.3243408203125,47.61166000366211,67.96709442138672,169.2100067138672,137.4524383544922,349.99163818359375,406.04205322265625,122.04019165039062
2021-07-12,140.73028564453125,47.65612030029297,68.2575454711914,169.0,139.4202423095703,351.358642578125,407.4965515136719,121.88188171386719
2021-07-13,141.84054565429688,47.7005729675293,67.89876556396484,169.22000122070312,137.3465576171875,351.358642578125,406.10736083984375,120.94915008544922
2021-07-14,145.2589874267578,47.905067443847656,68.05252838134766,171.0399932861328,136.8788604736328,351.98876953125,406.71337890625,122.3233871459961
2021-07-15,144.60643005371094,48.020652770996094,67.40326690673828,171.07000732421875,137.1788787841797,349.5166015625,405.3243103027344,123.67262268066406
2021-07-16,142.5709686279297,47.64723205566406,66.90778350830078,169.41000366210938,134.04635620117188,346.6856994628906,402.14501953125,123.43934631347656
2021-07-19,138.73373413085938,46.84702682495117,65.6947021484375,169.61000061035156,129.68727111816406,343.8451843261719,396.20623779296875,126.14620971679688
2021-07-20,142.33721923828125,46.9981803894043,66.17308807373047,169.38999938964844,132.1050567626953,347.83935546875,401.88397216796875,124.93022918701172
2021-07-21,141.60684204101562,47.30047607421875,67.18116760253906,168.75999450683594,134.8846435546875,350.5248718261719,405.13775634765625,123.34776306152344
2021-07-22,142.9702606201172,47.38938903808594,67.20677947998047,169.08999633789062,133.18157958984375,352.8418884277344,405.98614501953125,124.51372528076172
2021-07-23,144.6844024658203,46.686988830566406,67.67664337158203,168.55999755859375,132.92568969726562,356.9621887207031,410.162841796875,123.6809310913086
2021-07-26,145.10316467285156,45.79787826538086,67.77061462402344,168.16000366210938,133.8169403076172,357.2432556152344,411.1697692871094,123.31446838378906
2021-07-27,142.94107055664062,44.87321472167969,67.49725341796875,168.44000244140625,133.64044189453125,353.3072814941406,409.29583740234375,124.63040161132812
2021-07-28,141.19775390625,46.09129333496094,67.78768920898438,169.2899932861328,133.86109924316406,354.6645812988281,409.1280517578125,124.63868713378906
2021-07-29,141.84054565429688,46.32245635986328,68.2575454711914,171.1699981689453,135.0081787109375,355.2947692871094,410.8248291015625,123.94735717773438
2021-07-30,142.05477905273438,45.877906799316406,67.90728759765625,169.82000732421875,133.9315948486328,353.4430236816406,408.8297119140625,124.53047943115234
2021-08-02,141.72366333007812,46.206878662109375,68.24901580810547,169.61000061035156,133.39334106445312,353.4720764160156,407.971923828125,125.64122009277344
2021-08-03,143.51565551757812,46.4024772644043,68.73595428466797,169.49000549316406,134.91114807128906,355.6146240234375,411.2909851074219,125.70791625976562
2021-08-04,143.1163330078125,46.64253616333008,68.53092956542969,169.52999877929688,133.45513916015625,356.12835693359375,409.2678527832031,125.96639251708984
2021-08-05,143.2234649658203,46.5714111328125,68.86409759521484,168.86000061035156,135.14051818847656,358.3873291015625,411.8597412109375,125.32432556152344
2021-08-06,142.5407257080078,46.18020248413086,68.60780334472656,164.63999938964844,138.97897338867188,356.8167419433594,412.5403137207031,123.23125457763672
2021-08-09,142.4919891357422,46.33134841918945,68.57364654541016,161.72000122070312,138.8290252685547,357.4761047363281,412.2046203613281,122.789306640625
2021-08-10,142.01405334472656,46.39358901977539,68.72740936279297,161.77000427246094,140.53201293945312,355.6438293457031,412.71746826171875,122.22224426269531
2021-08-11,142.26763916015625,46.51805877685547,69.19727325439453,164.0,142.20863342285156,355.03289794921875,413.7430725097656,122.14718627929688
2021-08-12,145.2230224609375,46.109073638916016,69.13746643066406,164.0399932861328,142.76451110839844,356.31256103515625,414.9829406738281,121.9471206665039
2021-08-13,145.42782592773438,45.993492126464844,69.55607604980469,166.38999938964844,141.16737365722656,357.5632629394531,415.7382507324219,123.87334442138672
2021-08-16,147.39810180664062,45.57560348510742,69.19727325439453,167.22000122070312,140.2408447265625,357.71844482421875,416.7171325683594,124.17354583740234
2021-08-17,146.49099731445312,44.739845275878906,68.54801940917969,166.97000122070312,138.5465850830078,354.5675964355469,413.9854431152344,124.1235122680664
2021-08-18,142.7553253173828,44.81097412109375,68.2831802368164,167.10000610351562,137.2847442626953,351.1549987792969,409.4543762207031,124.54044342041016
2021-08-19,143.08692932128906,44.046348571777344,67.60829162597656,166.61000061035156,136.13768005371094,352.85162353515625,410.0883483886719,125.45767974853516
2021-08-20,144.5402374267578,44.010780334472656,67.87312316894531,166.6999969482422,136.52590942382812,356.506591796875,413.3514404296875,125.5411148071289
2021-08-23,146.0228271484375,44.6776123046875,68.50528717041016,168.72999572753906,138.2730712890625,361.8387145996094,416.98748779296875,125.45767974853516
2021-08-24,145.93504333496094,45.69118881225586,68.65052795410156,168.64999389648438,139.12901306152344,362.9439392089844,417.6494445800781,124.48208618164062
2021-08-25,144.70606994628906,45.744544982910156,68.6761703491211,167.47999572753906,141.99684143066406,363.3607482910156,418.52581787109375,123.4480972290039
2021-08-26,143.90625,45.308876037597656,68.3173599243164,167.6699981689453,142.72926330566406,361.05340576171875,416.0552673339844,123.78997039794922
2021-08-27,144.94017028808594,45.86901092529297,68.94099426269531,170.19000244140625,143.87637329101562,364.56292724609375,419.775146484375,124.63217163085938
2021-08-30,149.34881591796875,45.966819763183594,68.92391204833984,169.35000610351562,141.57327270507812,368.6541748046875,421.6211242675781,124.95744323730469
2021-08-31,148.09063720703125,46.59808349609375,68.88972473144531,169.69000244140625,141.14089965820312,368.3535461425781,420.9964294433594,124.1068115234375
2021-09-01,148.7538299560547,47.193782806396484,69.51335906982422,169.6999969482422,140.93789672851562,368.96435546875,421.2201843261719,124.31473541259766
2021-09-02,149.86578369140625,46.98040008544922,69.7952651977539,169.25,141.59095764160156,368.7898254394531,422.5160827636719,124.85742950439453
2021-09-03,150.499755859375,47.229347229003906,70.11135864257812,171.05999755859375,140.73501586914062,369.92413330078125,422.4135437011719,123.72193145751953
2021-09-07,152.83091735839844,47.50497055053711,70.16261291503906,167.7100067138672,140.48794555664062,370.4476318359375,420.9032287597656,122.6782455444336
2021-09-08,151.28982543945312,46.81147003173828,69.60733795166016,167.2899932861328,139.8614044189453,369.1582336425781,420.3904113769531,123.5132064819336
2021-09-09,150.27542114257812,46.72255325317383,69.48772430419922,168.02999877929688,140.4702911376953,367.88818359375,418.59100341796875,125.00775909423828
2021-09-10,145.30105590820312,46.669212341308594,69.33397674560547,167.17999267578125,138.85546875,365.09613037109375,415.29071044921875,123.90563201904297
2021-09-13,145.8667449951172,46.79368591308594,69.8807144165039,167.74000549316406,141.0614776611328,364.84405517578125,416.3534851074219,124.65711975097656
2021-09-14,144.47195434570312,46.4024772644043,69.59024810791016,168.82000732421875,138.59954833984375,363.8067932128906,414.1065673828125,126.16831970214844
2021-09-15,145.3595733642578,46.39358901977539,69.7952651977539,167.8300018310547,139.5614013671875,366.51153564453125,417.5655517578125,125.7258071899414
2021-09-16,145.12547302246094,45.86901092529297,69.6842041015625,164.02999877929688,139.49961853027344,366.7636413574219,416.903564453125,125.14969635009766
2021-09-17,142.4626922607422,45.67341232299805,68.77012634277344,163.77000427246094,139.13778686523438,362.4203796386719,412.8424987792969,124.548583984375
2021-09-20,139.4195556640625,44.446441650390625,67.49725341796875,164.94000244140625,134.97288513183594,354.93157958984375,405.9587097167969,126.09317016601562
2021-09-21,139.89747619628906,44.775413513183594,68.16358947753906,166.0399932861328,134.99057006835938,355.3683166503906,405.5752868652344,125.9846420288086
2021-09-22,142.25790405273438,45.335548400878906,68.50528717041016,165.4199981689453,137.5760040283203,358.68768310546875,409.531494140625,126.73609161376953
2021-09-23,143.21376037597656,45.69118881225586,69.24853515625,163.50999450683594,142.22622680664062,361.9971618652344,414.5072937011719,123.87220001220703
2021-09-24,143.3015594482422,45.14883804321289,68.59927368164062,163.3000030517578,143.86753845214844,362.3368835449219,415.19012451171875,122.66154479980469
2021-09-27,141.78970336914062,45.44224166870117,68.55654907226562,163.63999938964844,147.34420776367188,359.4446716308594,414.0023193359375,122.21067810058594
2021-09-28,138.4149169921875,44.855430603027344,67.06155395507812,162.0500030517578,146.55003356933594,349.273193359375,405.659423828125,120.30701446533203
2021-09-29,139.31227111816406,44.43755340576172,66.90778350830078,161.32000732421875,146.43536376953125,348.7006530761719,406.3421630859375,120.5157241821289
2021-09-30,138.01502990722656,44.79319763183594,66.64295196533203,164.22000122070312,144.44113159179688,347.4194641113281,401.37567138671875,120.49903106689453
2021-10-01,139.13671875,44.74874496459961,66.80526733398438,164.58999633789062,147.47659301757812,349.5740661621094,406.14569091796875,121.51311492919922
2021-10-04,135.71315002441406,44.090797424316406,66.10475158691406,165.36000061035156,147.31776428222656,342.2366943359375,400.9080505371094,121.20380401611328
2021-10-05,137.6346435546875,44.4019889831543,66.55753326416016,164.58999633789062,149.7234649658203,346.8565979003906,405.0795593261719,120.033447265625
2021-10-06,138.50270080566406,44.153038024902344,66.11328887939453,165.02999877929688,150.04306030273438,349.0791015625,406.7630615234375,120.7105941772461
2021-10-07,139.76092529296875,45.015472412109375,66.6258773803711,164.16000366210938,150.99293518066406,352.281982421875,410.2796630859375,119.44819641113281
2021-10-08,139.3805389404297,45.18439865112305,66.6173324584961,164.22999572753906,151.10830688476562,350.5252685546875,409.531494140625,118.6121826171875
2021-10-11,139.2927703857422,45.09549331665039,66.40375518798828,163.9199981689453,147.93028259277344,347.8369140625,406.566650390625,118.31123352050781
2021-10-12,138.0247802734375,44.864315032958984,66.43791198730469,164.66000366210938,146.79397583007812,346.6236877441406,405.56591796875,120.33440399169922
2021-10-13,137.4395294189453,45.4866943359375,67.0957260131836,167.58999633789062,142.9234619140625,349.3994140625,407.0248718261719,121.50475311279297
2021-10-14,140.21934509277344,45.62895584106445,67.76206970214844,168.0,145.11618041992188,355.834228515625,413.87127685546875,121.9561996459961
2021-10-15,141.2727508544922,46.18020248413086,68.32589721679688,165.3300018310547,147.90365600585938,358.07611083984375,417.0232849121094,121.24561309814453
2021-10-18,142.94065856933594,46.06462478637695,68.03544616699219,164.9199981689453,147.85037231445312,361.6768798828125,418.2579040527344,121.81409454345703
2021-10-19,145.09619140625,46.678104400634766,68.44550323486328,165.4499969482422,149.64358520507812,364.4139099121094,421.4847412109375,120.13369750976562
2021-10-20,145.58387756347656,46.669212341308594,68.6846923828125,166.89999389648438,151.65872192382812,363.9382629394531,423.1402282714844,119.3227767944336
2021-10-21,145.79849243164062,46.36691665649414,68.36006164550781,166.75,150.46914672851562,366.1609802246094,424.2438049316406,119.18067932128906
2021-10-22,145.02792358398438,46.26911544799805,68.77012634277344,167.77000427246094,152.4931640625,363.084228515625,423.80426025390625,120.49320983886719
2021-10-25,144.97921752929688,46.509178161621094,68.6334457397461,168.92999267578125,151.7475128173828,366.8014221191406,426.0770263671875,120.30928039550781
2021-10-26,145.64244079589844,46.26911544799805,68.77012634277344,167.67999267578125,152.1558074951172,367.95635986328125,426.46051025390625,121.30413055419922
2021-10-27,145.1840057373047,45.895687103271484,68.49676513671875,168.1199951171875,148.9866485595703,368.8104553222656,424.5711975097656,123.51114654541016
2021-10-28,148.8123779296875,45.94013977050781,69.16309356689453,168.0800018310547,151.2326202392578,372.90631103515625,428.6678466796875,123.0931625366211
2021-10-29,146.11061096191406,45.273311614990234,68.76158905029297,166.64999389648438,150.81533813476562,374.7405700683594,429.53759765625,123.4693832397461
2021-11-01,145.2913360595703,45.62895584106445,69.42792510986328,167.52000427246094,150.73548889160156,376.02178955078125,430.2765197753906,122.58040618896484
2021-11-02,146.3251953125,45.2199592590332,69.28270721435547,167.16000366210938,151.3302459716797,377.59405517578125,432.0162658691406,123.12451934814453
2021-11-03,147.75900268554688,45.43335723876953,69.84652709960938,165.77000427246094,151.3834686279297,381.6024169921875,434.65374755859375,121.85221862792969
2021-11-04,147.24200439453125,45.32666015625,69.80381774902344,167.64999389648438,149.39501953125,386.4940185546875,436.70208740234375,123.13288879394531
2021-11-05,147.76951599121094,45.273311614990234,69.90633392333984,169.83999633789062,149.1819305419922,386.8627624511719,438.2172546386719,124.97439575195312
2021-11-08,146.94900512695312,45.69118881225586,69.89778900146484,170.4499969482422,150.07858276367188,386.33868408203125,438.5914001464844,124.74005889892578
2021-11-09,147.31039428710938,45.513370513916016,69.74402618408203,171.2899932861328,148.94224548339844,383.6793212890625,437.14166259765625,126.3639907836914
2021-11-10,144.48745727539062,45.32666015625,68.89826202392578,173.14999389648438,148.8002471923828,378.04052734375,433.6249084472656,124.05364227294922
2021-11-11,144.43861389160156,46.109073638916016,69.1460189819336,174.1199951171875,148.79136657714844,379.0886535644531,433.7652282714844,123.86946105957031
2021-11-12,146.50941467285156,46.233551025390625,69.52189636230469,174.4499969482422,148.12557983398438,383.07769775390625,437.0387878417969,123.32536315917969
2021-11-15,146.51919555664062,46.08240509033203,69.3937759399414,174.17999267578125,147.85923767089844,382.9902648925781,437.1884765625,121.77685546875
2021-11-16,147.4959716796875,46.14464569091797,69.23999786376953,172.9199981689453,146.79397583007812,385.7175598144531,438.91876220703125,121.46704864501953
2021-11-17,149.92820739746094,45.904579162597656,69.154541015625,174.5,146.00389099121094,385.92138671875,437.85247802734375,122.42969512939453
2021-11-18,154.20654296875,45.344444274902344,69.22290802001953,173.94000244140625,144.7433624267578,389.92010498046875,439.339599609375,122.89012908935547
2021-11-19,156.82437133789062,45.273311614990234,68.6334457397461,172.61000061035156,142.85247802734375,392.0940246582031,438.5539855957031,124.18751525878906
2021-11-22,157.2834930419922,44.908782958984375,68.23193359375,168.74000549316406,145.89736938476562,387.5421447753906,437.3194274902344,122.73110961914062
2021-11-23,157.66445922851562,44.864315032958984,68.16358947753906,167.27999877929688,149.38613891601562,385.7757263183594,437.8992919921875,120.9565200805664
2021-11-24,158.18209838867188,44.80208206176758,67.71080780029297,167.1199951171875,148.21434020996094,387.01812744140625,439.068359375,122.89849853515625
2021-11-26,153.17117309570312,43.29949951171875,65.89118194580078,166.85000610351562,143.7490692138672,379.6806945800781,429.2757873535156,126.0040054321289
2021-11-29,156.52157592773438,43.46842575073242,66.22434997558594,166.6199951171875,143.12767028808594,387.9207458496094,434.54150390625,124.99114990234375
2021-11-30,161.46417236328125,43.423973083496094,65.64344024658203,165.5,140.9971466064453,382.22357177734375,426.08642578125,126.89134216308594
2021-12-01,160.9464569091797,43.584007263183594,65.26756286621094,166.16000366210938,140.1626739501953,375.7208557128906,421.35369873046875,127.67405700683594
2021-12-02,159.95989990234375,44.11746597290039,66.0791244506836,165.24000549316406,143.1099395751953,378.42864990234375,427.8073425292969,127.8333511352539
2021-12-03,158.08444213867188,43.49509811401367,65.80575561523438,166.6300048828125,140.51776123046875,371.848388671875,424.0848693847656,129.358642578125
2021-12-06,161.4836883544922,43.83296585083008,66.43791198730469,166.22000122070312,142.17784118652344,374.8279724121094,429.10748291015625,127.58192443847656
2021-12-07,167.2076873779297,44.526466369628906,67.8389663696289,166.80999755859375,144.31723022460938,386.1155090332031,437.9833984375,126.55105590820312
2021-12-08,171.0171661376953,44.704280853271484,67.96709442138672,166.89999389648438,142.6660614013672,387.8430480957031,439.1432189941406,124.36361694335938
2021-12-09,170.50929260253906,44.490901947021484,67.40326690673828,165.8800048828125,142.4441680908203,382.1361999511719,436.1783447265625,125.05925750732422
2021-12-10,175.2858123779297,44.526466369628906,67.54850006103516,166.5800018310547,141.87600708007812,386.2901916503906,440.2842712402344,124.75756072998047
2021-12-13,171.66189575195312,43.82032012939453,66.91575622558594,167.0,140.18934631347656,380.7094421386719,436.3841247558594,126.60134887695312
2021-12-14,170.2846221923828,43.72112274169922,66.55940246582031,165.44000244140625,141.2634735107422,376.7690124511719,433.3817443847656,126.29962921142578
2021-12-15,175.1392822265625,43.5948600769043,67.46333312988281,166.14999389648438,140.2070770263672,385.35845947265625,440.1533508300781,125.08442687988281
2021-12-16,168.26268005371094,43.64897918701172,67.47200775146484,168.16000366210938,142.39976501464844,375.4490966796875,436.2718505859375,125.13306427001953
2021-12-17,167.16859436035156,43.43252944946289,66.62024688720703,167.8000030517578,139.15956115722656,373.5759582519531,431.62872314453125,126.551025390625
2021-12-20,165.81088256835938,42.783206939697266,66.47248840332031,167.08999633789062,136.6561737060547,369.9520263671875,427.03900146484375,125.60295867919922
2021-12-21,168.97569274902344,43.50468444824219,67.21126556396484,167.02000427246094,138.56478881835938,378.2318115234375,434.62274169921875,125.12468719482422
2021-12-22,171.5641632080078,43.71210861206055,67.8370590209961,168.58999633789062,139.10629272460938,382.8380432128906,438.9684143066406,125.70360565185547
2021-12-23,172.18939208984375,43.93756103515625,68.23686218261719,168.97000122070312,139.60342407226562,385.72430419921875,441.69970703125,124.61285400390625
2021-12-27,176.14537048339844,44.13596725463867,68.76705169677734,169.3699951171875,140.40237426757812,392.09930419921875,447.95068359375,124.9148941040039
2021-12-28,175.12948608398438,43.99167251586914,68.7931137084961,168.63999938964844,140.82846069335938,390.28192138671875,447.58465576171875,124.41988372802734
2021-12-29,175.21743774414062,43.793270111083984,68.76705169677734,168.58999633789062,140.7574462890625,390.22369384765625,448.1571960449219,123.06063842773438
2021-12-30,174.06480407714844,44.29495620727539,68.58676147460938,169.8000030517578,140.68641662597656,389.0575256347656,446.91827392578125,124.0926742553711
2021-12-31,173.44940185546875,44.078399658203125,68.52578735351562,170.9600067138672,140.571044921875,386.6280517578125,445.7918701171875,124.33600616455078
2022-01-03,177.78639221191406,44.39421081542969,68.96996307373047,168.3300018310547,143.544921875,390.3500671386719,448.373046875,121.07217407226562
2022-01-04,175.5299835205078,44.24081802368164,69.36190032958984,169.57000732421875,148.9866485595703,385.2870178222656,448.2228698730469,120.5687026977539
2022-01-05,170.86093139648438,43.51896286010742,68.75224304199219,169.05999755859375,146.2628631591797,373.4505310058594,439.61602783203125,119.91424560546875
2022-01-06,168.00872802734375,43.71747589111328,68.40386962890625,166.99000549316406,147.81678771972656,373.1881408691406,439.2030334472656,120.22470092773438
2022-01-07,168.17477416992188,44.11449432373047,68.60418701171875,167.75,149.28138732910156,369.1455078125,437.4666442871094,119.36053466796875
2022-01-10,168.1942901611328,44.11449432373047,67.96839141845703,168.25999450683594,149.42425537109375,369.3883972167969,436.92230224609375,119.6541748046875
2022-01-11,171.0171661376953,45.134117126464844,68.70870208740234,170.2899932861328,149.5760955810547,374.9373474121094,440.90185546875,120.45127868652344
2022-01-12,171.4567413330078,45.88304138183594,69.37932586669922,170.74000549316406,150.4244842529297,376.42425537109375,442.0938720703125,119.98979187011719
2022-01-13,168.1942901611328,45.23337173461914,68.87417602539062,170.16000366210938,150.23692321777344,367.0075378417969,436.0024719238281,121.05534362792969
2022-01-14,169.05384826660156,45.21533203125,68.80450439453125,169.6699981689453,141.0028533935547,369.2912902832031,436.1808166503906,119.22628784179688
2022-01-18,165.85975646972656,44.412261962890625,67.79420471191406,169.38999938964844,135.09092712402344,360.09814453125,428.45623779296875,117.54818725585938
2022-01-19,162.37258911132812,44.60175323486328,67.73321533203125,172.0800018310547,133.0011444091797,356.1429443359375,424.0073547363281,118.36213684082031
2022-01-20,160.69253540039062,44.86341857910156,67.40228271484375,171.64999389648438,131.86700439453125,351.51715087890625,419.314453125,119.09207916259766
2022-01-21,158.64122009277344,44.21375274658203,66.48777770996094,171.08999633789062,129.5629425048828,341.7701416015625,411.0829162597656,120.510009765625
2022-01-24,157.86953735351562,43.591148376464844,65.82588195800781,172.02999877929688,129.44683837890625,343.3346862792969,412.82867431640625,119.51996612548828
2022-01-25,156.07225036621094,43.509944915771484,65.42523193359375,172.5800018310547,130.85784912109375,335.37567138671875,407.7884826660156,119.32695007324219
2022-01-26,155.98434448242188,42.95952606201172,65.17266082763672,169.7899932861328,132.0991668701172,334.85089111328125,406.7654113769531,117.88387298583984
2022-01-27,155.5252685546875,42.46324920654297,64.86784362792969,167.60000610351562,129.76832580566406,331.478759765625,404.7568359375,120.04853057861328
2022-01-28,166.37747192382812,42.6707878112793,65.0855712890625,167.10000610351562,130.92930603027344,341.87701416015625,414.8091125488281,120.09049987792969
2022-01-31,170.72415161132812,44.06938171386719,66.03489685058594,168.08999633789062,132.7064666748047,352.80963134765625,422.2802734375,119.4695816040039
2022-02-01,170.55813598632812,44.3400764465332,66.66197967529297,168.22999572753906,134.9837188720703,355.2099609375,425.1335754394531,119.07304382324219
2022-02-02,171.75955200195312,44.26789093017578,67.15841674804688,168.83999633789062,133.9031524658203,358.0962829589844,429.26336669921875,119.47628021240234
2022-02-03,168.88780212402344,43.798675537109375,66.09587097167969,168.60000610351562,132.79571533203125,343.57757568359375,419.1736145019531,118.54371643066406
2022-02-04,168.60418701171875,43.90696334838867,66.25263977050781,168.86000061035156,136.2428741455078,347.9117431640625,421.1446838378906,116.79608154296875
2022-02-07,167.8902130126953,43.81673049926758,66.36585235595703,170.11000061035156,136.69837951660156,345.1130065917969,419.7930603027344,116.87169647216797
2022-02-08,170.9906005859375,44.24081802368164,66.70552062988281,170.6300048828125,139.27032470703125,348.99053955078125,423.2470703125,116.09028625488281
2022-02-09,172.40875244140625,44.935604095458984,67.7854995727539,171.2100067138672,139.85081481933594,356.3859558105469,429.4417419433594,116.30876159667969
2022-02-10,168.3401336669922,44.637840270996094,66.92325592041016,170.55999755859375,139.27032470703125,348.3199768066406,421.7265625,114.4603500366211
2022-02-11,164.93649291992188,43.96110534667969,65.9129638671875,173.80999755859375,137.4574432373047,337.27069091796875,413.41058349609375,116.15750122070312
2022-02-14,165.17124938964844,43.654319763183594,65.48621368408203,174.74000549316406,136.180419921875,337.68853759765625,412.0590515136719,114.71240234375
2022-02-15,168.99537658691406,44.60175323486328,66.6881103515625,173.0800018310547,138.17185974121094,346.08489990234375,418.7042541503906,113.41007232666016
2022-02-16,168.76065063476562,44.92658615112305,66.940673828125,174.86000061035156,138.4219207763672,345.9974365234375,419.1736145019531,114.08226013183594
2022-02-17,165.17124938964844,44.40324020385742,65.8607177734375,177.25,135.23377990722656,335.70611572265625,410.2194519042969,114.93083953857422
2022-02-18,163.6259307861328,43.96110534667969,65.5820083618164,177.1199951171875,135.8678741455078,331.8772277832031,407.5632629394531,116.1407470703125
2022-02-22,160.71139526367188,43.3385009765625,64.81558227539062,177.49000549316406,135.62669372558594,328.5438537597656,403.1893310546875,116.44319915771484
2022-02-23,156.5547637939453,42.83319854736328,64.28430938720703,178.2899932861328,132.78684997558594,320.1282958984375,396.0373840332031,114.8384017944336
2022-02-24,159.16607666015625,41.94892501831055,63.42207717895508,177.13999938964844,129.0896453857422,330.88592529296875,401.99737548828125,114.9140625
2022-02-25,161.22976684570312,42.724918365478516,65.0071792602539,176.5500030517578,132.14382934570312,336.01702880859375,410.8670959472656,114.99805450439453
2022-02-28,161.49383544921875,42.16548538208008,63.770450592041016,178.3800048828125,126.6337661743164,337.01800537109375,409.8158264160156,117.51864624023438
2022-03-01,159.61598205566406,41.60604476928711,62.376949310302734,181.6199951171875,121.85594177246094,331.85772705078125,403.57421875,118.87738800048828
2022-03-02,162.90216064453125,41.67823028564453,63.160789489746094,179.72999572753906,124.38328552246094,337.4261474609375,410.9983825683594,114.81385803222656
2022-03-03,162.5794677734375,41.09172058105469,61.915340423583984,180.8000030517578,123.49916076660156,332.6060485839844,408.95233154296875,115.98326110839844
2022-03-04,159.58665466308594,40.2615852355957,60.121185302734375,183.67999267578125,120.02522277832031,327.7860107421875,405.6297607421875,117.98558807373047
2022-03-07,155.80165100097656,38.75471115112305,58.213829040527344,186.41000366210938,115.39031219482422,315.6968994140625,393.6720886230469,117.08537292480469
2022-03-08,153.98248291015625,38.88103485107422,58.71897506713867,191.50999450683594,114.57766723632812,314.22943115234375,390.68743896484375,115.90756225585938
2022-03-09,159.3714599609375,39.98186492919922,61.17503356933594,185.82000732421875,119.16790771484375,325.54119873046875,401.16204833984375,114.77179718017578
2022-03-10,155.0387725830078,39.23293685913086,60.44345474243164,186.39999389648438,117.75691223144531,321.9260559082031,399.3506164550781,113.12279510498047
2022-03-11,151.33197021484375,38.41182327270508,59.79024124145508,185.08999633789062,115.10455322265625,315.2498474121094,394.2727355957031,113.50142669677734
2022-03-14,147.312255859375,37.48244094848633,60.33893585205078,182.3000030517578,116.24764251708984,309.195556640625,391.391357421875,110.85124206542969
2022-03-15,151.68409729003906,37.53657150268555,60.913761138916016,178.88999938964844,118.31058502197266,318.8940124511719,399.99822998046875,110.65777587890625
2022-03-16,156.08523559570312,40.55935287475586,63.09982681274414,180.00999450683594,123.5973892211914,330.72076416015625,408.867919921875,111.74308013916016
2022-03-17,157.0926513671875,40.3518180847168,63.63108825683594,180.88999938964844,125.16023254394531,334.72454833984375,413.983154296875,110.9101333618164
2022-03-18,160.3788604736328,40.929298400878906,64.24947357177734,179.3000030517578,125.11557006835938,341.5757141113281,418.5174560546875,112.2646484375
2022-03-21,161.7481231689453,40.29767990112305,63.84883117675781,180.6699981689453,124.71371459960938,340.6261291503906,418.39508056640625,109.66503143310547
2022-03-22,165.11257934570312,41.028560638427734,64.44978332519531,179.36000061035156,127.36603546142578,347.32025146484375,423.2908630371094,108.26000213623047
2022-03-23,166.4720916748047,40.75786209106445,63.613685607910156,181.80999755859375,124.82979583740234,342.328857421875,417.83953857421875,110.63252258300781
2022-03-24,170.24729919433594,40.97441864013672,64.20591735839844,183.1300048828125,125.64249420166016,349.9376220703125,424.1382141113281,109.76595306396484
2022-03-25,170.88299560546875,40.64958190917969,64.24075317382812,182.3800048828125,126.74092102050781,349.6457824707031,426.20953369140625,108.24319458007812
2022-03-28,171.74366760253906,40.784934997558594,64.03173065185547,179.05999755859375,125.80322265625,355.0555725097656,429.24114990234375,109.16863250732422
2022-03-29,175.02989196777344,41.47971725463867,65.45137786865234,179.13999938964844,126.08003997802734,361.1659851074219,434.55133056640625,109.99311828613281
2022-03-30,173.86602783203125,41.36241149902344,65.18136596679688,180.5800018310547,125.50852966308594,357.1767272949219,431.8679504394531,110.85124206542969
2022-03-31,170.77542114257812,40.739810943603516,64.10140228271484,180.64999389648438,121.73987579345703,352.74957275390625,425.220947265625,111.12047576904297
2022-04-01,170.48202514648438,41.416561126708984,64.70236206054688,179.5,120.83788299560547,352.0782165527344,426.42608642578125,111.54347229003906
2022-04-04,174.5212860107422,42.147430419921875,64.96363830566406,180.3699951171875,121.37372589111328,359.3270263671875,430.0791015625,110.768310546875
2022-04-05,171.21554565429688,41.371437072753906,64.08399200439453,179.24000549316406,119.96123504638672,351.3485107421875,424.646728515625,108.26573181152344
2022-04-06,168.0564727783203,40.83004379272461,63.31755447387695,179.66000366210938,118.2968978881836,343.7202453613281,420.4004821777344,107.3894271850586
2022-04-07,168.359619140625,40.505210876464844,63.456912994384766,180.33999633789062,117.93700408935547,344.5375671386719,422.5188903808594,106.58052825927734
2022-04-08,166.35467529296875,40.54130172729492,63.48303985595703,181.47000122070312,120.09619903564453,339.7211608886719,421.3890686035156,105.42619323730469
2022-04-11,162.1099853515625,40.0360107421875,62.812416076660156,182.3699951171875,119.65534210205078,331.6843566894531,414.18658447265625,103.7578353881836
2022-04-12,163.97805786132812,39.9096794128418,62.34210205078125,183.77000427246094,118.34185791015625,330.2831115722656,412.65191650390625,103.61457824707031
2022-04-13,166.65786743164062,40.43302536010742,63.01272964477539,184.64999389648438,114.52729034423828,336.99688720703125,417.3782043457031,103.82524871826172
2022-04-14,161.66006469726562,39.9096794128418,62.72530746459961,184.0399932861328,113.46569061279297,329.29071044921875,412.18109130859375,101.74405670166016
2022-04-18,161.44491577148438,39.774330139160156,62.359519958496094,184.61000061035156,115.57089233398438,329.5435791015625,412.3506164550781,101.23847961425781
2022-04-19,163.72372436523438,39.5758171081543,62.655635833740234,181.82000732421875,117.9639892578125,336.9092102050781,419.0069885253906,100.48015594482422
2022-04-20,163.5574493408203,39.341217041015625,63.07367706298828,182.7100067138672,118.37783813476562,331.9956359863281,418.6963195800781,102.50238037109375
2022-04-21,162.7653045654297,38.5832633972168,62.39435577392578,182.05999755859375,117.46017456054688,325.1262512207031,412.43536376953125,101.74405670166016
2022-04-22,158.23695373535156,38.240386962890625,61.375362396240234,180.2899932861328,114.0864486694336,316.612548828125,401.1184997558594,101.1036605834961
2022-04-25,159.3030242919922,37.96066665649414,61.079219818115234,177.0500030517578,114.05046081542969,320.6797180175781,403.4440002441406,102.11475372314453
2022-04-26,153.35655212402344,37.130523681640625,59.372188568115234,177.32000732421875,110.67670440673828,308.5756530761719,391.7598876953125,103.14274597167969
2022-04-27,153.131591796875,37.56364822387695,59.64217758178711,175.97999572753906,109.23725128173828,308.20587158203125,392.8614501953125,101.81985473632812
2022-04-28,160.04632568359375,38.105037689208984,60.486995697021484,176.92999267578125,110.96461486816406,319.152099609375,402.7849426269531,101.97151947021484
2022-04-29,154.18789672851562,38.240386962890625,59.781524658203125,176.91000366210938,107.38394927978516,304.7906494140625,387.89971923828125,100.64861297607422
2022-05-02,154.49105834960938,38.18624496459961,59.633460998535156,173.6300048828125,108.36457824707031,309.87945556640625,390.23468017578125,98.90400695800781
2022-05-03,155.9776611328125,38.465965270996094,60.07764434814453,174.08999633789062,110.68571472167969,310.21026611328125,392.0235290527344,99.57083129882812
2022-05-04,162.37408447265625,38.88103485107422,61.131492614746094,175.8000030517578,114.34734344482422,320.6991271972656,403.9617614746094,100.11941528320312
2022-05-05,153.32720947265625,37.44633865356445,59.16315460205078,175.1300048828125,111.4864273071289,304.5473937988281,389.6038818359375,97.3763198852539
2022-05-06,154.052001953125,36.93201446533203,58.58832931518555,175.4199981689453,111.30648040771484,300.89874267578125,387.2783508300781,95.94145965576172
2022-05-09,148.93911743164062,35.86727523803711,56.82032012939453,172.8800048828125,109.63310241699219,289.1254577636719,374.8788146972656,96.7854995727539
2022-05-10,151.33885192871094,36.03871536254883,57.2470817565918,171.4199981689453,106.96109771728516,292.6380615234375,375.74493408203125,97.66329193115234
2022-05-11,143.4932403564453,35.786067962646484,56.90740966796875,172.82000732421875,106.2863540649414,283.95880126953125,369.77581787109375,99.54550170898438
2022-05-12,139.63412475585938,35.55146789550781,56.768062591552734,170.1699981689453,106.1963882446289,283.2875061035156,369.3897705078125,99.35982513427734
2022-05-13,144.0907440185547,36.534996032714844,58.3444709777832,168.7899932861328,107.14103698730469,293.78607177734375,378.2210693359375,97.89118957519531
2022-05-16,142.55294799804688,36.390628814697266,58.39673614501953,170.39999389648438,106.3943099975586,290.3806457519531,376.6864318847656,97.78984832763672
2022-05-17,146.17703247070312,37.28392791748047,59.485416412353516,169.3300018310547,109.9209976196289,297.90179443359375,384.4350280761719,96.60823059082031
2022-05-18,137.92982482910156,36.390628814697266,58.065773010253906,169.4199981689453,108.04070281982422,283.2777404785156,368.9378662109375,98.66767883300781
2022-05-19,134.53103637695312,36.96811294555664,58.6231689453125,171.91000366210938,106.43929290771484,281.7598876953125,366.67822265625,98.90400695800781
2022-05-20,134.76612854003906,37.12150192260742,59.023807525634766,172.02999877929688,105.56661987304688,280.8841857910156,366.8382568359375,100.02657318115234
2022-05-23,140.17283630371094,37.4012336730957,60.025394439697266,172.8300018310547,112.09818267822266,285.5545959472656,373.7018737792969,98.38069915771484
2022-05-24,137.4792938232422,36.751548767089844,59.92958068847656,174.1300048828125,113.68161010742188,279.4830627441406,370.8490905761719,100.322021484375
2022-05-25,137.63597106933594,36.93201446533203,59.94700241088867,173.0800018310547,114.47329711914062,283.39453125,374.1255187988281,100.71868896484375
2022-05-26,140.82907104492188,37.50950241088867,60.60892105102539,172.75999450683594,116.45256042480469,291.2465515136719,381.6011047363281,100.26290893554688
2022-05-27,146.56883239746094,37.94261932373047,61.34050750732422,172.85000610351562,118.09894561767578,300.7528076171875,390.9690246582031,100.5076904296875
2022-05-31,145.7852020263672,38.47499084472656,60.97471618652344,171.13999938964844,118.96260833740234,299.95489501953125,388.7753601074219,98.38069915771484
2022-06-01,145.65794372558594,38.20428466796875,60.33021926879883,172.22999572753906,116.87540435791016,297.73638916015625,385.6307373046875,98.26825714111328
2022-06-02,148.1066131591797,38.86298751831055,61.584373474121094,174.35000610351562,118.75569152832031,305.89019775390625,392.97442626953125,98.31900024414062
2022-06-03,142.396240234375,38.231361389160156,60.7047233581543,172.5800018310547,117.10033416748047,297.9310607910156,386.5251770019531,98.10762023925781
2022-06-06,143.14064025878906,38.43889236450195,60.9485969543457,171.82000732421875,116.71343994140625,298.9235534667969,387.7019958496094,96.29815673828125
2022-06-07,145.65794372558594,38.55620193481445,61.131492614746094,172.94000244140625,117.01935577392578,301.5019226074219,391.4210205078125,97.33818054199219
2022-06-08,144.9232940673828,38.76373291015625,60.2779655456543,172.77999877929688,115.15705871582031,299.33209228515625,387.1653747558594,96.47572326660156
2022-06-09,139.71249389648438,37.84646224975586,59.0120849609375,172.22999572753906,112.73695373535156,291.314697265625,377.9574279785156,96.79704284667969
2022-06-10,134.31561279296875,37.4278678894043,57.587745666503906,174.5399932861328,107.55487823486328,281.03985595703125,366.9982604980469,96.19666290283203
2022-06-13,129.17332458496094,36.11747741699219,55.68269729614258,169.92999267578125,104.35208129882812,267.9725341796875,353.0641174316406,93.17813873291016
2022-06-14,130.03529357910156,36.617977142333984,55.157474517822266,168.57000732421875,102.61573028564453,268.4590148925781,352.000244140625,92.00281524658203
2022-06-15,132.65042114257812,37.10026931762695,56.19011688232422,170.77000427246094,103.83026123046875,275.1629333496094,357.0184631347656,93.71927642822266
2022-06-16,127.39067077636719,35.9627799987793,54.95272445678711,172.69000244140625,102.04894256591797,264.0611572265625,345.2025146484375,94.46337890625
2022-06-17,128.85986328125,36.09927749633789,54.73017120361328,171.27000427246094,101.68905639648438,267.27197265625,345.9466247558594,94.76773834228516
2022-06-21,133.08143615722656,36.68166732788086,55.558067321777344,170.6300048828125,104.2081298828125,274.0151062011719,354.6553955078125,93.16119384765625
2022-06-22,132.57212829589844,36.02648162841797,55.184181213378906,171.30999755859375,103.62335205078125,273.6154479980469,354.012451171875,95.72320556640625
2022-06-23,135.43215942382812,36.13567352294922,55.121864318847656,170.25999450683594,102.48977661132812,277.6903991699219,357.482666015625,96.509521484375
2022-06-24,138.7526092529297,36.991065979003906,56.76875686645508,170.08999633789062,105.54862976074219,287.2050476074219,368.8484191894531,95.173583984375
2022-06-27,138.7526092529297,37.03657150268555,56.52840042114258,169.89999389648438,104.70294952392578,285.0993957519531,367.4395446777344,94.3619155883789
2022-06-28,134.61915588378906,36.8090705871582,56.145606994628906,169.6199951171875,104.19912719726562,276.4133605957031,359.93170166015625,94.80155181884766
2022-06-29,136.37246704101562,36.66347122192383,55.93196105957031,169.49000549316406,103.73129272460938,276.66680908203125,359.6385192871094,96.2812271118164
2022-06-30,133.9140167236328,36.490570068359375,55.6292839050293,168.4600067138672,101.31121826171875,273.23516845703125,356.7167663574219,97.12680053710938
2022-07-01,136.07859802246094,36.2630729675293,55.762813568115234,168.32000732421875,102.60672760009766,275.03875732421875,360.4895935058594,98.12397003173828
2022-07-05,138.65463256835938,35.980979919433594,54.56993865966797,164.75,102.2164535522461,279.74737548828125,361.1703796386719,98.89495849609375
2022-07-06,139.98667907714844,35.7625846862793,54.614444732666016,162.13999938964844,101.55388641357422,281.5411682128906,362.3901672363281,97.2343978881836
2022-07-07,143.34632873535156,36.481475830078125,55.44234085083008,162.22999572753906,104.12245178222656,287.5657653808594,367.8176574707031,96.37869262695312
2022-07-08,144.02218627929688,36.481475830078125,55.50465393066406,162.3000030517578,103.79571533203125,287.9264831542969,367.51519775390625,95.31121063232422
2022-07-11,141.8966827392578,35.507781982421875,54.60554504394531,161.42999267578125,102.43428039550781,281.7750549316406,363.31683349609375,96.95480346679688
2022-07-12,142.8663787841797,35.37128829956055,54.596641540527344,160.8300018310547,102.53411102294922,279.0454406738281,360.1018981933594,97.53092956542969
2022-07-13,142.50399780273438,35.28938674926758,54.56993865966797,161.60000610351562,101.5720443725586,278.4703063964844,358.21075439453125,98.64920043945312
2022-07-14,145.42282104492188,34.97089385986328,53.804351806640625,159.3300018310547,98.02323150634766,279.4646301269531,357.3408508300781,97.8443603515625
2022-07-15,147.08792114257812,35.15288543701172,54.65895462036133,159.00999450683594,102.51595306396484,284.533935546875,364.16790771484375,98.3950424194336
2022-07-18,144.05157470703125,35.398590087890625,54.88151168823242,159.16000366210938,101.46311950683594,282.1259460449219,361.1610107421875,97.36992645263672
2022-07-19,147.90089416503906,35.980979919433594,56.3770637512207,159.5399932861328,103.97722625732422,290.8023376464844,370.9191589355469,96.84467315673828
2022-07-20,149.89901733398438,35.82627868652344,56.003173828125,158.0399932861328,103.95907592773438,295.4133605957031,373.28314208984375,97.0988540649414
2022-07-21,152.16163635253906,36.235774993896484,56.58181381225586,160.27000427246094,104.66703033447266,299.65411376953125,377.08428955078125,98.77632141113281
2022-07-22,150.9274444580078,35.87178039550781,56.43938064575195,160.6699981689453,104.15876007080078,294.399658203125,373.58575439453125,100.43685913085938
2022-07-25,149.81085205078125,35.99917984008789,56.87557601928711,160.22999572753906,104.5762710571289,292.72283935546875,374.0396423339844,99.4540786743164
2022-07-26,148.4885711669922,35.71708297729492,56.08329391479492,160.0399932861328,102.94254302978516,286.9710388183594,369.6143493652344,99.53031921386719
2022-07-27,153.57205200195312,36.38137435913086,57.40970230102539,161.6699981689453,104.59441375732422,299.09844970703125,379.2118835449219,98.9711685180664
2022-07-28,154.12057495117188,36.536075592041016,57.70347213745117,163.63999938964844,104.20413970947266,302.02301025390625,383.9681091308594,99.75908660888672
2022-07-29,159.17465209960938,36.36317825317383,58.50467300415039,164.10000610351562,104.70333099365234,307.5310363769531,389.5658874511719,99.48796081542969
2022-08-01,158.1951904296875,36.053775787353516,58.58478546142578,165.02999877929688,103.65956115722656,307.3457336425781,388.4122619628906,101.88400268554688
2022-08-02,156.72598266601562,35.88088607788086,57.65006637573242,164.0500030517578,102.04399108886719,306.42938232421875,385.8498229980469,99.7281265258789
2022-08-03,162.7203826904297,36.16298294067383,57.988346099853516,164.4499969482422,103.114990234375,314.7742614746094,391.8919677734375,101.29837036132812
2022-08-04,162.4069366455078,36.41777038574219,58.28211212158203,167.1699981689453,101.98046112060547,316.2463073730469,391.6272277832031,101.26439666748047
2022-08-05,162.18133544921875,36.45418167114258,57.872623443603516,165.2899932861328,105.06639099121094,313.66290283203125,390.9653015136719,98.85394287109375
2022-08-08,161.71054077148438,36.49967575073242,58.00615310668945,166.69000244140625,103.78663635253906,312.64898681640625,390.5115051269531,100.4495849609375
2022-08-09,161.7595977783203,36.36317825317383,57.69457244873047,167.1999969482422,104.72148132324219,309.1102600097656,388.960693359375,100.0592041015625
2022-08-10,165.99681091308594,36.81816864013672,58.994285583496094,166.77999877929688,107.45343017578125,317.73779296875,397.1304626464844,99.4056396484375
2022-08-11,165.2611846923828,36.963768005371094,58.976470947265625,166.33999633789062,109.04177856445312,315.934326171875,397.1304626464844,97.08853149414062
2022-08-12,168.802001953125,37.35506057739258,59.43048858642578,167.8699951171875,110.84794616699219,322.0857849121094,403.8535461425781,98.0730972290039
2022-08-15,169.87112426757812,37.182167053222656,59.07440185546875,165.7100067138672,111.14744567871094,324.68865966796875,405.517578125,97.98818969726562
2022-08-16,169.71417236328125,37.17306137084961,59.05659484863281,165.4199981689453,112.20936584472656,323.9282531738281,406.31195068359375,98.39562225341797
2022-08-17,171.20504760742188,37.01837158203125,58.58478546142578,164.35000610351562,111.26543426513672,320.23345947265625,403.42791748046875,97.36864471435547
2022-08-18,170.8126983642578,36.8090705871582,58.38893508911133,163.9199981689453,110.4031982421875,321.00360107421875,404.6004638671875,97.5129165649414
2022-08-19,168.2331085205078,36.30858612060547,57.587745666503906,162.72000122070312,107.67124938964844,314.7450256347656,399.1634216308594,95.94271087646484
2022-08-22,164.3588409423828,35.990074157714844,56.60851287841797,161.63999938964844,105.89231872558594,306.4586486816406,390.8518981933594,95.62020111083984
2022-08-23,164.02532958984375,36.18117904663086,56.635223388671875,162.77000427246094,104.8485336303711,306.2052001953125,389.9063415527344,95.0939712524414
2022-08-24,164.31954956054688,36.17207717895508,56.70643997192383,163.25,105.10269165039062,307.09234619140625,391.1544494628906,94.39800262451172
2022-08-25,166.77163696289062,36.95466995239258,57.32958984375,163.75,107.5986557006836,312.5223388671875,396.6766662597656,95.71355438232422
2022-08-26,160.4844970703125,36.40867233276367,55.825130462646484,161.75999450683594,104.07706451416016,299.7124938964844,383.2494812011719,96.4350357055664
2022-08-29,158.2874298095703,36.18117904663086,55.70050048828125,161.86000061035156,103.82292938232422,296.7587585449219,380.71533203125,95.63716125488281
2022-08-30,155.86476135253906,35.75348663330078,55.29990768432617,160.50999450683594,103.84110260009766,293.4540100097656,376.5358581542969,95.87483215332031
2022-08-31,154.2071533203125,35.88088607788086,54.926021575927734,159.27000427246094,103.22390747070312,291.7478332519531,373.6708068847656,94.95817565917969
2022-09-01,154.93296813964844,35.598785400390625,54.1871452331543,157.8699951171875,103.9318618774414,291.8746337890625,374.8433532714844,93.21964263916016
2022-09-02,152.82415771484375,35.271183013916016,53.83106231689453,159.25999450683594,103.20574951171875,287.7509765625,370.8908386230469,93.74700927734375
2022-09-06,151.56869506835938,34.85259246826172,53.69752502441406,158.3300018310547,103.23298645019531,285.6841735839844,369.4914245605469,91.425048828125
2022-09-07,152.97129821777344,35.1619873046875,54.169334411621094,159.94000244140625,105.19346618652344,291.45550537109375,376.1293640136719,92.87094116210938
2022-09-08,151.5000762939453,34.97089385986328,54.2049446105957,158.97999572753906,107.6440200805664,292.9666442871094,378.5877685546875,91.91834259033203
2022-09-09,154.35427856445312,35.489585876464844,55.58477783203125,159.82000732421875,108.16136169433594,299.3714294433594,384.4692687988281,92.12245178222656
2022-09-12,160.29811096191406,36.01738739013672,56.35926055908203,160.6300048828125,109.44110870361328,302.92962646484375,388.6014099121094,91.365478515625
2022-09-13,150.8918914794922,34.90719223022461,54.400794982910156,158.5399932861328,105.63818359375,286.3179016113281,371.7041015625,91.57811737060547
2022-09-14,152.33375549316406,35.0800895690918,54.578834533691406,157.92999267578125,105.39313507080078,288.58935546875,373.1224365234375,91.8928451538086
2022-09-15,149.45008850097656,34.70699691772461,54.09811782836914,154.97999572753906,106.98147583007812,283.7832336425781,368.88629150390625,91.83328247070312
2022-09-16,147.81207275390625,34.38850021362305,53.768741607666016,155.83999633789062,106.26445007324219,282.0480041503906,366.07208251953125,91.06780242919922
2022-09-19,151.51962280273438,34.49769592285156,53.9556884765625,155.9600067138672,107.24468994140625,284.2445068359375,368.9109191894531,91.2804183959961
2022-09-20,153.89328002929688,34.30659866333008,53.03877258300781,155.07000732421875,105.12991333007812,281.9786682128906,364.6763610839844,90.3703384399414
2022-09-21,150.77423095703125,33.733306884765625,52.34440612792969,155.7899932861328,102.09847259521484,276.9295959472656,358.3150329589844,91.88429260253906
2022-09-22,149.81301879882812,33.56950759887695,52.19307327270508,155.6999969482422,100.93669891357422,273.52117919921875,355.30517578125,89.53680419921875
2022-09-23,147.54725646972656,32.741416931152344,50.528377532958984,153.00999450683594,99.05792236328125,269.0678405761719,349.3521728515625,89.90254211425781
2022-09-26,147.88075256347656,32.34102249145508,49.78059768676758,151.22999572753906,96.92501068115234,267.9544372558594,345.8961181640625,88.18443298339844
2022-09-27,148.85177612304688,32.304622650146484,49.442325592041016,151.5399932861328,96.07183837890625,268.0619201660156,345.0130920410156,85.86248016357422
2022-09-28,146.9685821533203,32.58671951293945,50.63520050048828,154.69000244140625,98.01416778564453,273.39422607421875,351.8017272949219,88.73729705810547
2022-09-29,139.7495880126953,31.858726501464844,50.038761138916016,154.66000366210938,96.35319519042969,265.512939453125,344.4529724121094,88.27799987792969
2022-09-30,135.55165100097656,31.74043083190918,49.8607177734375,154.6699981689453,94.84654998779297,261.0107727050781,339.1264953613281,87.13827514648438
2022-10-03,139.72019958496094,32.259124755859375,50.848854064941406,158.42999267578125,97.77816772460938,267.13409423828125,348.0798645019531,88.5228500366211
2022-10-04,143.30023193359375,33.31471633911133,52.88743209838867,160.6999969482422,102.35259246826172,275.5330505371094,358.86572265625,88.275634765625
2022-10-05,143.59446716308594,33.33290481567383,52.32659912109375,159.80999755859375,101.08885955810547,275.386474609375,358.0301513671875,87.43157196044922
2022-10-06,142.64309692382812,33.132713317871094,51.40968704223633,159.6300048828125,99.02843475341797,273.2184753417969,354.3367919921875,86.94560241699219
2022-10-07,137.4053955078125,32.441123962402344,50.59069061279297,157.8800048828125,97.05044555664062,262.8076477050781,344.4529724121094,86.10155487060547
2022-10-10,137.7290496826172,31.98613166809082,50.305824279785156,155.47999572753906,96.14385223388672,260.1806640625,341.82293701171875,84.76298522949219
2022-10-11,136.31668090820312,31.47653579711914,49.7538948059082,155.16000366210938,93.36915588378906,256.6061706542969,339.65814208984375,85.13813018798828
2022-10-12,135.68896484375,31.51293182373047,49.59365463256836,155.99000549316406,94.88011169433594,256.5183410644531,338.5378112792969,85.5559310913086
2022-10-13,140.24981689453125,31.603933334350586,50.61739730834961,154.91000366210938,100.15479278564453,262.53424072265625,347.47222900390625,84.73741149902344
2022-10-14,135.7281951904297,31.130739212036133,49.8607177734375,152.97999572753906,101.82145690917969,254.6431884765625,339.5537414550781,84.0383071899414
2022-10-17,139.6809539794922,31.98613166809082,51.089210510253906,153.4199981689453,106.09797668457031,263.0518493652344,348.27935791015625,83.62908172607422
2022-10-18,140.99526977539062,31.995229721069336,51.454193115234375,153.75,108.82689666748047,265.132080078125,352.3714294433594,83.82518768310547
2022-10-19,141.10316467285156,31.412837982177734,50.8221435546875,151.69000244140625,106.69320678710938,264.1651916503906,349.8742980957031,82.29907989501953
2022-10-20,140.64215087890625,31.6130313873291,50.706417083740234,151.4499969482422,106.34523010253906,262.81744384765625,346.9405517578125,80.89230346679688
2022-10-21,144.4478302001953,32.0953254699707,51.62333679199219,154.14999389648438,111.93128967285156,268.97991943359375,355.3717041015625,79.4344253540039
2022-10-24,146.5860595703125,30.875944137573242,51.63223648071289,153.64999389648438,112.06861114501953,271.9390869140625,359.7201843261719,78.7779312133789
2022-10-25,149.420654296875,31.130739212036133,52.771705627441406,154.0,112.36166381835938,277.56439208984375,365.4643859863281,81.07133483886719
2022-10-26,146.48797607421875,31.64033317565918,53.270225524902344,154.97999572753906,113.65287017822266,271.43121337890625,362.71099853515625,82.2393798828125
2022-10-27,142.02516174316406,31.394636154174805,52.771705627441406,154.74000549316406,114.10157775878906,266.48956298828125,360.77410888671875,83.10049438476562
2022-10-28,152.75550842285156,31.203536987304688,53.296932220458984,153.16000366210938,115.45686340332031,274.6443176269531,369.357177734375,82.52926635742188
2022-10-31,150.40150451660156,31.112537384033203,52.79841232299805,151.91000366210938,115.27372741699219,271.45074462890625,366.689208984375,81.94099426269531
2022-11-01,147.7630157470703,31.685834884643555,53.2168083190918,153.4600067138672,117.35246276855469,268.6771545410156,365.0846252441406,82.706787109375
2022-11-02,142.250732421875,31.42193603515625,52.44232940673828,152.38999938964844,116.2718734741211,259.4676513671875,355.9223937988281,82.3477783203125
2022-11-03,136.21861267089844,31.603933334350586,51.997222900390625,151.80999755859375,116.48251342773438,254.39901733398438,352.2574768066406,81.90335845947266
2022-11-04,135.95335388183594,32.941612243652344,54.080318450927734,156.47000122070312,119.66928100585938,258.4910583496094,357.3275451660156,80.52733612060547
2022-11-07,136.48382568359375,32.95982360839844,54.24945068359375,155.85000610351562,120.3011474609375,261.3330078125,360.74560546875,79.72394561767578
2022-11-08,137.05372619628906,33.196414947509766,54.86370086669922,159.4499969482422,120.37442779541016,263.2374267578125,362.6919860839844,80.59569549560547
2022-11-09,132.5048828125,32.62311935424805,54.09811782836914,158.64999389648438,118.80851745605469,257.1628723144531,355.21978759765625,80.86068725585938
2022-11-10,144.29444885253906,33.806114196777344,57.13373947143555,163.47999572753906,123.69854736328125,276.1385498046875,374.7405700683594,83.9716567993164
2022-11-11,147.07481384277344,34.725196838378906,58.2732048034668,164.55999755859375,123.90003967285156,281.2266540527344,378.3675537109375,83.66399383544922
2022-11-14,145.67974853515625,34.51589584350586,57.658966064453125,164.9199981689453,122.62714385986328,278.7655944824219,375.1488342285156,83.4588623046875
2022-11-15,147.40887451171875,35.307586669921875,58.041751861572266,165.5,121.73887634277344,282.6232604980469,378.34857177734375,84.80924987792969
2022-11-16,146.18077087402344,34.74339294433594,57.90822982788086,165.1199951171875,121.9036865234375,278.7655944824219,375.46221923828125,86.66390228271484
2022-11-17,148.07693481445312,34.80709457397461,57.88151550292969,163.9199981689453,121.37255859375,278.1504211425781,374.3133544921875,85.74940490722656
2022-11-18,148.6369171142578,34.60689163208008,57.99724197387695,162.7899932861328,122.56303405761719,278.16009521484375,376.0129089355469,85.1596908569336
2022-11-21,145.41444396972656,34.17009735107422,57.56105041503906,161.8800048828125,121.83959197998047,275.29864501953125,374.6455993652344,85.51864624023438
2022-11-22,147.54638671875,34.25199890136719,58.36222839355469,162.07000732421875,123.66193389892578,279.2637023925781,379.687255859375,86.7322769165039
2022-11-23,148.42080688476562,34.53409957885742,59.00318145751953,163.0800018310547,124.98060607910156,282.06671142578125,382.079833984375,88.24507904052734
2022-11-25,145.5127410888672,34.37030029296875,59.30585861206055,163.22000122070312,125.21871948242188,280.21099853515625,381.9944152832031,87.94589233398438
2022-11-28,141.69093322753906,34.21560287475586,58.540279388427734,161.92999267578125,123.03007507324219,276.09942626953125,375.8988952636719,88.19377136230469
2022-11-29,138.69439697265625,34.952693939208984,58.70941162109375,162.72999572753906,125.05386352539062,274.0095520019531,375.2533264160156,87.15959930419922
2022-11-30,145.4341278076172,35.9627799987793,59.7509651184082,164.80999755859375,126.53736114501953,286.5003967285156,387.0739440917969,87.80059814453125
2022-12-01,145.7091827392578,35.844478607177734,60.3296012878418,167.83999633789062,124.76080322265625,286.8520202636719,386.7891540527344,90.60549926757812
2022-12-02,145.2179412841797,35.980979919433594,60.28508758544922,167.25999450683594,123.77182006835938,285.7093811035156,386.3429260253906,91.74491119384766
2022-12-05,144.05870056152344,35.57147979736328,59.492801666259766,164.38999938964844,120.3011474609375,280.9142150878906,379.3929138183594,90.4598388671875
2022-12-06,140.4038848876953,35.52599334716797,59.225738525390625,164.83999633789062,120.50262451171875,275.093505859375,373.92401123046875,91.62496185302734
2022-12-07,138.4684600830078,35.316688537597656,59.225738525390625,166.3300018310547,120.42017364501953,273.9704895019531,373.2879638671875,93.78387451171875
2022-12-08,140.14842224121094,35.744380950927734,59.52840042114258,166.47000122070312,121.68392944335938,277.2128601074219,376.2121887207031,93.52685546875
2022-12-09,139.66705322265625,35.507781982421875,59.56401824951172,167.05999755859375,121.02460479736328,275.4451904296875,373.40185546875,91.09382629394531
2022-12-12,141.9561767578125,35.398590087890625,59.74205780029297,165.67999267578125,122.9018783569336,278.9023742675781,378.78521728515625,91.38509368896484
2022-12-13,142.9190216064453,35.65172576904297,60.58935546875,168.50999450683594,122.78280639648438,281.9006042480469,381.6526184082031,92.26751708984375
2022-12-14,140.69863891601562,35.670204162597656,60.53573989868164,168.10000610351562,122.16926574707031,279.81060791015625,379.2125244140625,92.66159057617188
2022-12-15,134.10629272460938,34.847965240478516,58.989498138427734,165.35000610351562,119.13817596435547,270.4155578613281,369.936279296875,93.02312469482422
2022-12-16,132.15121459960938,34.94959259033203,58.471099853515625,166.7899932861328,118.39640808105469,267.8372497558594,365.56878662109375,91.9840087890625
2022-12-19,130.04873657226562,34.9773063659668,58.328102111816406,166.32000732421875,119.10152435302734,264.0732421875,362.4689636230469,90.43820190429688
2022-12-20,129.97994995117188,34.96806716918945,58.560482025146484,169.0800018310547,119.6784439086914,263.8675842285156,362.96490478515625,88.83230590820312
2022-12-21,133.07470703125,35.28218078613281,59.168243408203125,168.8000030517578,121.02460479736328,267.6953125,368.39208984375,89.05555725097656
2022-12-22,129.9111785888672,34.96806716918945,58.685611724853516,166.75999450683594,119.65098571777344,261.1461486816406,363.1365966796875,89.03839111328125
2022-12-23,129.54766845703125,34.921875,58.89118194580078,167.25999450683594,120.2187271118164,261.7335205078125,365.2254333496094,87.73307037353516
2022-12-27,127.74976348876953,35.43923568725586,58.980552673339844,168.6699981689453,120.63999938964844,258.0330505371094,363.7851867675781,85.9983139038086
2022-12-28,123.82974243164062,34.921875,58.354915618896484,167.91000366210938,121.29933166503906,254.62631225585938,359.26409912109375,85.49163818359375
2022-12-29,127.33712005615234,35.50390625,59.2755012512207,168.85000610351562,121.99527740478516,260.8328857421875,365.73101806640625,86.4620590209961
2022-12-30,127.6515121459961,35.01426696777344,58.6677360534668,169.63999938964844,122.80113983154297,260.67620849609375,364.7676086425781,85.50020599365234
2023-01-03,122.87673950195312,35.30990219116211,59.18613052368164,171.05999755859375,123.73518371582031,258.9141540527344,363.2319641113281,87.13188934326172
2023-01-04,124.14411926269531,36.37233352661133,59.97265625,172.6699981689453,124.88905334472656,260.1475524902344,366.03619384765625,88.3255844116211
2023-01-05,122.82762145996094,36.26146697998047,59.37382507324219,170.52000427246094,124.86136627197266,256.07513427734375,361.8584899902344,88.69488525390625
2023-01-06,127.346923828125,37.01903533935547,60.89324951171875,173.7100067138672,127.25064849853516,263.1432189941406,370.1566162109375,90.32656860351562
2023-01-09,127.86767578125,37.29619598388672,61.15244674682617,174.10000610351562,126.72482299804688,264.8465576171875,369.9468688964844,90.8074722290039
2023-01-10,128.43748474121094,37.564117431640625,61.33120346069336,174.74000549316406,127.8594970703125,267.0883483886719,372.54119873046875,89.30464172363281
2023-01-11,131.1490936279297,37.721168518066406,61.79595947265625,174.6199951171875,128.80970764160156,271.708984375,377.2530517578125,90.75595092773438
2023-01-12,131.0704803466797,37.90593719482422,62.70762634277344,176.63999938964844,128.68051147460938,273.1774597167969,378.6265869140625,92.54222106933594
2023-01-13,132.39678955078125,38.15538787841797,63.03831481933594,178.75999450683594,131.927734375,275.05712890625,380.0954895019531,91.67485809326172
2023-01-17,133.55612182617188,37.942893981933594,63.23494338989258,177.58999633789062,129.88900756835938,275.6151123046875,379.3991394042969,91.08230590820312
2023-01-18,132.83892822265625,37.6842155456543,63.01150894165039,177.0800018310547,125.9868392944336,272.0321350097656,373.4091491699219,93.28936004638672
2023-01-19,132.8978729248047,37.97060775756836,62.91318893432617,179.88999938964844,124.30785369873047,269.3594970703125,370.69085693359375,92.70539855957031
2023-01-20,135.45225524902344,38.55264663696289,63.467342376708984,179.2899932861328,124.61225891113281,276.7310485839844,377.5964660644531,91.20250701904297
2023-01-23,138.63546752929688,38.829803466796875,63.726531982421875,179.6300048828125,126.63255310058594,282.8789367675781,382.1270751953125,90.77310943603516
2023-01-24,140.0305633544922,38.857521057128906,63.646095275878906,180.27999877929688,127.72109985351562,282.3013000488281,381.71697998046875,92.0784683227539
2023-01-25,139.37228393554688,38.894474029541016,64.066162109375,181.11000061035156,128.33921813964844,281.6748046875,381.8600158691406,92.30177307128906
2023-01-26,141.4355010986328,39.26401901245117,64.11978912353516,179.47000122070312,129.13255310058594,287.16680908203125,386.05670166015625,91.87236785888672
2023-01-27,143.3709259033203,39.079246520996094,63.99467086791992,179.22000122070312,129.4462432861328,290.0252990722656,386.94378662109375,91.6405258178711
2023-01-30,140.49229431152344,38.29397201538086,63.583534240722656,178.75999450683594,128.3484344482422,284.161376953125,382.08892822265625,91.30558013916016
2023-01-31,141.75970458984375,38.2108154296875,63.94997787475586,179.41000366210938,129.1141357421875,288.41986083984375,387.7068786621094,92.03551483154297
2023-02-01,142.8797149658203,38.681983947753906,64.52200317382812,181.6699981689453,128.77281188964844,294.5871887207031,391.82733154296875,93.14191436767578
2023-02-02,148.17518615722656,38.451019287109375,64.4326171875,177.89999389648438,128.17315673828125,305.1599426269531,397.53118896484375,93.26244354248047
2023-02-03,151.79066467285156,37.767364501953125,63.83377456665039,173.4600067138672,130.15655517578125,299.73651123046875,393.30584716796875,91.86766052246094
2023-02-06,149.06922912597656,37.21304702758789,63.18134307861328,173.82000732421875,130.92221069335938,297.2010498046875,390.90216064453125,91.1874771118164
2023-02-07,151.93798828125,37.360862731933594,63.717594146728516,173.97999572753906,132.5181427001953,303.3587341308594,396.0146179199219,90.45561218261719
2023-02-08,149.2559051513672,37.314674377441406,63.32433319091797,174.41000366210938,131.58642578125,297.9646301269531,391.68426513671875,90.8861083984375
2023-02-09,148.22427368164062,37.49020767211914,63.440521240234375,173.02999877929688,129.53846740722656,295.33123779296875,388.2886657714844,90.02510070800781
2023-02-10,148.58837890625,37.12989807128906,63.16344451904297,173.36000061035156,130.1104278564453,293.39300537109375,389.19482421875,89.01774597167969
2023-02-13,151.38282775878906,37.434776306152344,63.798038482666016,172.47999572753906,131.52183532714844,298.0918884277344,393.7635803222656,89.76683044433594
2023-02-14,150.74325561523438,37.37010192871094,63.91421890258789,172.61000061035156,132.10302734375,300.2945251464844,393.5823669433594,89.56021881103516
2023-02-15,152.839111328125,37.055992126464844,63.62821578979492,170.88999938964844,132.6565399169922,302.5950622558594,394.8605041503906,88.72503662109375
2023-02-16,151.24508666992188,37.06522750854492,63.31538009643555,170.75,130.8300018310547,296.9170837402344,389.42376708984375,87.4679946899414
2023-02-17,150.10369873046875,36.658729553222656,63.47626876831055,171.25999450683594,131.21739196777344,294.82220458984375,388.4508361816406,88.14817810058594
2023-02-21,146.0989227294922,36.196800231933594,62.779117584228516,170.6199951171875,128.80970764160156,287.84222412109375,380.6581726074219,86.43479919433594
2023-02-22,146.5220489501953,36.021270751953125,62.4305534362793,169.66000366210938,127.82258605957031,288.0576477050781,380.13360595703125,87.2269058227539
2023-02-23,147.00416564941406,36.196800231933594,62.7523193359375,169.57000732421875,128.84658813476562,290.5735168457031,382.1557312011719,88.07929229736328
2023-02-24,144.35731506347656,35.38380432128906,61.70659255981445,168.35000610351562,130.0089111328125,285.7080993652344,378.0733337402344,86.93416595458984
2023-02-27,145.5478973388672,35.56857681274414,62.439491271972656,169.00999450683594,131.1436309814453,287.7541198730469,379.36102294921875,87.17525482177734
2023-02-28,145.04612731933594,35.31913375854492,61.98365783691406,169.77999877929688,132.2414093017578,287.382080078125,377.95892333984375,87.57131958007812
2023-03-01,142.97976684570312,36.076698303222656,62.314361572265625,170.75999450683594,131.50340270996094,285.0718078613281,376.5090026855469,86.63050842285156
2023-03-02,143.5701446533203,36.20603561401367,62.439491271972656,170.66000366210938,130.13809204101562,287.43109130859375,379.4372863769531,85.86236572265625
2023-03-03,148.6080322265625,36.52939224243164,63.351139068603516,172.49000549316406,132.5273895263672,293.37335205078125,385.5226745605469,87.94245910644531
2023-03-06,151.36318969726562,36.40005111694336,63.19026565551758,171.6199951171875,131.7524871826172,293.70611572265625,385.7897033691406,87.26057434082031
2023-03-07,149.16891479492188,35.79030227661133,62.135597229003906,168.6199951171875,127.87796020507812,290.1036071777344,379.8760070800781,87.79569244384766
2023-03-08,150.41856384277344,35.93811798095703,62.475242614746094,168.5399932861328,127.1214828491211,291.5524597167969,380.49609375,87.88200378417969
2023-03-09,148.17510986328125,35.14360427856445,62.0194091796875,170.1999969482422,120.23959350585938,286.5010681152344,373.4759826660156,88.09779357910156
2023-03-10,146.11863708496094,34.958831787109375,61.3580207824707,173.8699951171875,123.2930908203125,282.4775695800781,368.08685302734375,91.13594055175781
2023-03-13,148.05699157714844,35.01426696777344,60.937950134277344,177.86000061035156,121.07907104492188,284.57257080078125,367.5622863769531,91.34308624267578
2023-03-14,150.14303588867188,35.03274154663086,61.751277923583984,176.8300018310547,124.18791198730469,291.11199951171875,373.63812255859375,89.84127044677734
2023-03-15,150.53662109375,34.43223190307617,59.83858108520508,178.2100067138672,118.32076263427734,292.63909912109375,371.30126953125,91.57613372802734
2023-03-16,153.3507843017578,34.958831787109375,60.768123626708984,178.57000732421875,120.6178207397461,300.35333251953125,377.8157653808594,90.8597412109375
2023-03-17,152.514404296875,34.74634552001953,60.04415512084961,183.77000427246094,116.06063079833984,298.9337463378906,373.39813232421875,92.22345733642578
2023-03-20,154.87588500976562,34.87568283081055,60.982627868652344,183.83999633789062,117.28755950927734,299.99468994140625,376.98858642578125,91.41216278076172
2023-03-21,156.7257537841797,35.18980026245117,61.90321350097656,180.3699951171875,120.43331909179688,304.279296875,381.9386291503906,90.62672424316406
2023-03-22,155.2989959716797,35.32837677001953,61.688716888427734,183.44000244140625,117.32447052001953,300.1417236328125,375.42791748046875,91.83507537841797
2023-03-23,156.38136291503906,35.818016052246094,61.6976432800293,185.74000549316406,117.01080322265625,303.7008361816406,376.44287109375,91.83507537841797
2023-03-24,157.68020629882812,35.72563171386719,61.50996017456055,183.64999389648438,115.23039245605469,304.81854248046875,378.9130859375,92.22345733642578
2023-03-27,155.74176025390625,35.53162384033203,62.09091567993164,181.9499969482422,118.532958984375,302.7301940917969,379.6214904785156,90.05706787109375
2023-03-28,155.12188720703125,36.03974151611328,62.11772537231445,183.44000244140625,118.89273834228516,301.1221923828125,378.76947021484375,90.22107696533203
2023-03-29,158.19186401367188,36.1413688659668,62.86849594116211,182.52999877929688,119.13258361816406,306.6128234863281,384.2748107910156,90.03982543945312
2023-03-30,159.75637817382812,36.501670837402344,63.601402282714844,184.17999267578125,118.7728042602539,309.5150146484375,386.52490234375,90.45413208007812
2023-03-31,162.25563049316406,36.455482482910156,63.92316436767578,183.22000122070312,120.21190643310547,314.6625671386719,391.9727783203125,91.80919647216797
2023-04-03,163.5052490234375,36.52939224243164,64.4326171875,184.5399932861328,120.07353973388672,313.89776611328125,393.4664306640625,92.24095153808594
2023-04-04,162.9739227294922,36.52939224243164,64.44155883789062,187.97999572753906,118.46837615966797,312.8388366699219,391.28338623046875,92.6995620727539
2023-04-05,161.13392639160156,36.24299240112305,63.99467086791992,187.8300018310547,118.64502716064453,309.75042724609375,390.2589416503906,93.668701171875
2023-04-06,162.01950073242188,36.390811920166016,64.29854583740234,186.49000549316406,118.51485443115234,311.8387451171875,391.7812805175781,93.91099548339844
2023-04-10,159.43165588378906,36.42776870727539,64.25386047363281,185.11000061035156,118.90534973144531,311.6622619628906,392.18341064453125,92.396728515625
2023-04-11,158.2213592529297,36.64949417114258,64.4683609008789,186.27999877929688,119.4910888671875,309.662109375,392.2887268066406,92.58706665039062
2023-04-12,157.53262329101562,36.390811920166016,64.87950134277344,187.19000244140625,119.47250366210938,306.9266357421875,390.6897277832031,92.49192810058594
2023-04-13,162.90504455566406,36.88969802856445,65.71072387695312,189.72000122070312,119.9280776977539,312.9369201660156,395.8791809082031,91.76502227783203
2023-04-14,162.56063842773438,36.69568634033203,65.44259643554688,186.36000061035156,128.98379516601562,312.3486022949219,394.912109375,90.92569732666016
2023-04-17,162.58033752441406,36.85274124145508,65.3263931274414,185.52999877929688,130.0065460205078,312.61334228515625,396.3292236328125,89.84410095214844
2023-04-18,163.80043029785156,36.80654525756836,65.68389892578125,186.25,131.46621704101562,312.6329345703125,396.58770751953125,90.16426849365234
2023-04-19,164.94187927246094,36.4370002746582,65.47834777832031,185.36000061035156,131.29888916015625,312.4858703613281,396.5206604003906,90.07772064208984
2023-04-20,163.97755432128906,36.38157272338867,65.47834777832031,186.08999633789062,130.91769409179688,310.1033630371094,394.3567810058594,90.84783172607422
2023-04-21,162.37371826171875,36.03974151611328,65.80904388427734,184.25,130.6666717529297,310.4268798828125,394.6632080078125,90.33731842041016
2023-04-24,162.6787567138672,35.95659255981445,65.9788589477539,184.80999755859375,130.84327697753906,309.7797546386719,395.0748596191406,91.2112808227539
2023-04-25,161.14376831054688,35.28218078613281,65.05826568603516,185.75,127.99830627441406,303.9361877441406,388.8035583496094,92.55247497558594
2023-04-26,161.13392639160156,35.48543167114258,65.0135726928711,184.74000549316406,125.7297134399414,305.7794494628906,387.1567687988281,91.5660400390625
2023-04-27,165.70933532714844,35.96583557128906,65.82691955566406,184.75,127.42183685302734,314.0938415527344,394.8642578125,90.657470703125
2023-04-28,166.95896911621094,36.150611877441406,65.80009460449219,184.8000030517578,128.5282440185547,316.26068115234375,398.23455810546875,92.11979675292969
2023-05-01,166.87042236328125,36.0305061340332,65.70178985595703,183.97000122070312,131.2802734375,315.8979187011719,397.8323974609375,89.46360778808594
2023-05-02,165.83724975585938,35.67943572998047,65.04039001464844,187.52000427246094,129.16046142578125,313.14276123046875,393.3611145019531,91.6930160522461
2023-05-03,164.7647247314453,35.62400817871094,65.210205078125,189.11000061035156,126.427001953125,311.0936279296875,390.6610412597656,92.20484924316406
2023-05-04,163.13136291503906,35.910404205322266,65.0761489868164,190.44000244140625,124.69767761230469,309.99554443359375,387.8940124511719,91.29398345947266
2023-05-05,170.7865753173828,36.390811920166016,66.03248596191406,187.4600067138672,127.13362884521484,316.5842590332031,395.0748596191406,90.9903564453125
2023-05-08,170.7177276611328,36.40928649902344,66.05036163330078,187.69000244140625,127.44041442871094,317.3686218261719,395.1802062988281,89.71514892578125
2023-05-09,169.01544189453125,36.18756103515625,65.7822265625,189.02000427246094,126.82678985595703,315.3586120605469,393.447265625,89.39420318603516
2023-05-10,170.77674865722656,36.169090270996094,65.64814758300781,188.75,126.89189147949219,318.7903137207031,395.28558349609375,90.26166534423828
2023-05-11,170.96371459960938,36.03974151611328,65.4872817993164,187.1300048828125,126.49209594726562,319.8295593261719,394.5962219238281,91.2159194946289
2023-05-12,170.0375213623047,35.61477279663086,65.37109375,186.80999755859375,124.67909240722656,318.6824645996094,394.0791931152344,90.45252227783203
2023-05-15,169.54489135742188,36.27070617675781,65.87161254882812,187.2100067138672,125.7297134399414,320.4080810546875,395.438720703125,89.51563262939453
2023-05-16,169.54489135742188,36.01203536987305,65.24595642089844,184.8699951171875,124.88363647460938,320.77081298828125,392.796142578125,89.24674987792969
2023-05-17,170.15576171875,36.17832565307617,65.54985046386719,184.22999572753906,128.72348022460938,324.65350341796875,397.5643005371094,88.98646545410156
2023-05-18,172.48110961914062,35.98431396484375,65.45152282714844,181.83999633789062,129.69972229003906,330.68341064453125,401.3941650390625,88.32715606689453
2023-05-19,172.5894775390625,36.01203536987305,65.83585357666016,183.63999938964844,129.4021759033203,329.93829345703125,400.81005859375,87.70259094238281
2023-05-22,171.64361572265625,36.30766677856445,65.8537368774414,183.2100067138672,128.3330078125,331.0461730957031,400.972900390625,87.39032745361328
2023-05-23,169.0422821044922,35.744110107421875,64.8884506225586,183.42999267578125,126.994140625,326.84979248046875,396.4728088378906,87.64189147949219
2023-05-24,169.31822204589844,35.476192474365234,63.94104766845703,181.9499969482422,125.83196258544922,325.173095703125,393.6004333496094,87.2081298828125
2023-05-25,170.45135498046875,35.40228271484375,63.85166549682617,180.1999969482422,126.13877868652344,333.0856018066406,397.00897216796875,86.99127197265625
2023-05-26,172.8555450439453,36.0305061340332,64.47731018066406,180.9199981689453,127.31957244873047,341.5960693359375,402.1504821777344,87.69390869140625
2023-05-30,174.69808959960938,35.61477279663086,63.82484436035156,182.0399932861328,127.80304718017578,343.14520263671875,402.3036804199219,88.57007598876953
2023-05-31,174.64881896972656,35.28218078613281,63.16344451904297,182.32000732421875,126.17596435546875,341.194091796875,400.07281494140625,89.34213256835938
2023-06-01,177.44712829589844,35.910404205322266,64.10192108154297,183.75999450683594,127.91461181640625,345.1355285644531,403.8739929199219,89.69268035888672
2023-06-02,178.29452514648438,36.52939224243164,64.93313598632812,181.0500030517578,130.60157775878906,347.7240295410156,409.7144775390625,88.7098159790039
2023-06-05,176.94464111328125,36.520145416259766,64.55775451660156,182.13999938964844,129.31851196289062,347.9690856933594,408.92938232421875,88.54454803466797
2023-06-06,176.58006286621094,36.843502044677734,65.09402465820312,182.33999633789062,129.5509490966797,347.9103088378906,409.81976318359375,89.06642150878906
2023-06-07,175.21046447753906,36.685218811035156,64.52151489257812,180.14999389648438,130.80612182617188,342.0079040527344,408.40264892578125,87.74436950683594
2023-06-08,177.9201202392578,36.9459228515625,65.20415496826172,182.52999877929688,130.84327697753906,346.2532653808594,410.8729553222656,88.77068328857422
2023-06-09,178.30438232421875,37.11351776123047,65.09492492675781,182.0399932861328,131.10366821289062,347.576904296875,411.61016845703125,88.64894104003906
2023-06-12,181.09283447265625,37.18800735473633,65.37708282470703,181.8800048828125,131.09432983398438,353.4499816894531,415.34429931640625,88.90987396240234
2023-06-13,180.61988830566406,37.56044387817383,65.99598693847656,180.5399932861328,132.04269409179688,356.1658630371094,418.0826110839844,88.03136444091797
2023-06-14,181.25051879882812,37.83977508544922,66.24172973632812,180.63999938964844,131.54991149902344,358.7542724609375,418.5804443359375,88.73590087890625
2023-06-15,183.28025817871094,38.193599700927734,66.94255828857422,181.91000366210938,133.03749084472656,363.0291442871094,423.7698669433594,89.58827209472656
2023-06-16,182.20623779296875,38.0632438659668,66.79693603515625,181.6300048828125,133.19557189941406,360.74462890625,422.326416015625,89.24038696289062
2023-06-20,182.29495239257812,37.31836700439453,65.91407775878906,179.75,132.51687622070312,360.2282409667969,420.13531494140625,89.85795593261719
2023-06-21,181.2603302001953,37.14145278930664,66.01419830322266,179.49000549316406,132.32159423828125,355.3191223144531,417.98260498046875,90.07537841796875
2023-06-22,184.2557373046875,37.01110076904297,65.6046142578125,177.7100067138672,129.7740936279297,359.5115051269531,419.4914245605469,88.9881591796875
2023-06-23,183.94044494628906,36.47106170654297,64.58523559570312,178.1999969482422,129.09539794921875,355.9475402832031,416.3200378417969,89.87532043457031
2023-06-26,182.55111694335938,36.59210968017578,64.66716003417969,178.50999450683594,129.41151428222656,351.1758728027344,414.6191711425781,89.97100830078125
2023-06-27,185.30018615722656,36.96454620361328,65.23145294189453,177.69000244140625,129.42079162597656,357.2140197753906,419.1646728515625,89.73616790771484
2023-06-28,186.4727325439453,36.74108123779297,65.27696228027344,177.27999877929688,128.85365295410156,357.9111328125,419.37615966796875,90.1188735961914
2023-06-29,186.80772399902344,36.54555130004883,65.18595123291016,177.08999633789062,133.3536376953125,357.1944580078125,421.02899169921875,88.49236297607422
2023-06-30,191.1234588623047,36.83419418334961,65.98689270019531,178.27000427246094,135.222412109375,362.702392578125,425.9975280761719,89.5361099243164
2023-07-03,189.63563537597656,37.243873596191406,65.91407775878906,178.47000122070312,136.31019592285156,363.5566101074219,426.4876708984375,89.02852630615234
2023-07-05,188.52223205566406,37.02041244506836,65.17684173583984,177.83999633789062,135.4021759033203,363.5467224121094,425.8533630371094,88.18252563476562
2023-07-06,188.99514770507812,36.2662239074707,64.0482406616211,177.30999755859375,134.06350708007812,360.77801513671875,422.5186767578125,86.93537139892578
2023-07-07,187.8817138671875,36.675907135009766,64.53062438964844,178.63999938964844,135.121337890625,359.5802001953125,421.451904296875,86.41207885742188
2023-07-10,185.8421173095703,36.70383834838867,64.71265411376953,178.77999877929688,135.8795623779297,359.6980285644531,422.5186767578125,86.52545166015625
2023-07-11,185.31991577148438,37.07627868652344,65.295166015625,179.4499969482422,138.004638671875,361.4751281738281,425.20947265625,86.97026062011719
2023-07-12,186.98512268066406,37.90495681762695,66.54208374023438,181.8800048828125,138.68797302246094,366.0405578613281,428.6307067871094,87.9383544921875
2023-07-13,187.74378967285156,38.398433685302734,67.60697174072266,182.00999450683594,139.3619842529297,372.2554626464844,432.0326843261719,88.86282348632812
2023-07-14,187.89163208007812,38.18428039550781,67.22471618652344,181.42999267578125,140.2045440673828,372.1768798828125,431.7635803222656,88.33953857421875
2023-07-17,191.14315795898438,38.230838775634766,67.14279174804688,181.55999755859375,143.583984375,375.652587890625,433.2627258300781,88.38311004638672
2023-07-18,190.8870086669922,37.951507568359375,67.57968139648438,183.63999938964844,143.84608459472656,378.7256164550781,436.4821472167969,88.7843246459961
2023-07-19,192.23687744140625,37.87702178955078,67.54327392578125,183.6699981689453,144.3983917236328,378.63720703125,437.4527893066406,89.78729248046875
2023-07-20,190.2957763671875,37.597694396972656,67.19740295410156,182.74000549316406,146.17706298828125,369.9089050292969,434.5505065917969,88.69709777832031
2023-07-21,189.12326049804688,37.54182815551758,67.33393096923828,182.17999267578125,145.0536651611328,368.7995300292969,434.5505065917969,88.72325897216797
2023-07-24,189.92135620117188,38.05392837524414,67.17011260986328,181.39999389648438,147.9088897705078,369.3885192871094,436.4917907714844,88.40058135986328
2023-07-25,190.77859497070312,38.37049865722656,67.24291229248047,182.41000366210938,146.8042755126953,371.89215087890625,437.68341064453125,88.23485565185547
2023-07-26,191.64566040039062,38.59397506713867,67.42495727539062,183.3000030517578,147.6842041015625,370.65509033203125,437.75067138671875,88.32209777832031
2023-07-27,190.38446044921875,38.11910629272461,67.27022552490234,180.4199981689453,146.0553741455078,369.77142333984375,434.848388671875,86.60395050048828
2023-07-28,192.95619201660156,39.0408935546875,67.75261688232422,181.86000061035156,146.88851928710938,376.5067138671875,439.1057434082031,87.04874420166016
2023-07-31,193.56707763671875,39.05951690673828,67.77081298828125,182.35000610351562,147.8714599609375,376.70306396484375,439.9418029785156,87.258056640625
2023-08-01,192.73936462402344,38.56603240966797,66.92435455322266,180.4600067138672,147.14125061035156,375.8292541503906,438.6828918457031,85.82819366455078
2023-08-02,189.75384521484375,37.64425277709961,65.67743682861328,179.60000610351562,145.4749298095703,367.58203125,432.5804138183594,84.90989685058594
2023-08-03,188.36453247070312,37.7932243347168,65.49539947509766,179.5399932861328,146.36428833007812,366.992919921875,431.3406677246094,82.95091247558594
2023-08-04,179.31927490234375,37.74666976928711,65.67743682861328,180.19000244140625,146.0553741455078,365.2747802734375,429.389892578125,84.42017364501953
2023-08-07,176.225341796875,37.690799713134766,66.23263549804688,179.77999877929688,146.7480926513672,368.36749267578125,433.1377868652344,83.58932495117188
2023-08-08,177.16139221191406,37.23456573486328,65.83216094970703,178.63999938964844,145.92428588867188,365.2354431152344,431.2542419433594,84.5600814819336
2023-08-09,175.5750274658203,37.327674865722656,65.81395721435547,177.7899932861328,143.96775817871094,361.2198486328125,428.3711853027344,84.99736022949219
2023-08-10,175.3582763671875,37.383544921875,66.09609985351562,177.60000610351562,143.75244140625,361.887451171875,428.5249938964844,83.59809875488281
2023-08-11,175.4174346923828,36.83419418334961,65.65013122558594,177.60000610351562,144.58563232421875,359.5802001953125,428.27508544921875,83.40567016601562
2023-08-14,177.065185546875,36.65727996826172,65.35887145996094,177.05999755859375,144.88516235351562,363.6155090332031,430.63916015625,83.22205352783203
2023-08-15,175.08197021484375,36.238285064697266,64.548828125,176.58999633789062,141.1968231201172,359.7569885253906,425.62274169921875,82.71478271484375
2023-08-16,174.2137451171875,35.91240692138672,64.02091979980469,175.57000732421875,140.59768676757812,355.9475402832031,422.4994201660156,82.067626953125
2023-08-17,171.6780242919922,35.99620819091797,63.56584548950195,175.3000030517578,139.13734436035156,352.05950927734375,419.2799987792969,81.7177963256836
2023-08-18,172.1614990234375,35.75412368774414,63.56584548950195,175.3300018310547,139.45562744140625,351.6177062988281,419.4818115234375,82.00640106201172
2023-08-21,173.49349975585938,35.83791732788086,63.802490234375,175.80999755859375,139.93304443359375,357.28277587890625,422.21112060546875,80.91324615478516
2023-08-22,174.8649139404297,35.763431549072266,63.68417739868164,176.10000610351562,137.0310516357422,356.7721862792969,421.06744384765625,81.53413391113281
2023-08-23,178.7030029296875,36.33140182495117,64.37590026855469,177.88999938964844,137.9578094482422,362.39794921875,425.75726318359375,83.55439758300781
2023-08-24,174.02626037597656,36.191734313964844,63.4930419921875,177.85000610351562,137.82675170898438,354.6514587402344,419.85662841796875,83.00338745117188
2023-08-25,176.2265167236328,36.228981018066406,63.92082595825195,177.6199951171875,137.65826416015625,357.4005432128906,422.8164978027344,83.27452087402344
2023-08-28,177.78543090820312,36.582801818847656,64.5943374633789,178.1300048828125,138.1356964111328,360.0906982421875,425.497802734375,83.36195373535156
2023-08-29,181.66299438476562,37.048343658447266,65.3952865600586,179.8699951171875,139.25904846191406,367.9550476074219,431.6482849121094,84.22774505615234
2023-08-30,185.14588928222656,36.92729949951172,65.35887145996094,180.32000732421875,138.69737243652344,370.007080078125,433.4261169433594,84.14031982421875
2023-08-31,185.36293029785156,36.47106170654297,65.1040267944336,180.02000427246094,136.9842071533203,371.1166076660156,432.7918701171875,84.51634979248047
2023-09-01,186.93173217773438,36.89936828613281,65.06761169433594,180.11000061035156,137.44293212890625,370.723876953125,433.59912109375,83.1997299194336
2023-09-05,187.1685333251953,36.60142517089844,64.50332641601562,178.63999938964844,135.92642211914062,371.1951599121094,431.72509765625,82.03309631347656
2023-09-06,180.46913146972656,36.396575927734375,64.36680603027344,177.8300018310547,135.7017364501953,367.9256896972656,428.8228454589844,82.23485565185547
2023-09-07,175.19053649902344,35.9682731628418,64.15746307373047,178.02000427246094,134.5409393310547,365.2943115234375,427.50628662109375,82.4629135131836
2023-09-08,175.80223083496094,36.042762756347656,64.06643676757812,178.0800018310547,134.64389038085938,365.804931640625,428.1501159667969,82.7786865234375
2023-09-11,176.96653747558594,36.48968505859375,64.73086547851562,178.41000366210938,135.23367309570312,370.1150817871094,430.9659729003906,82.18219757080078
2023-09-12,173.9473419189453,36.377952575683594,64.4669189453125,177.49000549316406,136.9935760498047,366.0110778808594,428.6018371582031,82.6558837890625
2023-09-13,171.88523864746094,36.33140182495117,64.26667785644531,177.0800018310547,137.0591278076172,367.4053039550781,429.1015625,82.63833618164062
2023-09-14,173.3948211669922,36.573482513427734,65.11312103271484,177.1699981689453,139.71775817871094,370.4096984863281,432.8014221191406,82.0418472290039
2023-09-15,172.67453002929688,36.4338264465332,64.9675064086914,178.33999633789062,139.30584716796875,364.0671081542969,427.5869140625,81.5418930053711
2023-09-18,175.59507751464844,36.38726806640625,64.7399673461914,179.38999938964844,139.59603881835938,364.4466857910156,427.83770751953125,82.00678253173828
2023-09-19,176.6803741455078,36.17311477661133,64.7945785522461,179.22000122070312,139.41815185546875,363.669921875,426.95037841796875,81.40151977539062
2023-09-20,173.1481475830078,36.024139404296875,64.63984680175781,179.35000610351562,138.82843017578125,358.4291687011719,423.02532958984375,81.65589141845703
2023-09-21,171.6089630126953,35.40030288696289,63.56584548950195,178.0500030517578,137.74252319335938,351.8611755371094,416.033447265625,79.5594711303711
2023-09-22,172.45748901367188,35.819297790527344,63.6204719543457,178.6199951171875,136.4225616455078,351.9103698730469,415.09796142578125,80.19979858398438
2023-09-25,173.7302703857422,35.6610107421875,63.33831024169922,177.6999969482422,137.0965576171875,353.58184814453125,416.843505859375,78.2261962890625
2023-09-26,169.66526794433594,35.15822219848633,62.519161224365234,176.27999877929688,135.6736297607422,348.2723693847656,410.71954345703125,77.9542465209961
2023-09-27,168.1556396484375,35.214080810546875,62.40084457397461,174.10000610351562,136.4693603515625,349.0884704589844,410.8835144042969,77.55074310302734
2023-09-28,168.4122314453125,35.30719757080078,62.9105339050293,173.22999572753906,138.16372680664062,352.0086975097656,413.26556396484375,77.78756713867188
2023-09-29,168.92529296875,35.33512878417969,62.7285041809082,171.4499969482422,135.75791931152344,352.26434326171875,412.2625427246094,77.79634857177734
2023-10-02,171.43138122558594,35.15822219848633,61.809242248535156,169.64999389648438,134.58775329589844,355.20416259765625,412.0986633300781,76.49401092529297
2023-10-03,170.09938049316406,34.692665100097656,61.03559494018555,169.16000366210938,133.595458984375,348.9704895019531,406.582275390625,74.8485107421875
2023-10-04,171.3425750732422,34.59025573730469,61.144813537597656,169.13999938964844,134.19454956054688,353.7195739746094,409.5429992675781,75.90444946289062
2023-10-05,172.57589721679688,34.720603942871094,61.68180847167969,168.8300018310547,134.76039123535156,352.67724609375,409.388671875,75.52606964111328
2023-10-06,175.1214599609375,35.223392486572266,62.36442947387695,169.6999969482422,136.8350830078125,358.58660888671875,414.2492370605469,74.61094665527344
2023-10-09,176.6014404296875,35.0557975769043,62.27341842651367,172.82000732421875,136.5238800048828,360.4154357910156,416.9013977050781,76.36201477050781
2023-10-10,176.0094451904297,35.558589935302734,63.12897872924805,172.52999877929688,137.35374450683594,362.4113464355469,419.0712890625,76.2564468383789
2023-10-11,177.40061950683594,35.78205490112305,63.392921447753906,173.7899932861328,137.8252410888672,364.9972839355469,420.7879333496094,77.84913635253906
2023-10-12,178.29852294921875,35.381675720214844,62.865020751953125,173.25999450683594,137.50462341308594,363.7288513183594,418.2226257324219,75.73726654052734
2023-10-13,176.46331787109375,35.25132751464844,62.28251647949219,178.8300018310547,139.56988525390625,359.1568298339844,416.1395568847656,77.09239196777344
2023-10-16,176.33505249023438,35.51203536987305,62.73759460449219,177.9600067138672,139.4284210205078,363.2175598144531,420.5179138183594,75.85164642333984
2023-10-17,174.78602600097656,35.41893005371094,62.77400588989258,178.2899932861328,139.1266632080078,362.0278625488281,420.4985656738281,75.01570129394531
2023-10-18,173.49349975585938,34.87888717651367,61.68180847167969,180.8699951171875,137.5989532470703,357.2789001464844,414.8953857421875,74.35574340820312
2023-10-19,173.11856079101562,34.674049377441406,61.13571548461914,183.08999633789062,137.01425170898438,353.9359130859375,411.25,72.83341979980469
2023-10-20,170.57301330566406,34.25505828857422,60.58961868286133,183.58999633789062,134.80751037597656,348.65582275390625,406.1965026855469,73.24700164794922
2023-10-23,170.6913604736328,34.227115631103516,60.635128021240234,182.97000122070312,132.9686279296875,349.7079162597656,405.4924621582031,74.1269760131836
2023-10-24,171.12551879882812,34.66473388671875,60.980987548828125,182.9499969482422,133.12892150878906,353.10986328125,408.5496520996094,75.10369110107422
2023-10-25,168.8167266845703,34.20850372314453,60.544105529785156,183.72000122070312,132.40277099609375,344.4672546386719,402.68603515625,73.43180847167969
2023-10-26,164.6629180908203,34.0409049987793,60.10723114013672,184.00999450683594,132.7422637939453,337.8992004394531,397.86407470703125,74.5581283569336
2023-10-27,165.97515869140625,34.01296615600586,59.92519760131836,186.14999389648438,127.96107482910156,339.5216369628906,396.06060791015625,74.24137878417969
2023-10-30,168.0175323486328,34.36678695678711,60.689727783203125,185.10000610351562,129.592529296875,343.3463134765625,400.79583740234375,73.90696716308594
2023-10-31,168.4911346435547,34.17125701904297,60.908172607421875,184.08999633789062,131.1391143798828,344.9884338378906,403.3129577636719,73.54618072509766
2023-11-01,171.6484375,34.48782730102539,61.4815788269043,183.50999450683594,131.02597045898438,350.9763488769531,407.61419677734375,75.14083099365234
2023-11-02,175.2003936767578,35.093040466308594,62.73759460449219,184.1199951171875,133.3646697998047,357.34765625,415.42584228515625,76.85381317138672
2023-11-03,174.2926788330078,35.80998611450195,63.40203094482422,184.7899932861328,134.85470581054688,361.54608154296875,419.2159729003906,77.37472534179688
2023-11-06,176.83822631835938,36.09862518310547,63.083473205566406,183.35000610351562,135.87318420410156,363.02093505859375,420.1802978515625,76.62420654296875
2023-11-07,179.3936767578125,36.03345489501953,62.70119857788086,182.58999633789062,135.8071746826172,366.452392578125,421.37615966796875,77.75440979003906
2023-11-08,180.44940185546875,35.79136276245117,62.61928939819336,180.77000427246094,136.4767303466797,366.6883850097656,421.684814453125,79.07887268066406
2023-11-09,179.97581481933594,35.45616912841797,62.61017608642578,181.49000549316406,136.0712127685547,363.86651611328125,418.3962097167969,77.25995635986328
2023-11-10,184.1548614501953,35.70756912231445,62.892333984375,179.50999450683594,138.08929443359375,372.0470275878906,424.9251403808594,77.69261932373047
2023-11-13,182.5741424560547,35.6982536315918,63.056156158447266,180.50999450683594,137.47633361816406,370.88690185546875,424.52020263671875,77.51602172851562
2023-11-14,185.1823272705078,36.64797592163086,64.66716003417969,182.1199951171875,139.9848175048828,378.8706970214844,432.7561340332031,79.27313995361328
2023-11-15,185.74546813964844,36.955230712890625,64.56703186035156,181.63999938964844,141.2107696533203,379.1558837890625,433.6722412109375,78.16061401367188
2023-11-16,187.42498779296875,36.60142517089844,64.52151489257812,183.69000244140625,142.8233642578125,379.4803771972656,434.2027282714844,79.13186645507812
2023-11-17,187.40525817871094,36.64797592163086,65.3952865600586,183.6699981689453,144.11534118652344,379.56884765625,434.7427673339844,79.50269317626953
2023-11-20,189.14402770996094,37.104209899902344,65.64102172851562,183.3699951171875,144.55857849121094,384.19000244140625,438.0892639160156,79.98834228515625
2023-11-21,188.34376525878906,36.871437072753906,65.38616943359375,185.35000610351562,144.25680541992188,381.95806884765625,437.134521484375,79.95301818847656
2023-11-22,189.00572204589844,36.79694747924805,65.54090118408203,184.55999755859375,144.59629821777344,383.5214538574219,438.82220458984375,80.23560333251953
2023-11-24,187.68186950683594,36.81557083129883,66.04148864746094,185.52000427246094,144.79432678222656,382.98065185546875,439.09222412109375,79.29080200195312
2023-11-27,187.5040283203125,36.666595458984375,65.81395721435547,186.77000427246094,144.46426391601562,382.6463317871094,438.3014221191406,80.6152572631836
2023-11-28,188.10667419433594,36.97385025024414,65.83216094970703,189.25999450683594,144.79432678222656,383.6492919921875,438.7353515625,80.77418518066406
2023-11-29,187.08908081054688,36.75970458984375,65.96868896484375,189.5399932861328,145.52992248535156,383.275634765625,438.4267578125,81.78959655761719
2023-11-30,187.66209411621094,36.83419418334961,65.91407775878906,188.75,147.18963623046875,382.31201171875,440.153076171875,80.84484100341797
2023-12-01,188.93653869628906,36.99248123168945,66.60578918457031,192.00999450683594,147.90635681152344,383.4034729003906,442.7569885253906,82.36746978759766
2023-12-04,187.14834594726562,36.573482513427734,66.08700561523438,187.86000061035156,148.9908447265625,379.8441162109375,440.4327392578125,82.03971862792969
2023-12-05,191.09030151367188,36.35002517700195,65.8503646850586,187.14999389648438,148.97201538085938,380.7978515625,440.345947265625,83.80242919921875
2023-12-06,190.0035858154297,36.303470611572266,66.05059814453125,187.83999633789062,147.4065399169922,378.5954284667969,438.57147216796875,84.91846466064453
2023-12-07,191.93006896972656,36.48037338256836,66.36914825439453,188.14999389648438,147.85919189453125,383.88519287109375,441.9178771972656,84.4312973022461
2023-12-08,193.3527374267578,36.322086334228516,66.56939697265625,185.63999938964844,149.4906768798828,385.5960693359375,443.81787109375,83.74040222167969
2023-12-11,190.85317993164062,36.5362434387207,66.73322296142578,183.58999633789062,150.0376434326172,388.889892578125,445.5440673828125,83.56321716308594
2023-12-12,192.3647918701172,36.54555130004883,66.85153198242188,183.49000549316406,151.3767547607422,391.98712158203125,447.5789794921875,83.81127166748047
2023-12-13,195.57565307617188,36.90868377685547,67.8254165649414,187.6300048828125,151.885986328125,396.97210693359375,453.7510986328125,85.77763366699219
2023-12-14,195.7238006591797,37.44871520996094,68.32600402832031,188.72999572753906,154.6490936279297,396.62799072265625,455.2074279785156,88.00899505615234
2023-12-15,195.19033813476562,37.22525405883789,67.66159057617188,187.0,155.8184814453125,398.5453186035156,454.4579162597656,88.10675048828125
2023-12-18,193.53054809570312,37.20663070678711,67.8254165649414,187.85000610351562,156.76150512695312,401.0556335449219,457.0142822265625,87.40471649169922
2023-12-19,194.56790161132812,37.52320098876953,68.3988265991211,189.1300048828125,158.85504150390625,403.10479736328125,459.7933654785156,87.8757095336914
2023-12-20,192.4833221435547,36.84772491455078,67.70855712890625,188.10000610351562,157.06329345703125,397.1147766113281,453.42181396484375,88.47108459472656
2023-12-21,192.33511352539062,37.540279388427734,68.80523681640625,189.42999267578125,157.95912170410156,401.7353515625,457.7210693359375,87.91126251220703
2023-12-22,191.26812744140625,37.36002731323242,68.86975860595703,190.27000427246094,157.8648681640625,402.33636474609375,458.6409912109375,87.51136779785156
2023-12-26,190.72476196289062,37.65412521362305,69.18309020996094,191.72000122070312,158.79849243164062,404.79937744140625,460.57763671875,87.76018524169922
2023-12-27,190.82351684570312,37.8723258972168,69.55172729492188,192.58999633789062,159.7509307861328,405.6234436035156,461.410400390625,89.31526947021484
2023-12-28,191.24838256835938,38.16642761230469,69.36740112304688,191.47000122070312,160.5996856689453,405.4263000488281,461.584716796875,88.66658020019531
2023-12-29,190.2110137939453,38.14745330810547,69.4411392211914,191.1699981689453,160.41107177734375,403.6716613769531,460.2483825683594,87.86680603027344
2024-01-02,183.404052734375,37.70156478881836,68.66700744628906,190.72000122070312,162.2782745361328,396.8406677246094,457.6726989746094,87.36030578613281
2024-01-03,182.03077697753906,37.49284362792969,68.15090942382812,189.1300048828125,161.57101440429688,392.6414794921875,453.93505859375,87.7246322631836
2024-01-04,179.7189483642578,37.369510650634766,68.30758666992188,189.32000732421875,162.64321899414062,390.62078857421875,452.47283935546875,86.39171600341797
2024-01-05,178.99771118164062,37.41694641113281,68.3536605834961,189.35000610351562,163.45925903320312,391.08404541015625,453.09259033203125,85.56529998779297
2024-01-08,183.32496643066406,37.521305084228516,69.08171081542969,187.8699951171875,163.22203063964844,399.1669616699219,459.5609436035156,86.40948486328125
2024-01-09,182.91001892089844,36.99003219604492,68.46424865722656,187.92999267578125,161.93157958984375,399.9555358886719,458.86376953125,85.85855102539062
2024-01-10,183.94740295410156,36.90464782714844,68.90660858154297,187.5,162.273193359375,402.666259765625,461.4588317871094,85.4586410522461
2024-01-11,183.3546142578125,37.05644226074219,68.89739227294922,187.8699951171875,161.58999633789062,403.504150390625,461.2555236816406,85.93851470947266
2024-01-12,183.68064880371094,37.18925857543945,69.18309020996094,189.7100067138672,160.40391540527344,403.7111511230469,461.5750427246094,85.76968383789062
2024-01-16,181.41824340820312,36.28799057006836,68.02188873291016,187.91000366210938,159.3981170654297,403.6716613769531,459.8804931640625,84.25902557373047
2024-01-17,180.4796600341797,35.74722671508789,67.37678527832031,185.83999633789062,158.5441436767578,401.3946228027344,457.32415771484375,84.12571716308594
2024-01-18,186.35800170898438,36.041324615478516,67.97581481933594,187.3699951171875,158.85726928710938,407.09210205078125,461.39105224609375,83.34374237060547
2024-01-19,189.25270080566406,36.42081069946289,68.13248443603516,187.92999267578125,161.5994873046875,415.1651916503906,467.142822265625,83.61029815673828
2024-01-22,191.5546417236328,36.09825134277344,68.34445190429688,187.22000122070312,161.40968322753906,415.7073974609375,468.1305236816406,84.1079330444336
2024-01-23,192.82908630371094,36.41132354736328,68.15090942382812,187.9499969482422,160.3470001220703,417.432373046875,469.4957580566406,83.44148254394531
2024-01-24,192.1572723388672,36.81926727294922,68.66700744628906,186.39999389648438,161.77975463867188,419.748779296875,470.0090026855469,82.95274353027344
2024-01-25,191.8312530517578,36.866703033447266,68.86054229736328,187.13999938964844,164.094970703125,420.2613525390625,472.5653991699219,83.49481201171875
2024-01-26,190.10235595703125,36.89516067504883,69.16465759277344,187.00999450683594,163.46873474121094,417.7575988769531,471.9650573730469,83.33485412597656
2024-01-29,189.420654296875,36.91413497924805,69.57014465332031,188.3300018310547,163.8957061767578,422.03564453125,475.7026672363281,84.29454040527344
2024-01-30,185.7751007080078,36.620033264160156,69.47798919677734,188.58999633789062,167.25466918945312,419.226318359375,475.334716796875,85.05876922607422
2024-01-31,182.17893981933594,36.42081069946289,69.12779235839844,188.4499969482422,165.4423370361328,411.0152893066406,467.5785827636719,85.89407348632812
2024-02-01,184.6092987060547,36.77182388305664,69.80976104736328,190.41000366210938,164.8445587158203,415.855224609375,473.69830322265625,87.57896423339844
2024-02-02,183.61151123046875,36.6674690246582,69.2568130493164,188.61000061035156,165.7934112548828,422.88336181640625,478.6850891113281,85.64446258544922
2024-02-05,185.41943359375,36.71491241455078,68.88818359375,187.57000732421875,165.57518005371094,422.3313903808594,476.94207763671875,83.91498565673828
2024-02-06,187.01992797851562,37.549774169921875,69.3121109008789,188.5500030517578,166.14447021484375,421.4836120605469,478.326904296875,84.73515319824219
2024-02-07,187.12860107421875,37.59720230102539,69.27523803710938,188.5,166.45758056640625,425.82086181640625,482.3162841796875,84.3250732421875
2024-02-08,186.0517578125,37.388484954833984,69.15544128417969,188.3300018310547,165.85983276367188,426.609375,482.5293273925781,83.83477783203125
2024-02-09,186.8134307861328,37.549774169921875,69.39505767822266,187.60000610351562,166.05909729003906,430.8086242675781,485.31805419921875,83.6653823852539
2024-02-12,185.13174438476562,37.843868255615234,69.51485443115234,187.11000061035156,166.79917907714844,429.12298583984375,485.10498046875,83.76344299316406
2024-02-13,183.0445098876953,37.13233947753906,68.44581604003906,184.52999877929688,165.3474578857422,422.4299011230469,478.423583984375,82.32815551757812
2024-02-14,182.16409301757812,37.66360855102539,69.21073150634766,184.4199981689453,167.02691650390625,427.0332946777344,482.7713928222656,82.74715423583984
2024-02-15,181.87725830078125,37.843868255615234,69.99407958984375,185.66000366210938,170.6705322265625,428.3048400878906,486.1023864746094,83.17507934570312
2024-02-16,180.34396362304688,38.02412414550781,70.10466766357422,186.33999633789062,169.8734893798828,424.4211120605469,483.681640625,82.69365692138672
2024-02-20,179.60205078125,38.08103942871094,70.39035034179688,187.47000122070312,170.5376739501953,421.21746826171875,481.01873779296875,82.7649917602539
2024-02-21,180.3538360595703,38.14745330810547,70.4456558227539,187.47999572753906,171.64785766601562,419.5319519042969,481.4544982910156,82.17659759521484
2024-02-22,182.38172912597656,38.53641891479492,71.23822021484375,187.55999755859375,173.7068634033203,431.81396484375,491.4184265136719,82.57777404785156
2024-02-23,180.55169677734375,38.5174446105957,71.33037567138672,188.6199951171875,174.579833984375,430.5424499511719,491.75732421875,83.68321990966797
2024-02-26,179.20635986328125,38.3466796875,71.22899627685547,188.1999969482422,173.98202514648438,430.315673828125,489.9562072753906,83.43360137939453
2024-02-27,180.66050720214844,38.42258071899414,71.42252349853516,188.0,174.06744384765625,431.3506774902344,490.8664245605469,82.8452377319336
2024-02-28,179.4635467529297,37.919761657714844,71.00782775878906,188.33999633789062,174.94984436035156,429.05401611328125,490.2176818847656,83.37117004394531
2024-02-29,178.80078125,37.93873977661133,71.19213104248047,189.30999755859375,176.5439453125,432.730712890625,491.97998046875,83.95954895019531
2024-03-01,177.72251892089844,38.40359878540039,71.88331604003906,192.88999938964844,175.8133087158203,439.24627685546875,496.59881591796875,84.48271942138672
2024-03-04,173.2117462158203,38.31821823120117,71.69900512695312,196.00999450683594,177.1322021484375,437.6789855957031,496.0662841796875,84.14289855957031
2024-03-05,168.28543090820312,37.976680755615234,71.56998443603516,197.19000244140625,178.90660095214844,429.82281494140625,491.1085510253906,85.34122467041016
2024-03-06,167.29617309570312,38.52693557739258,72.41783905029297,198.80999755859375,179.83645629882812,432.52374267578125,493.5970764160156,85.8420181274414
2024-03-07,167.17750549316406,38.76411437988281,73.27490997314453,199.94000244140625,178.2613525390625,439.0886535644531,498.4967346191406,85.76156616210938
2024-03-08,168.8888397216797,38.72616195678711,73.03530883789062,201.6300048828125,178.5934600830078,432.75042724609375,495.5046691894531,85.60951232910156
2024-03-11,170.88705444335938,38.81154251098633,72.62057495117188,202.0,178.65988159179688,431.1437072753906,495.07861328125,85.5648193359375
2024-03-12,171.3618621826172,39.23846435546875,73.201171875,199.7899932861328,180.13064575195312,437.3241882324219,500.4043884277344,84.8493881225586
2024-03-13,169.28453063964844,39.11512756347656,73.21040344238281,201.19000244140625,181.59185791015625,433.9628601074219,499.6199951171875,84.4380111694336
2024-03-14,171.13433837890625,38.9159049987793,72.6758804321289,200.35000610351562,178.3562469482422,432.8687438964844,498.63238525390625,83.14128112792969
2024-03-15,170.75845336914062,38.67873001098633,72.70352935791016,199.7100067138672,180.56710815429688,427.7232360839844,495.20843505859375,83.11447143554688
2024-03-18,171.84658813476562,38.745140075683594,72.68508911132812,200.02999877929688,182.80638122558594,431.80267333984375,498.1515197753906,82.86408233642578
2024-03-19,174.18113708496094,38.55539321899414,72.81412506103516,199.8000030517578,183.8785858154297,432.8785095214844,500.9197998046875,83.09658813476562
2024-03-20,176.74317932128906,38.99179458618164,73.58824157714844,202.17999267578125,186.2886962890625,438.0110168457031,505.5529479980469,83.06976318359375
2024-03-21,169.5219268798828,39.03923797607422,73.55137634277344,201.97000122070312,188.87904357910156,440.083740234375,507.2236022949219,83.24861145019531
2024-03-22,170.42210388183594,38.76411437988281,73.39471435546875,200.35000610351562,186.5638427734375,440.5871276855469,506.2620544433594,84.04452514648438
2024-03-25,169.00753784179688,38.79256820678711,73.238037109375,200.99000549316406,184.8559112548828,438.9881591796875,504.86346435546875,83.62420654296875
2024-03-26,167.8798370361328,38.76411437988281,73.32099151611328,201.63999938964844,185.71937561035156,437.5668640136719,503.9308776855469,83.8567123413086
2024-03-27,171.4409942626953,38.83052062988281,73.76333618164062,203.10000610351562,189.3155517578125,439.0572204589844,508.1658935546875,84.68840026855469
2024-03-28,169.63072204589844,38.97282409667969,73.59746551513672,205.72000122070312,190.0556640625,438.2479248046875,508.0686950683594,84.61685943603516
2024-04-01,168.19635009765625,39.03923797607422,73.28412628173828,207.82000732421875,188.76519775390625,439.1756896972656,507.18475341796875,83.03950500488281
2024-04-02,167.0192108154297,39.16257095336914,72.76803588867188,210.88999938964844,188.68930053710938,435.3854675292969,503.96002197265625,82.58191680908203
2024-04-03,167.82046508789062,39.19103240966797,73.17353820800781,212.74000549316406,188.15794372558594,436.3626708984375,504.513671875,82.5639877319336
2024-04-04,166.9994354248047,39.04872131347656,72.54685974121094,211.52000427246094,186.72633361816406,429.6903991699219,498.3554992675781,83.15615844726562
2024-04-05,167.75123596191406,39.13410186767578,72.77725982666016,215.13999938964844,188.44424438476562,434.7538146972656,503.5617370605469,81.99874114990234
2024-04-08,166.6334228515625,39.390262603759766,73.13667297363281,216.47999572753906,189.42724609375,434.8821716308594,503.8433837890625,81.98973846435547
2024-04-09,167.84027099609375,39.6558952331543,73.12744903564453,217.6699981689453,188.15792846679688,436.4909973144531,504.42626953125,82.75240325927734
2024-04-10,165.97064208984375,39.11512756347656,72.15979766845703,215.61000061035156,186.55455017089844,432.6810607910156,499.3753356933594,80.94894409179688
2024-04-11,173.15234375,39.35231018066406,72.35332489013672,219.8000030517578,186.51637268066406,439.5902404785156,503.14410400390625,80.5810775756836
2024-04-12,174.64608764648438,38.4510383605957,71.18291473388672,216.88999938964844,174.452880859375,432.5824279785156,496.19921875,81.01175689697266
2024-04-15,170.82769775390625,38.20437240600586,70.97095489501953,220.9499969482422,174.54832458496094,425.4659423828125,489.98272705078125,79.75559997558594
2024-04-16,167.55340576171875,37.70156478881836,70.27055358886719,221.22000122070312,172.5536651611328,425.50543212890625,489.089111328125,79.22624969482422
2024-04-17,166.1882781982422,37.673091888427734,70.31663513183594,219.58999633789062,171.8665008544922,420.31365966796875,486.1945495605469,80.10553741455078
2024-04-18,165.2386016845703,37.82489013671875,70.12310028076172,220.33999633789062,172.98313903808594,417.9151916503906,485.194091796875,79.70179748535156
2024-04-19,163.2206268310547,37.673091888427734,70.15074157714844,221.02999877929688,177.3256072998047,409.2688903808594,480.95916748046875,79.9888916015625
2024-04-22,164.05157470703125,38.08103942871094,70.97095489501953,215.57000732421875,180.77093505859375,413.3847961425781,485.388427734375,79.85433959960938
2024-04-23,165.10011291503906,38.39411163330078,71.74507904052734,215.0399932861328,183.37643432617188,419.5537109375,491.14825439453125,79.8812255859375
2024-04-24,167.19728088378906,38.52693557739258,71.6068344116211,214.63999938964844,184.27357482910156,420.97503662109375,490.9151611328125,79.31597900390625
2024-04-25,168.05787658691406,38.61231994628906,71.27506256103516,215.9199981689453,184.55032348632812,418.9417419433594,489.0502014160156,78.75967407226562
2024-04-26,167.47425842285156,39.05820846557617,71.84645080566406,216.6199951171875,184.66488647460938,425.4067077636719,493.6834716796875,79.17239379882812
2024-04-29,171.6289520263672,39.43769073486328,72.12293243408203,216.17999267578125,184.4644317626953,427.134033203125,495.43182373046875,79.83638763427734
2024-04-30,168.49314880371094,38.8874397277832,71.21056365966797,211.8699951171875,182.9947052001953,419.07989501953125,487.5835876464844,79.1544418334961
2024-05-01,167.47425842285156,38.92538833618164,71.05388641357422,213.7899932861328,183.1092071533203,416.0497131347656,486.0003356933594,79.7379150390625
2024-05-02,171.16403198242188,39.9310188293457,72.01234436035156,213.1300048828125,182.9183349609375,421.3599548339844,490.5460510253906,80.080078125
2024-05-03,181.40243530273438,40.29153060913086,72.73116302490234,212.9600067138672,181.82078552246094,429.82861328125,496.6265563964844,80.89041137695312
2024-05-06,179.7504425048828,40.32947540283203,73.22882843017578,215.1999969482422,183.24281311035156,434.53668212890625,501.7551574707031,81.2055435180664
2024-05-07,180.43296813964844,40.10178756713867,73.42234802246094,214.2100067138672,183.00421142578125,434.60577392578125,502.3088073730469,81.70075225830078
2024-05-08,180.7693328857422,40.11127471923828,73.33942413330078,213.5800018310547,186.72633361816406,434.3491516113281,502.3572998046875,81.2055435180664
2024-05-09,182.57958984375,40.2346076965332,73.9015884399414,216.9499969482422,188.49197387695312,435.2967224121094,505.2518615722656,81.60169982910156
2024-05-10,181.3215789794922,40.31999206542969,74.03981018066406,218.7100067138672,189.7040252685547,436.3232421875,505.9026794433594,81.14251708984375
2024-05-13,184.52108764648438,40.62358093261719,74.03981018066406,216.25999450683594,189.66587829589844,437.3299560546875,505.9705810546875,81.349609375
2024-05-14,185.66018676757812,40.841773986816406,74.5927734375,218.08999633789062,192.31906127929688,440.1429443359375,508.29217529296875,81.80878448486328
2024-05-15,187.92860412597656,41.27818298339844,75.38533020019531,220.88999938964844,192.89170837402344,447.02252197265625,514.5863647460938,82.92529296875
2024-05-16,188.04745483398438,41.36356735229492,74.97982788085938,220.02999877929688,193.23526000976562,446.11444091796875,513.5275268554688,82.84423065185547
2024-05-17,188.0771942138672,41.5438232421875,75.23786926269531,223.66000366210938,195.44944763183594,445.8973388671875,514.265625,82.28602600097656
2024-05-20,189.23614501953125,41.39202880859375,75.29316711425781,224.55999755859375,186.65951538085938,449.00640869140625,514.8582153320312,82.04291534423828
2024-05-21,190.5337677001953,41.13587951660156,75.1733627319336,224.22999572753906,190.4198455810547,449.8848876953125,516.1210327148438,82.46607971191406
2024-05-22,189.0974578857422,41.00305938720703,74.46375274658203,220.11000061035156,189.26499938964844,449.79608154296875,514.634765625,82.56511688232422
2024-05-23,185.11544799804688,40.6994743347168,74.08589935302734,215.72000122070312,187.9384002685547,447.7726745605469,510.8758544921875,82.03389739990234
2024-05-24,188.18614196777344,40.81332015991211,74.69413757324219,215.9199981689453,191.5555419921875,452.00701904296875,514.256103515625,82.27699279785156
2024-05-28,188.196044921875,40.75639343261719,74.66648864746094,218.19000244140625,190.4007110595703,453.7145080566406,514.6153564453125,81.09749603271484
2024-05-29,188.4932098388672,40.14922332763672,73.48686218261719,216.16000366210938,189.07412719726562,450.5165710449219,511.0118103027344,80.1160888671875
2024-05-30,189.4837646484375,40.035377502441406,74.10433197021484,216.57000732421875,190.2384796142578,445.69000244140625,507.6219482421875,80.89041137695312
2024-05-31,190.43472290039062,39.64641189575195,74.81394958496094,215.3000030517578,193.38800048828125,444.86090087890625,512.2453002929688,81.43965148925781
2024-06-03,192.19789123535156,40.0638427734375,75.02590942382812,217.22000122070312,192.61492919921875,447.24957275390625,512.6630249023438,82.75688934326172
2024-06-04,192.514892578125,39.50410079956055,74.93374633789062,215.27000427246094,190.0762481689453,448.4734802246094,513.236083984375,83.72357940673828
2024-06-05,194.02052307128906,40.13973617553711,75.45904541015625,217.82000732421875,188.2628936767578,457.51458740234375,519.3360595703125,84.33792114257812
2024-06-06,192.64364624023438,40.33896255493164,75.71710205078125,219.42999267578125,187.9288787841797,457.356689453125,519.3262939453125,84.21145629882812
2024-06-07,195.03089904785156,39.88359069824219,74.89688873291016,211.60000610351562,190.8302001953125,456.9519348144531,518.6948852539062,82.66653442382812
2024-06-10,191.29649353027344,40.12076187133789,74.84159851074219,213.5399932861328,190.50572204589844,458.7976989746094,520.297607421875,82.11543273925781
2024-06-11,205.1939697265625,39.98702621459961,73.99113464355469,214.14999389648438,185.49517822265625,461.9462890625,521.55078125,82.96469116210938
2024-06-12,211.05810546875,40.38822937011719,74.86316680908203,214.72000122070312,182.79425048828125,467.9967346191406,525.834228515625,83.58808135986328
2024-06-13,212.217041015625,40.29270553588867,73.79422760009766,212.97000122070312,184.82713317871094,470.5333557128906,526.8928833007812,84.81675720214844
2024-06-14,210.48361206054688,40.34046936035156,72.97846221923828,215.72999572753906,184.94161987304688,472.9713439941406,527.2134399414062,85.53052520751953
2024-06-17,214.62411499023438,40.598392486572266,73.26913452148438,214.61000061035156,186.08689880371094,478.76513671875,531.40966796875,84.6812515258789
2024-06-18,212.26657104492188,40.9709358215332,73.55980682373047,215.47000122070312,188.01475524902344,478.9132080078125,532.7597045898438,85.45824432373047
2024-06-20,207.70013427734375,40.90406799316406,73.60669708251953,218.16000366210938,189.60861206054688,475.2217712402344,531.3125,84.88904571533203
2024-06-21,205.5308074951172,40.760780334472656,73.09097290039062,214.77999877929688,187.34669494628906,473.9485168457031,530.60009765625,84.88904571533203
2024-06-24,206.17465209960938,40.760780334472656,73.67232513427734,215.6300048828125,189.8090057373047,468.5527648925781,528.8753051757812,85.23235321044922
2024-06-25,207.09591674804688,40.665260314941406,73.8504867553711,214.55999755859375,189.0359649658203,473.91094970703125,530.911865234375,85.37690734863281
2024-06-26,211.2364044189453,40.579280853271484,73.306640625,212.5800018310547,188.4251251220703,474.8896484375,531.5746459960938,84.15723419189453
2024-06-27,212.078369140625,40.60793685913086,73.36289978027344,214.99000549316406,190.08578491210938,476.1154479980469,532.41259765625,84.49153900146484
2024-06-28,208.63124084472656,40.68436050415039,73.44728088378906,215.00999450683594,193.03485107421875,473.6440124511719,530.3175048828125,82.91950988769531
2024-07-01,214.70338439941406,40.77988815307617,73.57855987548828,215.57000732421875,196.079345703125,476.4219665527344,531.408935546875,81.4884033203125
2024-07-02,218.19012451171875,40.90406799316406,73.75672149658203,215.55999755859375,199.30519104003906,481.42425537109375,534.985107421875,82.12284851074219
2024-07-03,219.45803833007812,41.50588607788086,74.60062408447266,217.99000549316406,199.1715850830078,485.4378967285156,537.37255859375,83.2013931274414
2024-07-05,224.20281982421875,41.677825927734375,75.09757232666016,220.92999267578125,196.532470703125,490.4994812011719,540.4713745117188,83.89018249511719
2024-07-08,225.66883850097656,41.6873779296875,74.7225112915039,218.19000244140625,196.89712524414062,491.6660461425781,541.0950317382812,84.0714340209961
2024-07-09,226.52072143554688,41.85932540893555,74.4224624633789,218.55999755859375,199.25794982910156,492.09112548828125,541.6211547851562,83.6998519897461
2024-07-10,230.78013610839844,42.09813690185547,75.47264099121094,219.36000061035156,199.4210968017578,497.221923828125,546.980712890625,83.96269226074219
2024-07-11,225.4211883544922,42.34650802612305,75.68830871582031,223.25,199.08518981933594,486.31768798828125,542.2642822265625,84.77838134765625
2024-07-12,228.3631591796875,42.51844787597656,76.49470520019531,223.11000061035156,196.67640686035156,489.1747741699219,545.6846923828125,85.14092254638672
2024-07-15,232.1867218017578,42.06948471069336,75.819580078125,223.8300018310547,201.58038330078125,490.48956298828125,547.185302734375,84.16206359863281
2024-07-16,232.60275268554688,42.30829620361328,76.18527221679688,228.2899932861328,205.0064239501953,490.67742919921875,550.43017578125,85.3493881225586
2024-07-17,226.7188262939453,41.62051010131836,75.78207397460938,227.22999572753906,208.12538146972656,476.27362060546875,542.7125854492188,85.36749267578125
2024-07-18,222.06320190429688,41.22885513305664,75.03192901611328,225.77999877929688,201.51318359375,474.0196533203125,538.5419921875,84.71495056152344
2024-07-19,222.19200134277344,40.82765197753906,74.5724868774414,221.72999572753906,201.3212432861328,469.818115234375,534.965576171875,84.21648406982422
2024-07-22,221.84530639648438,41.171539306640625,75.3601303100586,221.8000030517578,201.80113220214844,476.8174133300781,540.4810791015625,83.9717788696289
2024-07-23,222.8853759765625,40.80854415893555,74.93817138671875,222.5800018310547,201.8490753173828,475.1368103027344,539.63330078125,83.85394287109375
2024-07-24,216.47647094726562,40.216285705566406,73.99113464355469,221.8000030517578,200.1792449951172,458.093505859375,527.4038696289062,82.94760131835938
2024-07-25,215.43638610839844,40.053890228271484,73.52230834960938,218.3300018310547,200.25601196289062,453.0417785644531,524.6558837890625,83.62733459472656
2024-07-26,215.9019317626953,40.46465301513672,74.45996856689453,220.6300048828125,203.6820831298828,457.6882019042969,530.5318603515625,84.2799072265625
2024-07-29,216.17930603027344,40.33091735839844,74.13177490234375,220.32000732421875,202.34814453125,458.6075134277344,530.84375,84.73309326171875
2024-07-30,216.7340087890625,40.14942169189453,74.3005599975586,222.52000427246094,206.5131072998047,452.310302734375,528.1542358398438,85.05935668945312
2024-07-31,219.9830322265625,41.028255462646484,75.35075378417969,226.5500030517578,204.21949768066406,465.6957702636719,536.7391357421875,85.92942810058594
2024-08-01,216.2981719970703,40.31180953979492,73.35352325439453,225.77000427246094,199.5746612548828,454.41595458984375,529.138427734375,86.6705551147461
2024-08-02,217.7839813232422,39.73865509033203,72.20020294189453,225.33999633789062,191.1102752685547,443.6304016113281,519.2866821289062,89.371337890625
2024-08-05,207.29400634765625,38.6114501953125,70.62491607666016,222.47999572753906,187.04124450683594,430.4029846191406,504.1631774902344,89.84420013427734
2024-08-06,205.2732696533203,38.8311653137207,70.7468032836914,220.6999969482422,192.2618865966797,434.5155334472656,508.81134033203125,87.83451843261719
2024-08-07,207.8388214111328,39.069976806640625,71.08436584472656,220.5500030517578,192.31948852539062,429.8099060058594,505.4104309082031,87.2161865234375
2024-08-08,211.2958526611328,39.958370208740234,72.27520751953125,224.00999450683594,195.83187866210938,442.95819091796875,517.09423828125,86.67965698242188
2024-08-09,214.1981964111328,40.178077697753906,72.55650329589844,224.55999755859375,197.50173950195312,445.2714538574219,519.3743286132812,87.534423828125
2024-08-12,215.72543334960938,40.31180953979492,72.49087524414062,228.41000366210938,197.87603759765625,446.2303771972656,519.647216796875,87.85273742675781
2024-08-13,219.4344024658203,40.760780334472656,73.73796081542969,228.05999755859375,199.5554656982422,457.3026123046875,528.1932983398438,88.46199035644531
2024-08-14,219.8806610107422,40.541072845458984,74.0098876953125,226.1999969482422,201.76272583007812,457.4508972167969,529.8595581054688,89.0167007446289
2024-08-15,222.8557586669922,40.99004364013672,74.91004943847656,226.91000366210938,203.01988220214844,469.0075378417969,538.9413452148438,88.29829406738281
2024-08-16,224.1747283935547,41.46767044067383,75.32261657714844,231.99000549316406,205.34230041503906,469.61053466796875,540.149658203125,88.60748291015625
2024-08-19,224.01605224609375,41.86888122558594,76.24152374267578,231.61000061035156,206.76263427734375,475.7793273925781,545.3143920898438,89.0167007446289
2024-08-20,224.6309051513672,41.54409408569336,76.00711822509766,232.4600067138672,205.8701171875,474.7808532714844,544.4276123046875,89.7259750366211
2024-08-21,224.52183532714844,41.70648193359375,76.71036529541016,232.14999389648438,205.94691467285156,476.9953308105469,546.2985229492188,89.78054809570312
2024-08-22,222.66732788085938,41.190643310546875,76.2602767944336,229.3699951171875,207.8950653076172,469.4325866699219,542.0108642578125,88.88938903808594
2024-08-23,224.95819091796875,41.8784294128418,77.65739440917969,232.02000427246094,209.50730895996094,474.52386474609375,547.7699584960938,89.47139739990234
2024-08-26,225.29534912109375,41.524986267089844,77.31047058105469,232.75999450683594,210.3326416015625,469.91705322265625,546.4641723632812,89.24404907226562
2024-08-27,226.13829040527344,41.582298278808594,77.66678619384766,233.38999938964844,211.30191040039062,471.32086181640625,547.2146606445312,89.08946228027344
2024-08-28,224.61109924316406,41.324378967285156,77.39485931396484,231.75,212.36715698242188,465.9725646972656,544.037841796875,88.98031616210938
2024-08-29,227.88369750976562,41.34348678588867,77.68553161621094,232.9499969482422,213.25006103515625,465.2904052734375,544.0864868164062,88.6893310546875
2024-08-30,227.1002655029297,41.42945861816406,77.80742645263672,231.2899932861328,215.73562622070312,470.8363952636719,549.2804565429688,87.74362182617188
2024-09-03,220.92193603515625,40.60793685913086,76.57908630371094,230.2899932861328,211.4170684814453,456.5414123535156,537.9767456054688,89.17868041992188
2024-09-04,219.0178985595703,40.598392486572266,76.24152374267578,230.42999267578125,210.48619079589844,455.35504150390625,536.87548828125,90.32817840576172
2024-09-05,220.53518676757812,40.655704498291016,76.2602767944336,232.35000610351562,208.85475158691406,455.7801818847656,535.56982421875,90.83909606933594
2024-09-06,218.9881134033203,39.91060256958008,74.8256607055664,230.6300048828125,203.89320373535156,443.571044921875,526.5560913085938,90.82996368408203
2024-09-09,219.07737731933594,40.24494552612305,75.5757827758789,231.60000610351562,208.0677947998047,449.27520751953125,532.4514770507812,91.22225189208984
2024-09-10,218.2840118408203,40.09210205078125,75.20072174072266,232.6199951171875,197.27142333984375,453.42730712890625,534.7708129882812,91.86089324951172
2024-09-11,220.81285095214844,40.38822937011719,75.65080261230469,232.25,198.8740692138672,463.2736511230469,540.2568359375,91.78788757324219
2024-09-12,220.92193603515625,40.722572326660156,76.26966094970703,236.3300018310547,198.2694854736328,467.82122802734375,544.8076171875,91.3591079711914
2024-09-13,220.65420532226562,40.91362380981445,76.44782257080078,238.67999267578125,196.08145141601562,469.91705322265625,547.653076171875,91.60543060302734
2024-09-16,214.5254364013672,41.04735565185547,77.0666732788086,238.66000366210938,199.47869873046875,467.8409729003906,548.4618530273438,92.44473266601562
2024-09-17,214.99156188964844,41.09511947631836,76.6353530883789,237.33999633789062,200.8126220703125,468.088134765625,548.6859741210938,91.99771118164062
2024-09-18,218.85919189453125,40.95183181762695,76.39155578613281,235.50999450683594,199.16197204589844,466.0614929199219,547.0586547851562,90.85733795166016
2024-09-19,226.97134399414062,41.82111740112305,77.90119934082031,239.1699981689453,201.9930419921875,477.84552001953125,556.3939208984375,90.55628204345703
2024-09-20,226.306884765625,41.735145568847656,77.13231658935547,242.2100067138672,202.5784149169922,476.9360046386719,555.4320068359375,90.20958709716797
2024-09-23,224.59124755859375,42.05992889404297,77.42298889160156,242.67999267578125,202.91432189941406,478.2002868652344,556.820068359375,90.01798248291016
2024-09-24,225.48379516601562,43.49281311035156,77.88243865966797,246.07000732421875,203.0583038330078,480.50689697265625,558.413330078125,89.99976348876953
2024-09-25,224.49208068847656,43.03428649902344,77.46049499511719,245.72999572753906,201.71473693847656,480.9523620605469,557.1815795898438,89.25165557861328
2024-09-26,225.63255310058594,44.6104621887207,79.16704559326172,246.97999572753906,201.3212432861328,484.5657958984375,559.3907470703125,89.46148681640625
2024-09-27,225.90028381347656,44.52449035644531,78.68882751464844,245.02000427246094,202.01223754882812,481.873046875,558.5794067382812,89.92674255371094
2024-09-30,231.06707763671875,43.808048248291016,78.41690826416016,243.05999755859375,202.3577117919922,483.1798095703125,560.8177490234375,89.49797821044922
2024-10-01,224.3334197998047,44.12328338623047,77.83556365966797,245.61000061035156,198.69171142578125,476.44793701171875,555.7937622070312,90.1441421508789
2024-10-02,224.898681640625,44.9925651550293,77.6761474609375,245.66000366210938,198.93167114257812,477.12115478515625,556.0282592773438,89.38448333740234
2024-10-03,223.79788208007812,44.45762252807617,76.95416259765625,245.49000549316406,196.9547119140625,476.7648010253906,555.0117797851562,88.54244995117188
2024-10-04,224.9185028076172,44.86838150024414,77.40422821044922,245.0,203.9453582763672,482.4373474121094,560.0553588867188,87.45330047607422
2024-10-07,219.8509063720703,45.240936279296875,76.97290802001953,244.1699981689453,203.66534423828125,477.26959228515625,554.9921875,86.7942886352539
2024-10-08,223.89706420898438,44.12328338623047,76.85100555419922,242.3699951171875,203.49154663085938,484.39752197265625,560.2411499023438,86.94072723388672
2024-10-09,227.63575744628906,43.88446807861328,76.86976623535156,241.0500030517578,206.06959533691406,488.2088928222656,564.1216430664062,86.44651794433594
2024-10-10,227.13990783691406,43.97043991088867,76.77599334716797,242.82000732421875,205.5095672607422,487.654541015625,563.1343383789062,86.10785675048828
2024-10-11,225.6623077392578,44.28567886352539,77.16981506347656,245.47000122070312,214.6341094970703,488.416748046875,566.5065307617188,85.76005554199219
2024-10-14,229.3811798095703,44.10417556762695,77.39485931396484,245.07000732421875,213.85198974609375,492.51531982421875,571.1396484375,85.8241195678711
2024-10-15,231.91001892089844,43.168025970458984,76.11024475097656,245.9199981689453,214.73065185546875,485.93194580078125,566.7020263671875,86.8675308227539
2024-10-16,229.85719299316406,43.50236892700195,76.30715942382812,247.14999389648438,215.93760681152344,485.9913635253906,569.165283203125,87.23360443115234
2024-10-17,230.22412109375,43.43550491333008,76.31654357910156,248.6300048828125,216.6907501220703,486.3280029296875,569.2140502929688,85.85157775878906
2024-10-18,233.0504913330078,43.86536407470703,76.83226013183594,251.27000427246094,217.60800170898438,489.5157470703125,571.4035034179688,85.91564178466797
2024-10-21,234.51820373535156,43.55967712402344,75.9227294921875,251.22000122070312,215.31967163085938,490.45623779296875,570.4652099609375,84.41461944580078
2024-10-22,233.90335083007812,43.46415710449219,75.49140167236328,253.92999267578125,216.4010772705078,490.99072265625,570.162109375,84.49700927734375
2024-10-23,228.84564208984375,43.20623779296875,74.73188781738281,250.8699951171875,215.71554565429688,483.4669189453125,564.9523315429688,84.26817321777344
2024-10-24,228.65724182128906,43.13936996459961,75.15384674072266,252.8000030517578,217.23146057128906,487.3872985839844,566.1741333007812,84.80818176269531
2024-10-25,229.49026489257812,43.101158142089844,74.90066528320312,253.32000732421875,214.65342712402344,490.3571472167969,565.9786376953125,84.33223724365234
2024-10-28,231.4637451171875,43.292205810546875,75.50077056884766,253.3300018310547,217.73353576660156,490.4363708496094,567.7283325195312,84.10342407226562
2024-10-29,231.7315216064453,43.15847396850586,75.22885131835938,256.0899963378906,215.22308349609375,495.1487121582031,568.6471557617188,84.23155212402344
2024-10-30,228.19114685058594,42.738162994384766,74.74125671386719,257.5,216.68109130859375,491.4065856933594,566.9268798828125,84.47867584228516
2024-10-31,224.03590393066406,42.46113586425781,74.28180694580078,253.50999450683594,214.27684020996094,479.0021057128906,555.8133544921875,84.61595916748047
2024-11-01,221.06077575683594,42.499351501464844,74.43183135986328,252.47000122070312,215.26173400878906,482.54620361328125,558.1591186523438,83.42301940917969
2024-11-04,220.16822814941406,42.738162994384766,74.48810577392578,252.8300018310547,212.21054077148438,481.1405029296875,556.9569091796875,84.71788787841797
2024-11-05,221.59628295898438,43.320865631103516,75.22885131835938,253.39999389648438,213.86166381835938,487.2783508300781,563.6914672851562,85.16789245605469
2024-11-06,220.87237548828125,42.78592300415039,74.14115905761719,245.6999969482422,238.55099487304688,500.514404296875,577.7080078125,82.83526611328125
2024-11-07,225.59288024902344,43.73162841796875,75.266357421875,249.64999389648438,228.2388458251953,508.39459228515625,582.1748657226562,83.8730239868164
2024-11-08,225.3248291015625,42.652191162109375,74.22554779052734,247.9600067138672,228.81817626953125,508.98870849609375,584.6967163085938,84.93830108642578
2024-11-11,222.61447143554688,42.3274040222168,74.24430084228516,242.13999938964844,231.04859924316406,508.6916198730469,585.2538452148438,84.52506256103516
2024-11-12,222.61447143554688,41.524986267089844,72.86593627929688,240.0500030517578,231.30931091308594,507.77093505859375,583.4358520507812,83.25772094726562
2024-11-13,223.49806213378906,41.257511138916016,72.43460845947266,237.6300048828125,232.8542022705078,507.1175842285156,583.7193603515625,82.46795654296875
2024-11-14,226.5757293701172,41.028255462646484,72.58463287353516,237.00999450683594,233.5397491455078,503.59326171875,579.9658813476562,82.94548034667969
2024-11-15,223.37893676757812,41.028255462646484,72.32208251953125,236.58999633789062,236.8612518310547,491.5946960449219,572.537353515625,82.72509002685547
2024-11-18,226.37718200683594,41.4963264465332,72.7159194946289,241.08999633789062,236.59092712402344,495.0101013183594,574.8832397460938,82.87202453613281
2024-11-19,226.6352996826172,41.46767044067383,72.62213897705078,243.25,234.7177276611328,498.4156494140625,576.9848022460938,83.29446411132812
2024-11-20,227.35012817382812,41.41990661621094,72.42523193359375,244.6199951171875,232.4873046875,498.1285400390625,577.1802978515625,83.02816009521484
2024-11-21,226.87355041503906,41.33393859863281,72.4439926147461,246.66000366210938,236.33021545410156,499.9203796386719,580.2786865234375,82.96385192871094
2024-11-22,228.21383666992188,41.34348678588867,72.72528839111328,249.83999633789062,239.98968505859375,500.7223205566406,582.0772094726562,83.00978088378906
2024-11-25,231.19224548339844,41.37215042114258,73.10034942626953,242.47999572753906,241.6697540283203,501.5142822265625,584.0516357421875,85.15872192382812
2024-11-26,233.366455078125,41.200199127197266,72.67840576171875,242.9499969482422,241.3607940673828,504.2070007324219,587.1012573242188,84.82811737060547
2024-11-27,233.2373809814453,41.257511138916016,73.07221984863281,243.49000549316406,241.1869659423828,500.2371826171875,585.3223266601562,85.41587829589844
2024-11-29,235.62008666992188,41.324378967285156,74.04740142822266,245.58999633789062,241.11940002441406,504.6326599121094,588.9583740234375,86.29747009277344
2024-12-02,237.86383056640625,41.48677444458008,74.25367736816406,243.44000244140625,237.76890563964844,510.1270751953125,590.0139770507812,86.50481414794922
2024-12-03,240.90174865722656,41.572750091552734,74.67562866210938,243.92999267578125,236.38816833496094,511.6913146972656,590.2876586914062,85.75835418701172
2024-12-04,241.2591552734375,41.677825927734375,74.73188781738281,244.6699981689453,235.0170440673828,518.0172119140625,593.9530029296875,86.6799087524414
2024-12-05,241.28895568847656,41.95485305786133,75.09757232666016,242.86000061035156,237.025390625,516.581787109375,592.9756469726562,86.8550033569336
2024-12-06,241.09039306640625,41.88798522949219,75.08821105957031,242.9499969482422,238.84068298339844,521.2050170898438,594.0997924804688,86.98401641845703
2024-12-09,244.97222900390625,42.74771499633789,75.04132080078125,245.36000061035156,235.41293334960938,517.1460571289062,591.0403442382812,86.18228149414062
2024-12-10,245.98486328125,42.05992889404297,74.36619567871094,248.58999633789062,234.49566650390625,515.3838500976562,589.2027587890625,85.77680969238281
2024-12-11,244.714111328125,42.231876373291016,74.83502960205078,250.9600067138672,235.142578125,524.6104736328125,593.7576293945312,84.9658432006836
2024-12-12,246.1735076904297,42.021724700927734,74.17866516113281,247.27999877929688,233.21145629882812,521.2247314453125,590.6983032226562,83.9337387084961
2024-12-13,246.34228515625,42.05992889404297,73.97238159179688,244.2899932861328,231.67623901367188,525.2144775390625,590.5809326171875,83.07669830322266
2024-12-16,249.23130798339844,41.83066940307617,73.72857666015625,244.8800048828125,231.32862854003906,532.7779541015625,593.102783203125,83.32551574707031
2024-12-17,251.6537322998047,41.730613708496094,73.61167907714844,243.94000244140625,230.150634765625,530.4315795898438,590.6591186523438,83.52824401855469
2024-12-18,246.26287841796875,40.75923538208008,71.80584716796875,239.25999450683594,222.43580627441406,511.2952880859375,573.055419921875,82.48377990722656
2024-12-19,247.99029541015625,40.89522933959961,71.5777359008789,239.60000610351562,224.93661499023438,509.018310546875,572.8794555664062,81.23486328125
2024-12-20,252.656494140625,41.060359954833984,71.37814331054688,242.10000610351562,229.4168243408203,513.4632568359375,579.7603149414062,81.69742584228516
2024-12-23,253.4308319091797,41.29349136352539,71.84386444091797,240.9600067138672,230.1796112060547,518.4658813476562,583.2321166992188,80.94810485839844
2024-12-24,256.3397521972656,41.419776916503906,72.10047912597656,241.44000244140625,233.96456909179688,525.49609375,589.7147827148438,81.29039001464844
2024-12-26,257.1538391113281,41.274070739746094,72.44264221191406,243.07000732421875,234.76600646972656,525.13916015625,589.7540283203125,81.24412536621094
2024-12-27,253.74853515625,41.08950424194336,72.33809661865234,241.39999389648438,232.86387634277344,518.1583862304688,583.5459594726562,80.57803344726562
2024-12-30,250.38296508789062,40.75923538208008,71.86287689208984,240.6300048828125,231.07757568359375,511.26702880859375,576.8867797851562,81.22561645507812
2024-12-31,248.6157989501953,40.62323760986328,71.86287689208984,242.1300048828125,231.4541473388672,506.9239196777344,574.7880249023438,80.79083251953125
2025-01-02,242.09312438964844,40.56495666503906,71.61576080322266,245.4199981689453,231.7341766357422,505.9323425292969,573.375732421875,81.01283264160156
2025-01-03,241.6066436767578,40.94379806518555,71.92940521240234,243.49000549316406,234.90118408203125,514.2119140625,580.5448608398438,80.75382232666016
2025-01-06,243.23483276367188,41.08950424194336,72.61372375488281,243.19000244140625,233.75595092773438,520.1217041015625,583.88916015625,80.39302062988281
2025-01-07,240.46495056152344,40.79808807373047,72.55668640136719,244.55999755859375,236.00758361816406,510.84063720703125,577.2887573242188,79.48639678955078
2025-01-08,240.95140075683594,40.60380935668945,72.44264221191406,245.86000061035156,235.96881103515625,510.92987060546875,578.1322631835938,79.58817291259766
2025-01-10,235.14356994628906,39.91413116455078,71.34012603759766,248.2100067138672,232.80479431152344,502.91790771484375,569.3056640625,79.06083679199219
2025-01-13,232.71121215820312,39.64214324951172,71.14053344726562,245.74000549316406,237.01698303222656,501.3016662597656,570.1883544921875,79.0330810546875
2025-01-14,231.59927368164062,40.08898162841797,71.39715576171875,247.02999877929688,240.18096923828125,500.82568359375,570.972900390625,78.90357971191406
2025-01-15,236.15621948242188,40.613529205322266,72.30957794189453,248.8800048828125,244.91722106933594,512.347900390625,581.3589477539062,80.26348876953125
2025-01-16,226.61544799804688,40.56495666503906,72.68025207519531,250.60000610351562,246.78067016601562,508.75830078125,580.2408447265625,80.52253723144531
2025-01-17,228.32302856445312,40.8855094909668,72.97488403320312,249.27000427246094,251.52664184570312,517.3453979492188,586.0664672851562,80.66129302978516
2025-01-21,221.03594970703125,41.322635650634766,74.44806671142578,253.1300048828125,255.28262329101562,520.3795776367188,591.4309692382812,81.38289642333984
2025-01-22,222.21737670898438,41.351776123046875,74.2770004272461,254.42999267578125,255.09825134277344,527.0330200195312,594.7557983398438,80.95735168457031
2025-01-23,222.04859924316406,41.44891357421875,74.8852767944336,254.07000732421875,258.11663818359375,528.153564453125,598.0018920898438,80.3282699584961
2025-01-24,221.1749267578125,41.72090530395508,75.30347442626953,255.64999389648438,257.0393371582031,525.1689453125,596.2561645507812,80.6890640258789
2025-01-27,228.20391845703125,40.96322250366211,75.30347442626953,252.99000549316406,258.0196228027344,509.8787536621094,587.8218994140625,81.64193725585938
2025-01-28,236.54339599609375,41.26435089111328,75.20841979980469,255.17999267578125,259.2716064453125,517.414794921875,592.8726806640625,81.58641815185547
2025-01-29,237.63548278808594,41.274070739746094,75.19892120361328,254.1999969482422,258.72808837890625,516.4429931640625,590.2149047851562,81.41989135742188
2025-01-30,235.8782196044922,41.97346115112305,76.02580261230469,258.04998779296875,260.3294982910156,518.6444091796875,593.3826293945312,81.72518157958984
2025-01-31,234.29966735839844,41.49748229980469,75.31297302246094,258.55999755859375,259.4268493652344,517.8906860351562,590.2247314453125,81.18862915039062
2025-02-03,226.3672332763672,41.19635772705078,74.42906188964844,259.94000244140625,258.9512939453125,513.7459106445312,586.2527465820312,81.84966278076172
2025-02-04,231.12274169921875,41.93460464477539,75.29396057128906,262.5,260.04803466796875,520.0523071289062,590.1854858398438,82.10031127929688
2025-02-05,230.7950897216797,41.827754974365234,76.02580261230469,264.1300048828125,262.4646911621094,522.4122314453125,592.5784912109375,83.45582580566406
2025-02-06,231.5397186279297,42.00260543823242,76.38697814941406,263.42999267578125,268.74407958984375,525.13916015625,594.6380004882812,83.41868591308594
2025-02-07,225.99000549316406,41.963748931884766,75.66463470458984,263.8999938964844,267.67645263671875,518.5154418945312,589.1949462890625,82.88019561767578
2025-02-10,226.25831604003906,42.468868255615234,76.1778793334961,268.3699951171875,263.05670166015625,524.7921142578125,593.1963500976562,82.62953186035156
2025-02-11,231.19793701171875,42.303733825683594,76.5390396118164,267.3900146484375,266.8903503417969,523.5427856445312,593.6475219726562,82.10031127929688
2025-02-12,235.42196655273438,42.536865234375,76.82417297363281,267.6700134277344,267.3368225097656,523.8501586914062,591.7349853515625,80.9862289428711
2025-02-13,240.05348205566406,42.8088493347168,77.75560760498047,270.30999755859375,268.18121337890625,531.3861694335938,597.9822998046875,82.33243560791016
2025-02-14,243.10472106933594,43.139122009277344,77.86965942382812,266.2900085449219,268.4432373046875,533.6171264648438,597.9529418945312,82.76878356933594
2025-02-18,242.9755096435547,43.411109924316406,78.430419921875,270.70001220703125,271.7043151855469,534.8267822265625,599.7084350585938,81.79396057128906
2025-02-19,243.373046875,43.34311294555664,77.62254333496094,270.8500061035156,271.02490234375,534.9756469726562,601.1207275390625,81.89606475830078
2025-02-20,244.32720947265625,43.74137878417969,77.98371124267578,270.989990234375,258.9415588378906,532.704833984375,598.6197509765625,82.20246124267578
2025-02-21,244.04891967773438,43.6151008605957,77.49899291992188,270.739990234375,256.4570007324219,521.6487426757812,588.3809814453125,83.19587707519531
2025-02-24,245.5894317626953,42.944847106933594,77.45146179199219,272.2099914550781,253.64242553710938,515.4911499023438,585.7035522460938,83.437255859375
2025-02-25,245.52980041503906,42.97399139404297,78.15479278564453,268.6199951171875,249.81845092773438,508.99627685546875,582.790771484375,84.87631225585938
2025-02-26,238.89065551757812,43.401397705078125,78.25933837890625,269.0299987792969,251.1675567626953,510.2257995605469,583.0849609375,85.37765502929688
2025-02-27,235.84934997558594,42.55629348754883,77.37542724609375,264.92999267578125,251.41986083984375,496.0561828613281,573.7777709960938,84.7741928100586
2025-02-28,240.36158752441406,41.97346115112305,77.5370101928711,263.2699890136719,256.85491943359375,503.8896484375,582.7318725585938,85.81401824951172
2025-03-03,236.57489013671875,41.604339599609375,78.39240264892578,266.739990234375,252.94363403320312,492.8633117675781,572.5225219726562,86.2145004272461
2025-03-04,234.4877166748047,41.95403289794922,78.3733901977539,269.05999755859375,242.8790740966797,491.3759765625,565.7455444335938,85.15276336669922
2025-03-05,234.2988739013672,43.207122802734375,80.24576568603516,269.6199951171875,244.1213836669922,497.7815246582031,571.8261108398438,84.4728775024414
2025-03-06,233.89138793945312,42.93513107299805,79.41887664794922,268.25,239.27833557128906,484.08782958984375,561.675537109375,84.19347381591797
2025-03-07,237.6085205078125,43.148834228515625,80.24576568603516,268.3900146484375,235.14382934570312,487.64764404296875,564.8236083984375,83.92340087890625
2025-03-10,226.08938598632812,42.119171142578125,78.35438537597656,266.0400085449219,225.38014221191406,468.74822998046875,549.779296875,84.79886627197266
2025-03-11,219.48997497558594,42.468868255615234,78.08826446533203,269.1600036621094,222.39083862304688,467.6277160644531,545.2090454101562,84.19347381591797
2025-03-12,215.65354919433594,42.70199966430664,78.6490249633789,270.3299865722656,221.18736267089844,472.90289306640625,548.1021728515625,83.69055938720703
2025-03-13,208.398193359375,42.52714920043945,78.12627410888672,275.1300048828125,218.55718994140625,464.3951416015625,540.7957763671875,84.42631530761719
2025-03-14,212.1848907470703,43.30426025390625,79.56143951416016,275.239990234375,225.5936737060547,475.61981201171875,551.96630859375,83.97927856445312
2025-03-17,212.69180297851562,44.04250717163086,80.45486450195312,276.7300109863281,227.0397491455078,478.70355224609375,556.22265625,84.39837646484375
2025-03-18,211.38978576660156,43.819091796875,80.44535827636719,279.9599914550781,228.0491180419922,470.54296875,550.2108154296875,84.48219299316406
2025-03-19,213.9241943359375,43.92594528198242,80.68296813964844,281.1099853515625,232.06719970703125,476.8394470214844,556.2030639648438,84.91993713378906
2025-03-20,212.7911834716797,43.51795959472656,80.00814819335938,280.75,231.9701385498047,475.22314453125,554.5946655273438,84.97579956054688
2025-03-21,216.93568420410156,43.30426025390625,79.51392364501953,278.489990234375,234.51296997070312,476.7899169921875,554.7776489257812,84.4728775024414
2025-03-24,219.38064575195312,43.49853515625,79.5044174194336,277.25,240.75357055664062,487.2527160644531,564.712890625,83.60672760009766
2025-03-25,222.38218688964844,43.37225341796875,79.94161987304688,278.4700012207031,243.73313903808594,490.0332336425781,566.0703735351562,83.59740447998047
2025-03-26,220.17576599121094,43.109981536865234,78.9056396484375,278.239990234375,243.63609313964844,481.01629638671875,559.3124389648438,83.04792022705078
2025-03-27,222.48158264160156,43.32368469238281,79.07672119140625,281.9700012207031,240.81178283691406,478.2754821777344,557.8270263671875,82.8057861328125
2025-03-28,216.56793212890625,42.51743698120117,78.3733901977539,284.05999755859375,235.697021484375,465.6835021972656,546.5933837890625,83.95134735107422
2025-03-31,220.77207946777344,42.44944381713867,77.67957305908203,288.1400146484375,238.0748748779297,465.6636657714844,550.2625122070312,84.78022003173828
2025-04-01,221.82557678222656,42.58543014526367,77.79362487792969,287.57000732421875,236.48318481445312,469.41741943359375,551.816650390625,85.51490020751953
2025-04-02,222.5213165283203,42.64371871948242,77.97420501708984,288.1600036621094,238.57955932617188,472.84344482421875,555.3087768554688,85.45882415771484
2025-04-03,201.94786071777344,41.740333557128906,76.33944702148438,286.4200134277344,221.95411682128906,447.53045654296875,527.9428100585938,85.85137176513672
2025-04-04,187.22840881347656,39.418724060058594,71.30210876464844,279.7200012207031,205.34341430664062,419.73480224609375,497.0354309082031,86.78606414794922
2025-04-07,180.3507080078125,37.951934814453125,69.5818099975586,273.7099914550781,209.40576171875,420.74774169921875,496.150146484375,84.1689453125
2025-04-08,171.36598205566406,37.41767883300781,69.34420013427734,275.20001220703125,211.77871704101562,413.1707458496094,488.3790588378906,82.57996368408203
2025-04-09,197.6343994140625,40.011268615722656,74.69517517089844,285.3800048828125,228.83860778808594,462.7639465332031,539.6683349609375,83.06600952148438
2025-04-10,189.2559356689453,39.32158660888672,73.22200775146484,292.3500061035156,221.77833557128906,443.0815734863281,516.0205688476562,80.77600860595703
2025-04-11,196.93869018554688,40.555240631103516,75.05635833740234,297.92999267578125,230.65493774414062,451.2444763183594,525.2278442382812,81.21533203125
2025-04-14,201.28196716308594,40.92436981201172,75.8642349243164,296.2300109863281,229.2096710205078,454.3031005859375,530.3233032226562,81.79483032226562
2025-04-15,200.90428161621094,40.8855094909668,76.54854583740234,297.7799987792969,227.65701293945312,454.8096008300781,528.8379516601562,82.08455657958984
2025-04-16,193.0823974609375,40.4095344543457,76.25390625,307.4700012207031,224.21963500976562,441.0954895019531,517.0829467773438,82.5425796508789
2025-04-17,195.7758331298828,40.72037887573242,77.0807876586914,306.1199951171875,226.51449584960938,441.01605224609375,517.8206787109375,81.81352233886719
2025-04-21,191.9791717529297,40.710662841796875,76.66261291503906,315.5899963378906,223.61419677734375,430.102294921875,505.4950866699219,80.38343811035156
2025-04-22,198.51895141601562,41.322635650634766,78.24983978271484,311.1099853515625,230.0592498779297,441.39337158203125,518.6470336914062,80.83209228515625
2025-04-23,203.34925842285156,41.798614501953125,78.56349182128906,303.6499938964844,235.2250518798828,451.40338134765625,526.6836547851562,81.61721801757812
2025-04-24,207.09620666503906,42.2843017578125,79.60896301269531,308.07000732421875,238.89678955078125,464.10455322265625,537.769775390625,82.47715759277344
2025-04-25,208.00062561035156,42.20659255981445,79.95113372802734,304.7300109863281,237.83238220214844,469.2784118652344,541.6553344726562,83.08470153808594
2025-04-28,208.85537719726562,42.2843017578125,80.4833755493164,309.07000732421875,237.51014709472656,469.1294250488281,541.86181640625,83.60812377929688
2025-04-29,209.91885375976562,42.400875091552734,80.64494323730469,306.05999755859375,238.8772430419922,472.2277526855469,545.2752685546875,84.30914306640625
2025-04-30,211.20095825195312,42.50772476196289,80.5499038696289,303.7699890136719,238.8772430419922,472.1681823730469,545.49169921875,83.62682342529297
2025-05-01,212.0159454345703,42.498008728027344,80.29328918457031,297.4599914550781,241.09397888183594,478.33502197265625,549.3575439453125,83.2027816772461
2025-05-02,204.0946807861328,43.71223831176758,81.83300018310547,297.9800109863281,246.58203125,485.43536376953125,557.5122680664062,82.30218505859375
2025-05-05,197.6741485595703,44.04250717163086,81.9755630493164,306.8800048828125,246.630859375,482.5555114746094,554.3153076171875,81.8425064086914
2025-05-06,197.29647827148438,43.86766052246094,81.87101745605469,315.4800109863281,243.3985595703125,478.0669250488281,549.6821899414062,82.11454772949219
2025-05-07,195.05027770996094,43.36254119873047,81.59538269042969,310.75,243.53529357910156,479.94378662109375,551.9937744140625,82.46166229248047
2025-05-08,196.28271484375,43.333396911621094,81.31026458740234,304.6300048828125,247.5194854736328,484.8991394042969,555.840087890625,81.54229736328125
2025-05-09,197.3163604736328,43.62481689453125,81.70944213867188,306.8399963378906,247.13864135742188,484.58135986328125,555.1318359375,81.66425323486328
2025-05-12,209.776123046875,44.56705856323242,82.12763977050781,298.19000244140625,253.9450225830078,504.32330322265625,573.4774169921875,80.90435791015625
2025-05-13,211.90582275390625,44.64476776123047,82.232177734375,299.4599914550781,256.8355712890625,512.0096435546875,577.2645874023438,80.5760269165039
2025-05-14,211.30873107910156,44.98474884033203,81.83300018310547,293.1600036621094,259.40380859375,515.0780639648438,578.0023803710938,80.04129028320312
2025-05-15,210.43296813964844,44.96532440185547,82.7264175415039,297.8399963378906,261.2103576660156,515.6441650390625,580.8255004882812,80.74488067626953
2025-05-16,210.24388122558594,44.936180114746094,82.91650390625,294.239990234375,261.2787170410156,517.888427734375,584.5045776367188,80.96065521240234
2025-05-19,207.7758026123047,45.03331756591797,83.70537567138672,298.0299987792969,258.66162109375,518.3849487304688,585.1439819335938,80.72612762451172
2025-05-20,205.8650360107422,44.98474884033203,84.10455322265625,303.5799865722656,259.4428405761719,516.6570434570312,583.1765747070312,80.14448547363281
2025-05-21,201.1179962158203,44.86818313598633,83.6103286743164,305.82000732421875,254.91177368164062,509.4772644042969,573.3495483398438,78.7748031616211
2025-05-22,200.39149475097656,44.722476959228516,83.56280517578125,303.1099853515625,254.55047607421875,510.43060302734375,573.5758056640625,79.1875991821289
2025-05-23,194.33078002929688,44.90704345703125,83.67686462402344,309.75,254.58950805664062,505.7036437988281,569.6607666015625,79.31890106201172
2025-05-27,199.24703979492188,44.80018615722656,84.89341735839844,304.5,259.06201171875,517.6004638671875,581.5043334960938,80.42591857910156
2025-05-28,199.4560089111328,44.596195220947266,83.91445922851562,303.80999755859375,257.30426025390625,515.3064575195312,578.1400756835938,80.07881164550781
2025-05-29,198.98826599121094,44.76133728027344,84.28514099121094,305.6099853515625,258.1636047363281,516.3193969726562,580.4222412109375,80.81993865966797
2025-05-30,199.88394165039062,44.21735763549805,84.40869140625,303.6000061035156,257.8022766113281,515.5050048828125,579.7730712890625,80.94189453125
2025-06-02,200.7298583984375,44.53791427612305,85.3116226196289,311.6700134277344,258.4468078613281,519.5767822265625,583.0388793945312,80.1885986328125
2025-06-03,202.29232788085938,44.64476776123047,84.66531372070312,308.9100036621094,260.0190124511719,523.6382446289062,586.3637084960938,80.04736328125
2025-06-04,201.844482421875,45.198455810546875,85.04550170898438,310.8999938964844,258.0171203613281,525.0980834960938,586.206298828125,81.3467788696289
2025-06-05,199.6649932861328,45.43158721923828,84.98845672607422,309.3299865722656,255.80039978027344,521.1456298828125,583.373291015625,81.40326690673828
2025-06-06,202.93917846679688,45.57728958129883,85.29261016845703,305.17999267578125,259.49169921875,526.2400512695312,589.3639526367188,80.36750030517578
2025-06-09,200.48104858398438,45.96584701538086,85.28311157226562,306.6199951171875,260.47796630859375,527.0145874023438,589.8950805664062,80.45223999023438
2025-06-10,201.6951904296875,46.22812271118164,85.39715576171875,306.7099914550781,262.2943115234375,530.5003051757812,593.23974609375,80.86654663085938
2025-06-11,197.8238983154297,46.42239761352539,85.25457763671875,308.3699951171875,261.8548583984375,528.712646484375,591.5477294921875,81.11138153076172
2025-06-12,198.24188232421875,46.50010681152344,85.91039276123047,312.20001220703125,261.9427490234375,529.9540405273438,593.898681640625,82.08126068115234
2025-06-13,195.50509643554688,45.76185989379883,84.8078842163086,316.2900085449219,258.7300109863281,523.3005981445312,587.2588500976562,81.29029846191406
2025-06-16,197.46563720703125,46.32286834716797,85.1259994506836,311.7799987792969,264.0129699707031,530.5797729492188,592.84619140625,80.47107696533203
2025-06-17,194.69900512695312,45.714778900146484,84.08174133300781,311.94000244140625,263.19268798828125,525.4058837890625,587.7802124023438,81.45036315917969
2025-06-18,195.63449096679688,45.7049674987793,84.22677612304688,310.260009765625,267.5284423828125,525.3164672851562,587.691650390625,81.59161376953125
2025-06-20,200.03323364257812,45.44015884399414,83.47259521484375,310.1300048828125,268.5440368652344,523.1715698242188,586.3114624023438,81.44095611572266
2025-06-23,200.5308074951172,45.81285858154297,84.10108184814453,311.0799865722656,271.73724365234375,528.5509643554688,592.1027221679688,81.70462036132812
2025-06-24,199.33657836914062,46.99961853027344,85.1259994506836,306.19000244140625,274.6571044921875,536.6336059570312,598.643798828125,82.29782104492188
2025-06-25,200.59051513671875,47.03884506225586,84.66188049316406,307.1199951171875,277.391357421875,538.0054931640625,598.9793090820312,82.40139770507812
2025-06-26,200.03323364257812,47.35270309448242,85.60944366455078,306.7799987792969,281.9712219238281,543.0360107421875,603.6656494140625,82.81570434570312
2025-06-27,200.1128387451172,47.166351318359375,86.3829574584961,301.2200012207031,280.3697509765625,544.8951416015625,606.6648559570312,82.28840637207031
2025-06-30,204.1831512451172,47.313472747802734,86.43130493164062,304.8299865722656,283.10400390625,548.4244995117188,609.5654296875,83.09821319580078
2025-07-01,206.82041931152344,47.4017448425293,86.2862777709961,307.54998779296875,283.5923156738281,543.8015747070312,609.3681030273438,83.30423736572266
2025-07-02,211.418212890625,47.60770797729492,86.53767395019531,309.25,285.14495849609375,547.5892333984375,612.1305541992188,82.77495574951172
2025-07-03,212.52285766601562,47.823482513427734,86.5570068359375,307.1400146484375,290.4435729980469,552.9777221679688,616.9549560546875,82.19844055175781
2025-07-07,208.94017028808594,47.14673614501953,85.61911010742188,307.3699951171875,286.4892883300781,548.8121948242188,612.3574829101562,81.41397857666016
2025-07-08,208.99989318847656,47.440975189208984,86.24759674072266,304.1600036621094,277.4717712402344,549.120361328125,612.0220336914062,81.31000518798828
2025-07-09,210.12445068359375,47.362510681152344,86.89542388916016,305.5199890136719,277.8446350097656,553.007568359375,615.692138671875,82.1606216430664
2025-07-10,211.38833618164062,47.490013122558594,86.83740997314453,306.20001220703125,282.78021240234375,552.2123413085938,617.4285278320312,82.21731567382812
2025-07-11,210.14437866210938,47.33308792114258,86.00587463378906,309.1400146484375,281.47515869140625,550.9695434570312,615.2579956054688,81.08317565917969
2025-07-14,207.61656188964844,47.4017448425293,86.00587463378906,308.010009765625,283.2806396484375,552.9678344726562,616.4320068359375,80.91305541992188
2025-07-15,208.10421752929688,47.745018005371094,85.10665893554688,306.7300109863281,281.1709899902344,553.474853515625,613.7979125976562,80.34598541259766
2025-07-16,209.149169921875,47.970603942871094,85.45474243164062,308.260009765625,280.4546813964844,554.0415649414062,615.8499145507812,80.4593734741211
2025-07-17,209.00982666015625,48.24522399902344,85.67713165283203,307.5899963378906,284.4581298828125,558.5252685546875,619.6187133789062,80.44048309326172
2025-07-18,210.16424560546875,48.13733673095703,85.4354019165039,308.3900146484375,285.8023376464844,557.9884033203125,619.1649169921875,80.56333923339844
2025-07-21,211.4580078125,48.451194763183594,85.88984680175781,313.1300048828125,285.5080261230469,560.8814086914062,620.3389892578125,81.2816390991211
2025-07-22,213.36875915527344,48.48061752319336,86.3636245727539,316.1000061035156,285.9593811035156,557.9784545898438,620.427734375,81.77311706542969
2025-07-23,213.11996459960938,48.971012115478516,88.51014709472656,312.17999267578125,291.1893615722656,560.5234985351562,625.7060546875,81.3194580078125
2025-07-24,212.73184204101562,48.70619583129883,87.8526611328125,310.2699890136719,290.9832458496094,561.716552734375,625.9132080078125,81.17769622802734
2025-07-25,212.8512725830078,48.55907440185547,87.74629211425781,307.3999938964844,293.014404296875,563.0685424804688,628.5571899414062,81.68806457519531
2025-07-28,213.02047729492188,48.23542022705078,86.3346176147461,305.4100036621094,292.6807861328125,564.828369140625,628.3994140625,81.1587905883789
2025-07-29,210.2538299560547,48.255035400390625,86.16057586669922,306.25,291.4640808105469,563.953369140625,626.741943359375,82.52923583984375
2025-07-30,208.0445098876953,47.90195083618164,85.54176330566406,300.9599914550781,294.0054931640625,564.708984375,625.9526977539062,82.10393524169922
2025-07-31,206.57162475585938,47.62732696533203,84.62320709228516,302.9599914550781,290.6790771484375,561.716552734375,623.6046142578125,82.15117645263672
2025-08-01,201.40658569335938,47.27423858642578,84.40081787109375,309.1099853515625,283.93804931640625,550.6514282226562,613.3834838867188,83.31909942626953
2025-08-04,202.37193298339844,47.7646369934082,85.52242279052734,310.9100036621094,288.73626708984375,560.8118286132812,622.7067260742188,83.54679107666016
2025-08-05,201.94398498535156,47.90195083618164,85.51275634765625,311.1600036621094,285.9005432128906,557.004150390625,619.5496826171875,83.80294799804688
2025-08-06,212.22430419921875,48.12752914428711,86.07355499267578,310.5,285.8808898925781,564.0130615234375,624.2952270507812,83.31909942626953
2025-08-07,218.97169494628906,48.52965545654297,86.84707641601562,313.1199951171875,281.55364990234375,565.921875,623.7722778320312,83.17678833007812
2025-08-08,228.2468719482422,48.490421295166016,87.37887573242188,313.04998779296875,283.3395080566406,571.2008666992188,628.63623046875,82.8162612915039
2025-08-11,226.3438720703125,48.353111267089844,87.01144409179688,308.54998779296875,284.1244812011719,569.5108032226562,627.3931274414062,82.91112518310547
2025-08-12,228.80479431152344,48.94158935546875,88.07503509521484,308.2699890136719,287.35272216796875,576.6688842773438,634.0723876953125,82.49366760253906
2025-08-13,232.47125244140625,49.53006362915039,88.6068344116211,309.2099914550781,285.0762634277344,576.9572143554688,636.2428588867188,83.17678833007812
2025-08-14,231.92327880859375,48.921974182128906,88.61650848388672,307.25,288.6381530761719,576.5098876953125,636.3020629882812,82.56007385253906
2025-08-15,230.73764038085938,48.98081970214844,89.13863372802734,307.42999267578125,285.0370178222656,573.9746704101562,634.8123168945312,81.97185516357422
2025-08-18,230.0402374267578,49.2652473449707,89.04193878173828,306.95001220703125,286.0574951171875,573.7460327148438,634.674072265625,81.73467254638672
2025-08-19,229.71144104003906,48.86312484741211,89.0516128540039,305.2699890136719,285.203857421875,565.961669921875,631.23095703125,82.20905303955078
2025-08-20,225.17819213867188,48.79446792602539,89.37068939208984,308.3599853515625,286.754150390625,562.6013793945312,629.5537109375,82.38931274414062
2025-08-21,224.07228088378906,48.686580657958984,88.80988311767578,307.2900085449219,285.9986267089844,559.9966430664062,627.028076171875,81.98136901855469
2025-08-22,226.9217529296875,49.65756607055664,90.14421844482422,310.5799865722656,290.6790771484375,568.6359252929688,636.6572265625,82.58854675292969
2025-08-25,226.32395935058594,49.37313461303711,88.95492553710938,309.8299865722656,289.3642578125,566.99560546875,633.855224609375,82.35135650634766
2025-08-26,228.46604919433594,49.245635986328125,88.85823059082031,312.0799865722656,292.96533203125,569.2721557617188,636.5092163085938,82.30392456054688
2025-08-27,229.64170837402344,48.95139694213867,88.6455078125,312.7099914550781,293.6620178222656,570.1470947265625,637.95947265625,82.20905303955078
2025-08-28,231.7041015625,49.13774871826172,88.97425842285156,315.0299987792969,295.4184265136719,573.7161865234375,640.21875,82.74984741210938
2025-08-29,231.28562927246094,48.90235900878906,88.45214080810547,318.07000732421875,295.7618713378906,567.0751342773438,636.400634765625,82.16161346435547
2025-09-02,228.8745574951172,48.86312484741211,87.58192443847656,325.5899963378906,294.07415771484375,562.322998046875,631.6847534179688,81.5501937866211
2025-09-03,237.59234619140625,49.049476623535156,87.71729278564453,328.1400146484375,293.8877258300781,566.7470092773438,635.1082763671875,82.44541931152344
2025-09-04,238.8975067138672,48.892547607421875,88.35543823242188,326.69000244140625,298.1168212890625,571.876953125,640.4160766601562,83.073974609375
2025-09-05,238.80784606933594,49.48102569580078,88.75187683105469,331.04998779296875,288.8540344238281,572.7020874023438,638.561279296875,84.34061431884766
2025-09-08,237.0045166015625,49.93218994140625,89.64141845703125,334.82000732421875,287.41162109375,575.4957275390625,640.1299438476562,85.46438598632812
2025-09-09,233.4875030517578,50.206809997558594,89.34168243408203,334.05999755859375,292.2589111328125,577.1261596679688,641.60986328125,84.97869110107422
2025-09-10,225.955322265625,50.55009078979492,89.32234191894531,335.260009765625,294.8984069824219,577.3151245117188,643.4647216796875,85.46438598632812
2025-09-11,229.1833953857422,51.28568649291992,90.26990509033203,334.760009765625,299.8241271972656,580.67529296875,648.81201171875,86.03579711914062
2025-09-12,233.2085418701172,51.25625991821289,89.91215515136719,335.4200134277344,301.1488342285156,583.2403564453125,648.5948486328125,85.66437530517578
2025-09-15,235.82884216308594,51.628963470458984,90.51163482666016,338.9100036621094,303.1014404296875,588.2310791015625,652.0479736328125,85.86436462402344
2025-09-16,237.2735137939453,52.011470794677734,90.26023864746094,339.5899963378906,303.3860168457031,587.7339477539062,651.150146484375,86.0453109741211
2025-09-17,238.1104278564453,52.23705291748047,89.92182159423828,336.9700012207031,305.89794921875,586.5608520507812,650.3412475585938,85.82628631591797
2025-09-18,237.0045166015625,52.10955047607422,90.26990509033203,335.6199951171875,307.3501892089844,591.849853515625,653.3799438476562,84.94059753417969
2025-09-19,244.59645080566406,51.991851806640625,89.92182159423828,339.17999267578125,308.8710632324219,595.8563232421875,656.6160278320312,84.77869415283203
2025-09-22,255.13751220703125,52.246864318847656,90.21189880371094,345.04998779296875,306.5749816894531,599.3837890625,659.7225341796875,84.47393035888672
2025-09-23,253.49359130859375,52.276283264160156,90.03785705566406,346.4599914550781,306.8693542480469,595.4024658203125,656.1312866210938,85.06438446044922
2025-09-24,251.3813934326172,52.0997428894043,89.51573181152344,343.32000732421875,307.5366516113281,593.3123168945312,654.043701171875,84.74059295654297
2025-09-25,255.9246063232422,51.79569625854492,88.8775634765625,344.75,307.5660400390625,590.75439453125,651.0263061523438,84.74059295654297
2025-09-26,254.51980590820312,51.69761657714844,89.56407165527344,346.739990234375,310.12701416015625,593.182861328125,654.756103515625,84.66439819335938
2025-09-29,253.49359130859375,52.16839599609375,89.91215515136719,352.4599914550781,309.76397705078125,595.9299926757812,656.5962524414062,85.359619140625
2025-09-30,253.69287109375,52.374366760253906,90.27957916259766,355.4700012207031,309.50885009765625,597.5623779296875,659.0695190429688,85.11201477050781
2025-10-01,254.50985717773438,52.78629684448242,91.02409362792969,356.0299987792969,304.8774719238281,600.4288330078125,661.3153076171875,85.33181762695312
2025-10-02,256.18365478515625,53.031494140625,91.16912841796875,354.7900085449219,301.77679443359375,602.897216796875,662.0770263671875,85.58028411865234
2025-10-03,257.07037353515625,53.18842315673828,91.93297576904297,357.6400146484375,304.210205078125,600.3591918945312,662.0671997070312,85.41783142089844
2025-10-06,255.74526977539062,53.433624267578125,92.14569854736328,364.3800048828125,304.8511047363281,604.8679809570312,664.4415283203125,84.73930358886719
2025-10-07,255.53607177734375,53.021690368652344,91.34317016601562,366.260009765625,303.38201904296875,601.6829833984375,661.9781494140625,85.2266845703125
2025-10-08,257.1102600097656,53.44343185424805,91.61389923095703,372.29998779296875,299.7732238769531,608.58056640625,665.925537109375,85.29358673095703
2025-10-09,253.1050262451172,52.89418411254883,90.85972595214844,365.42999267578125,301.252197265625,607.8441162109375,663.996337890625,85.2266845703125
2025-10-10,244.3673095703125,50.942405700683594,89.18697357177734,369.1199951171875,296.6772155761719,586.7431640625,646.0499877929688,86.60285949707031
2025-10-13,246.74851989746094,52.42340850830078,89.9024887084961,378.0899963378906,303.6580810546875,599.1946411132812,655.9630126953125,86.55508422851562
2025-10-14,246.8581085205078,51.9526252746582,90.30859375,380.7900085449219,297.85052490234375,595.2034301757812,655.1616821289062,86.83222198486328
2025-10-15,248.42233276367188,52.80591583251953,90.74369049072266,387.3900146484375,301.4100036621094,599.4037475585938,658.0703125,86.64108276367188
2025-10-16,246.53929138183594,53.149192810058594,91.21746826171875,396.45001220703125,294.3600769042969,597.1842041015625,653.588623046875,87.29093170166016
2025-10-17,251.36146545410156,53.13938522338867,91.38184356689453,388.989990234375,293.3938293457031,601.105712890625,657.2986450195312,87.1571273803711
2025-10-20,261.27484130859375,53.865169525146484,92.13602447509766,403.1499938964844,298.1265869140625,608.6800537109375,664.1348876953125,87.49163818359375
2025-10-21,261.8028564453125,53.26688766479492,91.45919799804688,377.239990234375,292.93035888671875,608.5208740234375,664.1249389648438,87.92167663574219
2025-10-22,257.4988098144531,53.21784591674805,91.3238296508789,377.2799987792969,289.99212646484375,602.6583862304688,660.6722412109375,87.97901153564453
2025-10-23,258.6246032714844,53.688629150390625,91.749267578125,378.7900085449219,290.4161071777344,607.724609375,664.5899658203125,87.37696075439453
2025-10-24,261.8527526855469,54.04171371459961,91.89430236816406,377.5199890136719,296.2334899902344,614.2140502929688,670.0213623046875,87.4151840209961
2025-10-27,267.8206787109375,54.63999557495117,92.53245544433594,367.010009765625,299.89154052734375,625.1527709960938,677.9260864257812,87.71144104003906
2025-10-28,268.0099792480469,54.62038040161133,92.49378204345703,364.3800048828125,301.0845947265625,629.9600830078125,679.7266235351562,87.94078826904297
2025-10-29,268.7073974609375,54.934234619140625,91.97166442871094,363.0,301.2325134277344,632.7968139648438,680.0531616210938,87.05201721191406
2025-10-30,270.401123046875,54.36537551879883,91.5655517578125,370.1300048828125,305.1075134277344,623.1222534179688,672.5738525390625,86.5455093383789
2025-10-31,269.37493896484375,54.23787307739258,91.36250305175781,368.1199951171875,306.76397705078125,626.1281127929688,674.7799682617188,86.2874984741211
2025-11-03,268.05975341796875,54.581153869628906,91.40118408203125,368.7799987792969,305.0187683105469,629.1240234375,676.04638671875,86.07170104980469
2025-11-04,269.0461730957031,53.58074188232422,90.46328735351562,362.32000732421875,304.920166015625,616.3540649414062,668.0328369140625,86.26351928710938
2025-11-05,269.14581298828125,54.06132888793945,91.0434341430664,366.510009765625,307.31610107421875,620.365234375,670.3478393554688,85.32357788085938
2025-11-06,268.7771301269531,53.65920639038086,90.84037780761719,366.07000732421875,309.03179931640625,608.8095092773438,663.1554565429688,86.09085845947266
2025-11-07,267.48193359375,53.50227737426758,91.17880249023438,368.30999755859375,309.8106689453125,606.8884887695312,663.808349609375,85.90863037109375
2025-11-10,268.6986083984375,54.4438362121582,92.13602447509766,378.3800048828125,312.4532165527344,620.3154296875,674.1666259765625,85.88944244384766
2025-11-11,274.5028076171875,54.502685546875,92.81285858154297,379.8699951171875,311.2009582519531,618.6632080078125,675.7099609375,86.2826919555664
2025-11-12,272.7276306152344,54.51249313354492,93.3639907836914,385.989990234375,315.9239196777344,618.1754760742188,676.0859985351562,86.4361572265625
2025-11-13,272.2090759277344,53.87498092651367,92.36808013916016,382.8699951171875,305.1469421386719,605.5548095703125,664.8670043945312,85.72640991210938
2025-11-14,271.6705017089844,53.90440368652344,92.10702514648438,375.9599914550781,299.3591003417969,606.0126342773438,664.7581176757812,85.23724365234375
2025-11-17,266.73394775390625,53.26688766479492,90.90806579589844,371.6499938964844,296.1644592285156,600.8369750976562,658.56494140625,85.44825744628906
2025-11-18,266.71405029296875,53.0020751953125,89.72844696044922,374.3500061035156,295.2178955078125,593.5213012695312,653.0346069335938,85.41947937011719
2025-11-19,267.8309631347656,52.81571960449219,89.45770263671875,374.9599914550781,299.02386474609375,597.064697265625,655.5574340820312,85.24683380126953
2025-11-20,265.5272521972656,52.08993911743164,88.22007751464844,374.8500061035156,294.20233154296875,582.9310913085938,645.5652465820312,85.58255004882812
2025-11-21,270.75299072265625,52.08012390136719,89.58341217041016,374.2699890136719,293.84735107421875,587.3104858398438,651.9959106445312,85.84149932861328
2025-11-24,275.1710205078125,52.629371643066406,89.6607666015625,380.20001220703125,293.8276672363281,602.3299560546875,661.5922241210938,86.33065795898438
2025-11-25,276.2181701660156,52.81571960449219,90.73401641845703,380.0799865722656,298.75762939453125,606.0425415039062,667.815185546875,86.5512466430664
2025-11-26,276.79656982421875,53.19823455810547,91.72993469238281,383.1199951171875,303.33270263671875,611.3973388671875,672.4254760742188,86.93489074707031
2025-11-28,278.0930480957031,53.27669143676758,92.03934478759766,387.8800048828125,308.696533203125,616.3540649414062,676.0958251953125,86.5224838256836
2025-12-01,282.3315124511719,53.237464904785156,91.58489227294922,389.75,304.59478759765625,614.2837524414062,673.0090942382812,85.44538116455078
2025-12-02,285.4131164550781,53.257080078125,91.89430236816406,387.239990234375,303.5693359375,619.0911865234375,674.2557373046875,85.48387908935547
2025-12-03,283.378662109375,53.29631042480469,92.3874282836914,386.8800048828125,307.75982666015625,620.6041259765625,676.5905151367188,85.72453308105469
2025-12-04,279.9380187988281,53.28650665283203,92.6388168334961,387.1300048828125,311.67425537109375,620.0267944335938,677.0851440429688,85.26249694824219
2025-12-05,278.02325439453125,53.688629150390625,92.6388168334961,386.44000244140625,310.62908935546875,622.554931640625,678.3712768554688,84.86784362792969
2025-12-08,277.1356506347656,53.5709342956543,92.34874725341797,385.4200134277344,310.79669189453125,621.3605346679688,676.3333129882812,84.5887222290039
2025-12-09,276.4275817871094,53.482662200927734,92.22305297851562,387.3999938964844,296.3025207519531,622.1268920898438,675.74951171875,84.67533874511719
2025-12-10,278.02325439453125,54.0809440612793,93.24796295166016,389.04998779296875,305.7680969238281,624.6749267578125,680.2312622070312,85.00260925292969
2025-12-11,277.2752685546875,53.8259391784668,93.7990951538086,393.239990234375,312.9363098144531,622.654541015625,681.8141479492188,84.88711547851562
2025-12-12,277.5246276855469,53.19823455810547,93.30597686767578,395.44000244140625,314.0603332519531,610.7503662109375,674.4832763671875,84.06892395019531
2025-12-15,273.3658752441406,53.04130935668945,93.87644958496094,395.79998779296875,315.53936767578125,607.6847534179688,673.4641723632812,84.1266860961914
2025-12-16,273.8645324707031,52.70604705810547,93.44133758544922,395.8900146484375,311.13189697265625,608.8890991210938,671.6240844726562,84.5887222290039
2025-12-17,271.10205078125,52.32801055908203,92.68333435058594,399.2900085449219,310.5699462890625,597.6021118164062,664.2338256835938,84.51171112060547
2025-12-18,271.4511413574219,52.92491149902344,93.3428955078125,398.57000732421875,308.6176452636719,606.261474609375,669.2496337890625,84.91596221923828
2025-12-19,272.9271240234375,53.442222595214844,93.9729232788086,399.0199890136719,312.7686767578125,614.1643676757812,675.3153686523438,84.5990219116211
2025-12-22,270.23443603515625,53.73072052001953,94.20918273925781,408.2300109863281,318.56634521484375,617.1082763671875,679.5225219726562,84.4154281616211
2025-12-23,271.62066650390625,54.029170989990234,94.79000091552734,413.6400146484375,321.3666076660156,619.9984130859375,682.628173828125,84.55072784423828
2025-12-24,273.06671142578125,54.13859939575195,94.90813446044922,411.92999267578125,324.5612487792969,621.8123168945312,685.0294799804688,85.06285095214844
2025-12-26,272.6578063964844,54.51663589477539,95.06563568115234,416.739990234375,323.3188781738281,621.7723999023438,684.9600219726562,84.78263092041016
2025-12-29,273.0168762207031,54.37736129760742,94.7801513671875,398.6000061035156,319.2171325683594,618.7626342773438,682.51904296875,85.10150146484375
2025-12-30,272.33868408203125,54.596221923828125,94.93766021728516,398.8900146484375,318.8917541503906,617.3275146484375,681.6856079101562,84.8985824584961
2025-12-31,271.12200927734375,54.427101135253906,94.53404235839844,396.30999755859375,317.70855712890625,612.2249145507812,676.635009765625,84.2221908569336
2026-01-02,270.2743225097656,55.94919204711914,95.52831268310547,398.2799987792969,320.9229431152344,611.0390014648438,677.8753051757812,84.09654998779297
2026-01-05,266.5345153808594,56.565982818603516,96.62102508544922,408.760009765625,329.3630676269531,615.8923950195312,682.3900146484375,84.51206970214844
2026-01-06,261.6477966308594,56.98381042480469,96.76869201660156,413.17999267578125,331.41326904296875,621.3040161132812,686.4483642578125,84.338134765625
2026-01-07,259.623291015625,56.556034088134766,96.40444946289062,409.2300109863281,323.8660888671875,621.9020385742188,684.2356567382812,84.83094787597656
2026-01-08,258.3368225097656,56.575931549072266,96.41429901123047,411.489990234375,326.63934326171875,618.364013671875,684.1661987304688,84.40577697753906
2026-01-09,258.6659240722656,56.84453582763672,97.27073669433594,414.4700012207031,326.0450744628906,624.5230712890625,688.6908569335938,84.96621704101562
2026-01-12,259.54351806640625,57.64039611816406,97.86139678955078,422.2300109863281,321.38995361328125,625.041259765625,689.7723999023438,84.7149887084961
2026-01-13,260.3413391113281,57.21261978149414,97.3002700805664,421.6300048828125,307.9297790527344,624.1144409179688,688.3931884765625,84.85993957519531
2026-01-14,259.25433349609375,57.45138168334961,97.75311279296875,425.94000244140625,304.9287414550781,617.4471435546875,685.0096435546875,85.35274505615234
2026-01-15,257.5090637207031,57.78962326049805,97.71372985839844,423.3299865722656,306.30548095703125,619.6696166992188,686.8750610351562,85.33341217041016
2026-01-16,254.8363494873047,57.57075881958008,97.97952270507812,421.2900085449219,309.48480224609375,619.1513671875,686.2994995117188,84.84060668945312
2026-01-20,246.0303192138672,57.01365661621094,96.4930419921875,437.2300109863281,299.8477478027344,605.9961547851562,672.32861328125,83.72937774658203
2026-01-21,246.97775268554688,57.958744049072266,97.48731231689453,443.6000061035156,299.15447998046875,614.188232421875,680.0880737304688,84.36712646484375
2026-01-22,247.67584228515625,58.39646911621094,97.8712387084961,451.7900085449219,300.729248046875,618.6530151367188,683.6403198242188,84.73429870605469
2026-01-23,247.36668395996094,58.764556884765625,98.41267395019531,458.0,294.8757019042969,620.6063842773438,683.8883056640625,84.96621704101562
2026-01-26,254.7166748046875,58.864036560058594,98.9048843383789,464.70001220703125,298.16400146484375,623.3370971679688,687.3612060546875,85.37207794189453
2026-01-27,257.5688781738281,60.02798843383789,100.49964141845703,476.1000061035156,297.44097900390625,628.9878540039062,690.0997924804688,84.84060668945312
2026-01-28,255.743896484375,60.43586730957031,99.43647003173828,494.55999755859375,297.89654541015625,631.0707397460938,690.0303344726562,84.64734649658203
2026-01-29,257.5788879394531,60.127471923828125,100.10588073730469,495.8999938964844,303.49261474609375,627.2936401367188,688.6610717773438,84.66667175292969
2026-01-30,258.775634765625,58.79439926147461,99.17066955566406,444.95001220703125,302.9676818847656,619.75927734375,686.6071166992188,84.19319152832031
2026-02-02,269.2770690917969,58.97346878051758,99.82039642333984,427.1300048828125,305.1961975097656,624.0148315429688,690.0205078125,83.95264434814453
2026-02-03,268.7485046386719,59.291812896728516,99.86961364746094,454.2900085449219,311.8420715332031,614.4274291992188,684.18603515625,84.15632629394531
2026-02-04,275.7394104003906,58.49595260620117,100.19447326660156,453.9700012207031,314.2389221191406,603.6939697265625,680.8719482421875,83.94293212890625
2026-02-05,275.1610412597656,58.22734832763672,98.7670669555664,441.8800048828125,307.1968688964844,595.003662109375,672.3683471679688,84.85472106933594
2026-02-06,277.364990234375,59.75938415527344,101.01154327392578,455.4599914550781,319.3199462890625,607.5807495117188,685.267578125,84.91291809082031
2026-02-09,274.13079833984375,60.19710922241211,102.37004089355469,467.0299987792969,319.0228271484375,612.2349243164062,688.5718383789062,84.8935317993164
2026-02-10,273.19244384765625,60.286643981933594,102.61614990234375,462.3999938964844,315.2392883300781,609.39453125,686.7559204101562,85.87321472167969
2026-02-11,275.00921630859375,61.24168014526367,103.30525207519531,467.6300048828125,307.8505859375,611.0289916992188,686.5972290039062,85.41731262207031
2026-02-12,261.2637634277344,60.5452995300293,102.52755737304688,451.3900146484375,299.74871826171875,598.601318359375,675.9901123046875,86.55221557617188
2026-02-13,255.32435607910156,60.803955078125,102.61614990234375,462.6199951171875,299.6595458984375,599.8770141601562,676.46630859375,87.02750396728516
2026-02-17,263.4099426269531,60.55524826049805,102.59646606445312,448.20001220703125,304.19580078125,599.259033203125,677.5578002929688,87.17301177978516
2026-02-18,263.8791198730469,60.873592376708984,102.71459197998047,458.2799987792969,305.8300476074219,603.7338256835938,680.9711303710938,86.84320068359375
2026-02-19,260.11578369140625,60.724369049072266,102.42911529541016,459.55999755859375,305.1070251464844,601.4216918945312,679.1751098632812,86.93051147460938
2026-02-20,264.1086730957031,62.01764678955078,103.265869140625,468.6199951171875,307.82086181640625,606.7435913085938,684.0868530273438,86.726806640625
2026-02-23,265.705810546875,61.331214904785156,102.84256744384766,481.2799987792969,294.82623291015625,599.36865234375,677.1013793945312,87.04691314697266
2026-02-24,271.6552429199219,62.296199798583984,103.02960968017578,474.6099853515625,294.459716796875,605.8067626953125,682.0228881835938,87.20211791992188
2026-02-25,273.74151611328125,62.98263168334961,104.0140380859375,473.4200134277344,300.4023742675781,614.5868530273438,687.7780151367188,87.21180725097656
2026-02-26,272.4637756347656,62.38573455810547,103.92543029785156,477.4800109863281,303.20538330078125,607.172119140625,683.957763671875,87.56098937988281
2026-02-27,263.70941162109375,62.25640869140625,103.73838806152344,483.75,297.4310607910156,605.2286987304688,680.6734619140625,88.09449768066406
2026-03-02,264.2484130859375,61.18199157714844,101.6907958984375,490.0,294.7172546386719,606.0260620117188,681.0604858398438,87.2098388671875
2026-03-03,263.2801818847656,58.117916107177734,98.53079986572266,468.1400146484375,297.3914489746094,599.5381469726562,675.057373046875,87.03466033935547
2026-03-04,262.0523376464844,58.744659423828125,99.80070495605469,471.79998779296875,296.52978515625,608.677001953125,679.8201293945312,86.76216125488281
2026-03-05,259.8263244628906,57.33200454711914,97.61529541015625,466.1300048828125,290.74554443359375,606.8432006835938,676.02978515625,86.41181182861328
2026-03-06,257.0013427734375,57.02360534667969,96.74899291992188,473.510009765625,286.7144470214844,597.71435546875,667.1689453125,86.09065246582031
2026-03-09,259.41705322265625,58.147762298583984,97.44793701171875,472.5299987792969,287.1502685546875,605.6971435546875,673.0133666992188,86.84002685546875
2026-03-10,260.3653564453125,58.37657165527344,97.67435455322266,477.8599853515625,285.97161865234375,605.7071533203125,671.9317626953125,85.91545867919922
2026-03-11,260.34539794921875,58.52579879760742,97.4676284790039,476.239990234375,284.7731628417969,605.6273803710938,671.08837890625,84.80599212646484
2026-03-12,255.3043975830078,56.655517578125,95.9417724609375,466.8800048828125,280.18743896484375,595.2328491210938,660.89794921875,84.64054107666016
2026-03-13,249.6744384765625,56.50629425048828,94.79984283447266,460.8399963378906,280.7321472167969,591.7047729492188,657.1571655273438,84.2220687866211
2026-03-16,252.36964416503906,58.078125,96.5718002319336,460.42999267578125,283.4261474609375,598.3422241210938,663.844970703125,84.87413024902344
2026-03-17,253.77711486816406,58.44620895385742,96.83760070800781,459.2699890136719,284.1492004394531,601.2622680664062,665.5912475585938,85.10769653320312
2026-03-18,249.49476623535156,57.262367248535156,95.18376922607422,444.739990234375,284.99102783203125,592.880859375,656.3037719726562,84.63082122802734
2026-03-19,248.5165252685547,57.322052001953125,95.01641082763672,426.4100036621094,285.2188720703125,591.0072021484375,654.6864624023438,85.14661407470703
2026-03-20,247.54823303222656,55.352291107177734,92.1320571899414,413.3800048828125,283.82232666015625,580.0844116210938,645.301025390625,83.53108978271484
2026-03-23,251.04200744628906,57.01365661621094,94.34700012207031,404.0400085449219,287.14031982421875,586.7431640625,652.07666015625,84.07608795166016
2026-03-24,251.1917266845703,56.22774124145508,93.78588104248047,404.1300048828125,289.6065368652344,582.731689453125,649.8877563476562,83.70626831054688
2026-03-25,252.16998291015625,57.123085021972656,95.15423583984375,416.2900085449219,292.59771728515625,586.5635375976562,653.5093994140625,84.51403045654297
2026-03-26,252.43951416015625,55.18317413330078,93.18539428710938,400.6400146484375,288.87359619140625,572.5634765625,641.8385620117188,83.80358123779297
2026-03-27,248.35679626464844,54.91456985473633,92.33879089355469,414.70001220703125,280.13787841796875,561.3775024414062,630.8939819335938,83.3461685180664
2026-03-30,246.19065856933594,54.466896057128906,92.60457611083984,414.5799865722656,281.0589904785156,557.086669921875,628.78466796875,84.45564270019531
2026-03-31,253.33790588378906,56.49634552001953,95.61690521240234,430.2900085449219,291.3497314453125,575.9462280273438,647.0620727539062,84.36805725097656
2026-04-01,255.1746368408203,56.9340705871582,97.07386016845703,437.82000732421875,292.5580749511719,583.06103515625,651.9373779296875,84.28500366210938
2026-04-02,255.464111328125,56.29737854003906,96.47335815429688,429.4100036621094,291.7855224609375,583.7295532226562,652.5244140625,84.80286407470703
2026-04-06,258.39886474609375,56.814693450927734,96.95572662353516,427.6499938964844,294.125,587.2420654296875,655.6088256835938,84.66607666015625
2026-04-07,253.0484161376953,57.01365661621094,96.81790161132812,431.80999755859375,296.0662536621094,587.3319091796875,655.8972778320312,84.65630340576172
2026-04-08,258.4388122558594,60.127471923828125,100.59809112548828,434.5299987792969,306.5888366699219,604.7944946289062,672.6027221679688,84.92987823486328
2026-04-09,260.0259704589844,59.968299865722656,100.36182403564453,437.9100036621094,308.938232421875,608.8857421875,676.4829711914062,84.71492004394531
2026-04-10,260.0159912109375,60.24685287475586,100.58824157714844,437.1300048828125,308.4803161621094,609.7638549804688,676.0353393554688,84.50972747802734
2026-04-13,258.73828125,60.754215240478516,101.20842742919922,435.3599853515625,312.2732238769531,616.0703125,682.641845703125,84.7637710571289
2026-04-14,258.3689270019531,61.91816711425781,102.02549743652344,445.0899963378906,309.7247009277344,627.2562866210938,690.959716796875,85.21324920654297
2026-04-15,265.95538330078125,61.87837219238281,101.70063781738281,440.4599914550781,304.5579833984375,636.0375366210938,696.412109375,84.84194946289062
2026-04-16,262.9307861328125,62.127079010009766,101.40531158447266,440.0799865722656,308.5599670410156,639.1009521484375,698.1234130859375,84.30453491210938
2026-04-17,269.7486267089844,63.3109245300293,102.69490814208984,445.92999267578125,308.8984375,647.4630126953125,706.5607299804688,85.07645416259766
2026-04-20,272.5635681152344,62.85330581665039,102.29129791259766,442.0899963378906,315.5683898925781,645.4074096679688,705.1477661132812,85.0569076538086
2026-04-21,265.69586181640625,61.9281120300293,100.04680633544922,429.57000732421875,311.5962829589844,642.9526977539062,700.53125,84.58790588378906
2026-04-22,272.68341064453125,63.052268981933594,100.38151550292969,435.260009765625,311.6161804199219,653.709716796875,707.6253051757812,84.7540054321289
2026-04-23,272.9429016113281,62.02759552001953,99.66288757324219,431.0400085449219,310.29217529296875,650.0275268554688,704.8792114257812,84.56836700439453
2026-04-24,270.5771179199219,63.41040802001953,100.18462371826172,433.25,306.8974609375,662.4609375,710.341552734375,84.72469329833984
2026-04-27,267.1332702636719,63.3109245300293,99.80070495605469,429.8900146484375,310.232421875,662.8101806640625,711.5653076171875,84.30453491210938
2026-04-28,270.2277526855469,62.66428756713867,99.38724517822266,421.9100036621094,310.0532531738281,656.1444702148438,708.1028442382812,84.39247131347656
2026-04-29,269.688720703125,62.36583709716797,98.373291015625,417.4100036621094,307.86309814453125,660.1558837890625,707.993408203125,83.7378158569336
2026-04-30,270.86663818359375,63.65911865234375,100.72605895996094,423.6600036621094,311.82525634765625,666.3126220703125,715.0377197265625,83.65965270996094
2026-05-01,279.6409912109375,63.79838943481445,100.50949096679688,423.17999267578125,311.06866455078125,672.708984375,717.0177001953125,83.95877075195312
2026-05-04,276.3368225097656,63.7685432434082,99.13129425048828,414.7099914550781,306.270263671875,671.4417114257812,714.3909912109375,83.32129669189453
2026-05-05,283.67376708984375,65.06182861328125,100.45042419433594,418.2699890136719,308.0124206542969,680.1530151367188,720.1220092773438,83.78224182128906
2026-05-06,286.99786376953125,67.1410140991211,103.1772689819336,430.9599914550781,313.4877624511719,694.2827758789062,730.1312866210938,84.41970825195312
2026-05-07,286.927978515625,66.24566650390625,101.28718566894531,431.67999267578125,304.8964538574219,693.4545288085938,727.8926391601562,83.99799346923828
2026-05-08,292.7974853515625,67.58869171142578,102.34051513671875,433.7699890136719,300.74517822265625,709.709716796875,733.9021606445312,84.41970825195312
2026-05-11,292.42779541015625,67.53894805908203,102.12393951416016,434.6499938964844,298.6545715332031,711.7652587890625,735.5736694335938,83.90972900390625
2026-05-12,294.54595947265625,65.47965240478516,101.53328704833984,432.92999267578125,303.5126953125,705.7282104492188,734.4593505859375,83.35071563720703
2026-05-13,298.6124572753906,66.86246490478516,102.21253967285156,430.5,298.9034729003906,713.1823120117188,738.5685424804688,83.16439056396484
2026-05-14,297.9530334472656,67.03158569335938,101.84830474853516,427.2099914550781,298.56500244140625,718.2514038085938,744.3989868164062,83.28207397460938
2026-05-15,299.9713134765625,64.73352813720703,100.13540649414062,417.2900085449219,296.4743957519531,707.4146728515625,735.4443969726562,82.04637908935547
2026-05-18,297.5833435058594,64.63404846191406,101.0607681274414,418.42999267578125,299.3813171386719,704.3711547851562,734.927001953125,81.94830322265625
2026-05-19,298.7123718261719,63.9277229309082,100.33229064941406,411.5,294.3738708496094,700.030517578125,730.0317993164062,81.4187240600586
2026-05-20,301.98956298828125,65.12151336669922,102.00581359863281,417.3999938964844,300.625732421875,711.6256713867188,737.5138549804688,82.29155731201172
2026-05-21,304.7271728515625,65.68856811523438,102.56693267822266,416.989990234375,301.6411437988281,712.9827270507812,738.9764404296875,82.5955810546875
2026-05-22,308.55389404296875,65.53933715820312,102.3602066040039,413.82000732421875,305.0059814453125,716.0062255859375,741.8817749023438,83.04670715332031
2026-05-26,308.0643005371094,68.04631042480469,103.4922866821289,414.0,305.3643493652344,728.7190551757812,746.8068237304688,83.4585952758789
2026-05-27,310.5821533203125,68.03636169433594,103.13789367675781,408.489990234375,297.93780517578125,727.8908081054688,746.677490234375,83.65474700927734
2026-05-28,312.24072265625,68.2552261352539,103.05914306640625,412.7699890136719,295.3992614746094,734.027587890625,750.7965698242188,84.08625793457031
2026-05-29,311.7911071777344,68.24527740478516,103.16743469238281,417.1199951171875,297.9676818847656,736.7318115234375,752.6671142578125,84.10587310791016
2026-06-01,306.0460510253906,69.7176284790039,102.81304168701172,411.260009765625,295.2499084472656,741.1524047851562,754.7167358398438,84.15116119384766
2026-06-02,314.92840576171875,70.43390655517578,103.38399505615234,411.95001220703125,299.6102600097656,744.5650024414062,755.7415771484375,84.32838439941406
2026-06-03,309.9926452636719,69.5584487915039,102.4980239868164,407.8699951171875,299.50079345703125,742.6192626953125,750.4384155273438,83.99363708496094
2026-06-04,310.9618225097656,68.74269104003906,103.3150863647461,411.2699890136719,309.4957580566406,739.0269165039062,753.2740478515625,84.18069458007812
2026-06-05,307.0751647949219,64.25601196289062,100.66699981689453,396.239990234375,310.9691162109375,703.5529174804688,733.83251953125,83.74748229980469
2026-06-08,301.2801818847656,65.4100112915039,101.27733612060547,397.2699890136719,309.7147521972656,714.5393676757812,735.4940795898438,83.31428527832031
2026-06-09,290.29962158203125,65.47965240478516,101.29702758789062,390.7799987792969,311.2976379394531,706.3169555664062,733.3350219726562,83.80656433105469
2026-06-10,291.3287353515625,64.32565307617188,99.98774719238281,374.5799865722656,307.75360107421875,692.2072143554688,721.7736206054688,83.57025909423828
2026-06-11,295.375244140625,67.15096282958984,103.09852600097656,386.32000732421875,312.0840759277344,715.5870971679688,734.04150390625,84.6532974243164
2026-06-12,290.879150390625,67.52899932861328,103.38399505615234,386.5400085449219,319.28167724609375,719.798095703125,738.0113525390625,84.446533203125
2026-06-15,296.1645812988281,69.75,104.08000183105469,396.54998779296875,317.96759033203125,742.40966796875,751.0254516601562,84.39730834960938
2026-06-16,298.9821472167969,68.63999938964844,104.30999755859375,397.6300048828125,329.6549377441406,728.2998657226562,746.5481567382812,84.86005401611328
2026-06-17,295.6949768066406,68.55999755859375,103.77999877929688,388.6000061035156,331.9645080566406,720.965576171875,737.225341796875,84.99789428710938
2026-06-18,297.7532043457031,70.79000091552734,104.41000366210938,387.1199951171875,323.761474609375,739.0369262695312,744.8902587890625,85.41141510009766
2026-06-22,296.75408935546875,71.20999908447266,104.58000183105469,384.5899963378906,329.993408203125,737.1818237304688,742.546142578125,84.7615966796875
2026-06-23,294.04638671875,67.16999816894531,102.45999908447266,377.32000732421875,332.6414794921875,712.9071655273438,731.7628784179688,84.8698959350586
2026-06-24,292.8274230957031,67.25,102.26000213623047,365.9200134277344,331.95458984375,709.8803100585938,731.4237060546875,86.03169250488281
2026-06-25,274.91290283203125,67.95999908447266,103.1500015258789,369.4599914550781,333.6170654296875,715.63427734375,732.4810791015625,86.00215911865234
2026-06-26,283.53546142578125,67.19000244140625,102.54000091552734,373.6300048828125,327.57427978515625,705.7846069335938,727.1842651367188,86.01200866699219
2026-06-29,281.4972229003906,67.43000030517578,103.44999694824219,368.5799865722656,327.91278076171875,723.3262939453125,739.1644897460938,86.1006088256836
2026-06-30,289.11065673828125,68.41000366210938,103.87999725341797,368.3800048828125,325.86199951171875,735.6334838867188,744.9202270507812,85.08650207519531
2026-07-01,294.1263427734375,66.4800033569336,103.0199966430664,370.6000061035156,332.5718078613281,724.4151000976562,743.9127197265625,84.51136016845703
2026-07-02,308.3640441894531,65.69999694824219,104.37000274658203,378.1300048828125,332.9700012207031,711.8582153320312,742.9351806640625,84.50148010253906
2026-07-06,312.3905944824219,67.56999969482422,105.45999908447266,382.1300048828125,337.7200012207031,722.067626953125,749.4190673828125,84.44219207763672
2026-07-07,310.3923034667969,65.72000122070312,104.16000366210938,377.489990234375,339.2200012207031,708.6915283203125,745.85791015625,83.55281066894531
2026-07-08,313.1199645996094,66.2300033569336,103.36000061035156,374.45001220703125,330.6199951171875,710.699462890625,743.5536499023438,83.36505126953125
2026-07-09,315.947509765625,66.77999877929688,103.91999816894531,378.17999267578125,335.4700012207031,722.5271606445312,749.8480224609375,83.49352264404297
2026-07-10,315.0483093261719,66.9000015258789,104.33000183105469,377.010009765625,336.4700012207031,724.7548217773438,753.0799560546875,83.4737548828125
2026-07-13,317.03656005859375,64.5,103.23999786376953,367.1300048828125,334.5299987792969,710.9990844726562,747.3142700195312,82.97965240478516
2026-07-14,314.58868408203125,65.66999816894531,103.95999908447266,372.1499938964844,342.8900146484375,718.9408569335938,749.9677124023438,83.0883560180664
2026-07-15,327.2178039550781,65.56999969482422,104.6500015258789,372.3500061035156,346.9100036621094,716.9928588867188,752.9403076171875,83.24646759033203
2026-07-16,332.97283935546875,64.19000244140625,103.80999755859375,364.9599914550781,343.1499938964844,705.2051391601562,748.8604125976562,83.2168197631836
2026-07-17,333.452392578125,63.290000915527344,103.33000183105469,368.4100036621094,341.1000061035156,694.606201171875,741.4487915039062,83.52316284179688
2026-07-20,326.3085632324219,63.560001373291016,102.56999969482422,367.6000061035156,338.8699951171875,695.33544921875,740.2518310546875,82.90059661865234
2026-07-21,327.45758056640625,65.33999633789062,104.05999755859375,374.80999755859375,345.2300109863281,708.2319946289062,746.426513671875,82.6733169555664
2026-07-22,325.60919189453125,64.98999786376953,104.25,379.1199951171875,348.2099914550781,704.61572265625,745.55859375,82.45590209960938
2026-07-23,321.3828430175781,64.5999984741211,102.9000015258789,371.5199890136719,349.8999938964844,691.23974609375,736.3515014648438,82.18907928466797
2026-07-24,332.7330322265625,63.33000183105469,103.41000366210938,371.8999938964844,353.2099914550781,683.5177612304688,737.099609375,82.26813507080078
2026-07-27,336.61968994140625,63.619998931884766,103.91000366210938,374.6300048828125,356.20001220703125,681.4099731445312,737.25927734375,82.76224517822266
2026-07-28,339.78692626953125,62.36000061035156,103.88999938964844,369.3699951171875,357.30999755859375,674.786865234375,739.0248413085938,83.24646759033203
2026-07-29,337.8985900878906,61.06999969482422,103.37000274658203,371.0799865722656,344.7099914550781,661.0411376953125,727.6531372070312,81.87285614013672
2026-07-30,333.1426696777344,63.59000015258789,106.23999786376953,377.1600036621094,350.8500061035156,682.8384399414062,739.852783203125,81.82344818115234
2026-07-31,308.6438293457031,64.08999633789062,105.58000183105469,371.5400085449219,351.7900085449219,687.2738647460938,745.1796264648438,81.2799301147461
2026-08-03,303.1585693359375,64.31999969482422,106.0199966430664,371.7099914550781,352.6400146484375,699.34130859375,755.793212890625,81.5478286743164
2026-08-04,309.1134033203125,66.0,107.31999969482422,374.1600036621094,357.5199890136719,723.0964965820312,769.4193725585938,82.17290496826172
2026-08-05,310.7320251464844,65.72000122070312,107.43000030517578,389.6400146484375,359.239990234375,716.5533447265625,767.8831787109375,82.35149383544922
2026-08-06,312.14080810546875,65.0199966430664,107.36000061035156,389.6700134277344,356.29998779296875,713.9061279296875,766.65625,81.875244140625
2026-08-07,313.05999755859375,65.63999938964844,108.55000305175781,398.4700012207031,357.5199890136719,722.2774047851562,771.3446044921875,82.11337280273438
2026-08-10,308.260009765625,65.16999816894531,108.01000213623047,402.5400085449219,359.7900085449219,720.11962890625,771.1151733398438,81.41883850097656
2026-08-11,304.9100036621094,65.43000030517578,108.08999633789062,400.9599914550781,362.0400085449219,717.7021484375,768.6513061523438,81.5478286743164
2026-08-12,302.25,66.45999908447266,108.5,404.9200134277344,365.17999267578125,722.9467163085938,770.5764770507812,81.46845245361328
2026-08-13,305.260009765625,66.68000030517578,108.69000244140625,398.9599914550781,363.1099853515625,731.3079833984375,775.9531860351562,81.94469451904297
2026-08-14,305.92999267578125,66.61000061035156,108.63999938964844,401.4800109863281,362.8399963378906,730.3090209960938,774.4169921875,81.39899444580078
2026-08-17,305.5899963378906,67.31999969482422,108.44999694824219,405.489990234375,360.9599914550781,729.1102294921875,770.7560424804688,80.71439361572266
2026-08-18,310.0299987792969,65.33999633789062,107.2699966430664,398.54998779296875,363.25,716.7631225585938,765.5490112304688,81.02197265625
2026-08-19,316.8299865722656,66.11000061035156,107.66000366210938,413.8399963378906,357.260009765625,715.3345947265625,767.1549682617188,82.371337890625
2026-08-20,311.29998779296875,66.62000274658203,107.3499984741211,415.260009765625,351.54998779296875,710.18994140625,760.7109985351562,81.69664764404297
2026-08-21,309.3500061035156,67.12000274658203,108.23999786376953,423.3599853515625,351.5799865722656,712.6973876953125,763.8232421875,81.40892028808594
2026-08-24,310.3399963378906,66.11000061035156,108.02999877929688,426.69000244140625,356.3900146484375,705.5847778320312,761.5787963867188,81.91493225097656
2026-08-25,309.8999938964844,67.25,108.80999755859375,428.07000732421875,356.69000244140625,709.9801635742188,764.0127563476562,82.81782531738281
2026-08-26,313.45001220703125,67.16999816894531,108.2699966430664,421.32000732421875,356.5,710.6295166015625,764.182373046875,82.64915466308594
2026-08-27,314.5799865722656,67.61000061035156,108.0199966430664,422.6000061035156,354.2200012207031,720.359375,769.18994140625,82.48047637939453
2026-08-28,319.70001220703125,67.13999938964844,107.72000122070312,408.8900146484375,357.6199951171875,715.6842651367188,767.4442749023438,82.23242950439453
2026-08-31,316.8500061035156,67.0199966430664,107.44999694824219,408.4200134277344,356.0199890136719,716.013916015625,765.1499633789062,81.875244140625
2026-09-01,325.1300048828125,66.7699966430664,106.48999786376953,396.75,354.95001220703125,706.9033813476562,759.89306640625,81.54159545898438
2026-09-02,324.9599914550781,67.1500015258789,107.05999755859375,402.7799987792969,356.2200012207031,708.501708984375,763.2646484375,81.62126922607422
2026-09-03,328.2099914550781,67.47000122070312,108.20999908447266,410.2200012207031,362.05999755859375,716.9229125976562,771.2548217773438,81.74079132080078
2026-09-04,319.9700012207031,68.69999694824219,108.3499984741211,406.7699890136719,358.6400146484375,718.2116088867188,768.2822265625,81.8802261352539
2026-09-08,316.2200012207031,68.83000183105469,107.76000213623047,399.7200012207031,353.510009765625,717.6122436523438,764.0626831054688,81.8702621459961
2026-09-09,315.3399963378906,68.4800033569336,106.55999755859375,403.3500061035156,354.7099914550781,715.5643920898438,760.5115356445312,81.40216064453125
2026-09-10,326.57000732421875,67.0,105.66000366210938,396.3599853515625,353.55999755859375,707.9523315429688,755.9528198242188,80.45596313476562
2026-09-11,332.2699890136719,67.83999633789062,106.69999694824219,398.7699890136719,356.2300109863281,714.1358642578125,762.3967895507812,80.54560852050781
2026-09-14,333.0799865722656,65.98999786376953,105.8499984741211,392.8399963378906,350.1300048828125,708.4417724609375,758.9952392578125,80.60536193847656
2026-09-15,331.3399963378906,65.76000213623047,105.4000015258789,394.1499938964844,352.489990234375,703.8065795898438,755.513916015625,80.38624572753906
2026-09-16,332.4100036621094,65.72000122070312,105.0199966430664,391.739990234375,348.9200134277344,703.9863891601562,752.1821899414062,80.55555725097656
2026-09-17,337.0,66.91000366210938,106.04000091552734,398.3599853515625,349.30999755859375,716.1737060546875,760.7109985351562,81.45195007324219
2026-09-18,336.1300048828125,67.02999877929688,104.97000122070312,401.1700134277344,349.6700134277344,720.6990356445312,761.6900024414062,80.92407989501953
2026-09-21,338.9800109863281,68.83000183105469,106.12999725341797,398.3800048828125,352.0400085449219,741.469970703125,773.5,81.47187805175781
2026-09-22,339.75,69.0999984741211,106.5,400.07000732421875,340.0,747.4600219726562,773.3800048828125,81.42207336425781
2026-09-23,337.0199890136719,67.70999908447266,104.80000305175781,392.8800048828125,337.5299987792969,741.2100219726562,767.8099975585938,80.13724517822266
2026-09-24,335.9200134277344,67.25,104.5,391.69000244140625,338.55999755859375,741.0999755859375,767.1799926757812,79.1014175415039
2026-09-25,341.07000732421875,67.9800033569336,105.55999755859375,393.4100036621094,343.05999755859375,744.5,771.3499755859375,79.00182342529297
2026-09-28,338.3999938964844,67.19999694824219,105.04000091552734,377.9100036621094,336.5899963378906,736.530029296875,765.6099853515625,78.30463409423828
2026-09-29,329.3999938964844,67.4000015258789,104.54000091552734,382.8900146484375,334.9800109863281,737.9299926757812,764.2000122070312,77.91619873046875
2026-09-30,333.0199890136719,66.79000091552734,103.88999938964844,380.8399963378906,330.8299865722656,739.77001953125,762.6300048828125,77.4679946899414
2026-10-01,330.32000732421875,66.80999755859375,102.81999969482422,382.760009765625,333.17999267578125,742.030029296875,763.989990234375,77.70999908447266
2026-10-02,333.69000244140625,67.66999816894531,103.95999908447266,380.1400146484375,332.3800048828125,749.5800170898438,769.6400146484375,77.4800033569336
